frame,x,y,z,qx,qy,qz,qw,pitch,yaw,roll,focal,focus,aperture,sx,sy,sz
0.7166,-272.1086,1.1677,114.0746,0.00032833,-0.08500414,0.00384851,0.99637311,9.75260,0.44261,-0.00000,35.00000,276.1472,2.8000,0.1392,3.1581,161.3029
0.9666,-272.0922,1.1346,114.0898,0.00032812,-0.08501637,0.00384548,0.99637208,9.75401,0.44226,-0.00000,35.00000,276.3455,2.8000,0.2206,3.2097,161.4374
1.2166,-272.0697,1.1116,114.1094,0.00032816,-0.08503141,0.00384532,0.99637080,9.75574,0.44224,-0.00000,35.00000,276.4364,2.8000,0.3204,3.2713,161.5316
1.4666,-272.0380,1.0968,114.1312,0.00032846,-0.08504793,0.00384803,0.99636938,9.75763,0.44256,-0.00000,35.00000,276.5290,2.8000,0.4338,3.3341,161.6193
1.7166,-271.9962,1.0894,114.1547,0.00032898,-0.08506563,0.00385332,0.99636785,9.75967,0.44317,0.00000,35.00000,276.6237,2.8000,0.5600,3.3964,161.7066
1.9666,-271.9442,1.0886,114.1798,0.00032970,-0.08508442,0.00386087,0.99636621,9.76183,0.44403,-0.00000,35.00000,276.7205,2.8000,0.6988,3.4583,161.7936
2.2166,-271.8820,1.0934,114.2063,0.00033059,-0.08510421,0.00387039,0.99636448,9.76411,0.44513,0.00000,35.00000,276.8192,2.8000,0.8490,3.5743,161.7682
2.4666,-271.8098,1.1063,114.2296,0.00033179,-0.08512177,0.00388359,0.99636293,9.76613,0.44665,-0.00000,35.00000,276.9010,2.8000,1.0107,3.6971,161.7250
2.7166,-271.7275,1.1268,114.2492,0.00033328,-0.08513671,0.00390037,0.99636159,9.76785,0.44858,0.00000,35.00000,276.9819,2.8000,1.1842,3.8183,161.6812
2.9666,-271.6346,1.1536,114.2652,0.00033503,-0.08514916,0.00392033,0.99636045,9.76928,0.45088,0.00000,35.00000,277.0644,2.8000,1.3694,3.9379,161.6370
3.2166,-271.5311,1.1855,114.2781,0.00033702,-0.08515923,0.00394317,0.99635950,9.77044,0.45350,-0.00000,35.00000,277.1481,2.8000,1.5599,4.0848,161.4987
3.4666,-271.4172,1.2248,114.2835,0.00033930,-0.08516444,0.00396957,0.99635894,9.77104,0.45654,0.00000,35.00000,277.2125,2.8000,1.7610,4.2343,161.3455
3.7166,-271.2928,1.2703,114.2813,0.00034185,-0.08516465,0.00399933,0.99635881,9.77106,0.45996,-0.00000,35.00000,277.2755,2.8000,1.9736,4.3817,161.1919
3.9666,-271.1574,1.3209,114.2726,0.00034463,-0.08516013,0.00403210,0.99635906,9.77055,0.46373,-0.00000,35.00000,277.3399,2.8000,2.1976,4.5270,161.0379
4.2166,-271.0145,1.3751,114.2582,0.00034763,-0.08515110,0.00406760,0.99635969,9.76951,0.46781,0.00000,35.00000,277.4092,2.8000,2.4419,4.6207,160.8760
4.4666,-270.8613,1.4330,114.2362,0.00035065,-0.08513758,0.00410367,0.99636069,9.76796,0.47196,-0.00000,35.00000,277.4877,2.8000,2.6996,4.7064,160.7128
4.7167,-270.6972,1.4907,114.2075,0.00035368,-0.08511980,0.00414002,0.99636206,9.76591,0.47614,0.00000,35.00000,277.5693,2.8000,2.9692,4.7921,160.5496
4.9667,-270.5219,1.5428,114.1733,0.00035674,-0.08509797,0.00417683,0.99636377,9.76340,0.48037,-0.00000,35.00000,277.6528,2.8000,3.2507,4.8775,160.3862
5.2167,-270.3354,1.5893,114.1346,0.00035983,-0.08507231,0.00421431,0.99636580,9.76045,0.48468,-0.00000,35.00000,277.7376,2.8000,3.5854,5.0025,160.2003
5.4667,-270.1388,1.6278,114.0863,0.00036311,-0.08504227,0.00425421,0.99636820,9.75700,0.48927,-0.00000,35.00000,277.8631,2.8000,3.9379,5.1338,160.0105
5.7167,-269.9320,1.6587,114.0292,0.00036661,-0.08500805,0.00429700,0.99637093,9.75307,0.49419,-0.00000,35.00000,277.9971,2.8000,4.3020,5.2652,159.8204
5.9667,-269.7148,1.6827,113.9651,0.00037036,-0.08496991,0.00434287,0.99637398,9.74868,0.49946,-0.00000,35.00000,278.1334,2.8000,4.6775,5.3968,159.6298
6.2167,-269.4872,1.7030,113.8955,0.00037435,-0.08492805,0.00439192,0.99637734,9.74387,0.50510,-0.00000,35.00000,278.2716,2.8000,5.0750,5.5216,159.4431
6.4667,-269.2485,1.7156,113.8170,0.00037860,-0.08488287,0.00444410,0.99638095,9.73868,0.51110,-0.00000,35.00000,278.4228,2.8000,5.4854,5.6454,159.2566
6.7167,-268.9986,1.7206,113.7301,0.00038311,-0.08483467,0.00449958,0.99638481,9.73314,0.51748,0.00000,35.00000,278.5771,2.8000,5.9068,5.7695,159.0697
6.9667,-268.7375,1.7188,113.6364,0.00038789,-0.08478370,0.00455855,0.99638888,9.72728,0.52426,-0.00000,35.00000,278.7324,2.8000,6.3393,5.8938,158.8825
7.2167,-268.4651,1.7171,113.5371,0.00039295,-0.08473015,0.00462095,0.99639314,9.72112,0.53143,0.00000,35.00000,278.8883,2.8000,6.7535,5.9071,158.6976
7.4667,-268.1828,1.7113,113.4324,0.00039794,-0.08467445,0.00468269,0.99639759,9.71472,0.53853,0.00000,35.00000,279.0168,2.8000,7.1742,5.9036,158.5126
7.7167,-267.8906,1.6998,113.3233,0.00040282,-0.08461677,0.00474337,0.99640220,9.70809,0.54551,-0.00000,35.00000,279.1425,2.8000,7.6058,5.9006,158.3271
7.9667,-267.5884,1.6832,113.2108,0.00040761,-0.08455724,0.00480323,0.99640696,9.70124,0.55239,-0.00000,35.00000,279.2697,2.8000,8.0482,5.8979,158.1411
8.2167,-267.2762,1.6618,113.0959,0.00041234,-0.08449593,0.00486246,0.99641187,9.69420,0.55920,0.00000,35.00000,279.3980,2.8000,8.4867,5.7994,158.0263
8.4667,-266.9545,1.6336,112.9816,0.00041672,-0.08443503,0.00491776,0.99641676,9.68719,0.56556,0.00000,35.00000,279.5240,2.8000,8.9340,5.6864,157.9218
8.7167,-266.6245,1.6032,112.8686,0.00042074,-0.08437477,0.00496874,0.99642161,9.68027,0.57142,0.00000,35.00000,279.6519,2.8000,9.3924,5.5736,157.8166
8.9667,-266.2879,1.5711,112.7575,0.00042440,-0.08431506,0.00501556,0.99642643,9.67340,0.57680,0.00000,35.00000,279.7836,2.8000,9.8618,5.4611,157.7107
9.2167,-265.9443,1.5374,112.6482,0.00042772,-0.08425578,0.00505838,0.99643123,9.66659,0.58172,-0.00000,35.00000,279.9189,2.8000,10.3556,5.3540,157.7551
9.4667,-265.5911,1.5034,112.5486,0.00043075,-0.08420099,0.00509750,0.99643566,9.66029,0.58621,-0.00000,35.00000,280.0923,2.8000,10.8624,5.2477,157.8224
9.7167,-265.2281,1.4693,112.4592,0.00043349,-0.08415093,0.00513301,0.99643970,9.65453,0.59030,-0.00000,35.00000,280.2709,2.8000,11.3800,5.1417,157.8894
9.9667,-264.8550,1.4352,112.3796,0.00043596,-0.08410525,0.00516501,0.99644339,9.64928,0.59397,-0.00000,35.00000,280.4484,2.8000,11.9084,5.0358,157.9562
10.2167,-264.4718,1.4014,112.3091,0.00043815,-0.08406359,0.00519358,0.99644676,9.64449,0.59726,-0.00000,35.00000,280.6248,2.8000,12.4213,4.9910,158.0523
10.4667,-264.0796,1.3683,112.2543,0.00044027,-0.08402638,0.00522104,0.99644976,9.64021,0.60041,-0.00000,35.00000,280.7799,2.8000,12.9409,4.9558,158.1527
10.7167,-263.6784,1.3364,112.2154,0.00044234,-0.08399322,0.00524775,0.99645241,9.63640,0.60348,-0.00000,35.00000,280.9308,2.8000,13.4711,4.9210,158.2529
10.9667,-263.2680,1.3054,112.1913,0.00044437,-0.08396360,0.00527369,0.99645477,9.63300,0.60646,0.00000,35.00000,281.0807,2.8000,14.0120,4.8864,158.3528
11.2167,-262.8483,1.2755,112.1810,0.00044635,-0.08393704,0.00529885,0.99645687,9.62994,0.60936,-0.00000,35.00000,281.2293,2.8000,14.5625,4.8778,158.4811
11.4667,-262.4186,1.2490,112.1904,0.00044835,-0.08391374,0.00532409,0.99645870,9.62726,0.61226,-0.00000,35.00000,281.3792,2.8000,15.1235,4.8733,158.6137
11.7167,-261.9788,1.2261,112.2192,0.00045037,-0.08389319,0.00534943,0.99646029,9.62490,0.61517,-0.00000,35.00000,281.5269,2.8000,15.6951,4.8691,158.7461
11.9668,-261.5288,1.2065,112.2659,0.00045241,-0.08387484,0.00537474,0.99646170,9.62279,0.61808,0.00000,35.00000,281.6718,2.8000,16.2771,4.8652,158.8784
12.2168,-261.0686,1.1899,112.3291,0.00045444,-0.08385815,0.00539994,0.99646297,9.62088,0.62098,0.00000,35.00000,281.8141,2.8000,16.8489,4.8903,159.1290
12.4668,-260.5976,1.1772,112.4018,0.00045656,-0.08384636,0.00542596,0.99646382,9.61952,0.62397,-0.00000,35.00000,281.9543,2.8000,17.4290,4.9187,159.3976
12.7168,-260.1161,1.1684,112.4827,0.00045878,-0.08383966,0.00545277,0.99646423,9.61875,0.62705,-0.00000,35.00000,282.0937,2.8000,18.0207,4.9460,159.6660
12.9668,-259.6241,1.1633,112.5708,0.00046107,-0.08383776,0.00548016,0.99646424,9.61854,0.63020,-0.00000,35.00000,282.2328,2.8000,18.6238,4.9721,159.9342
13.2168,-259.1214,1.1616,112.6637,0.00046343,-0.08384041,0.00550795,0.99646386,9.61884,0.63340,0.00000,35.00000,282.3718,2.8000,19.2299,4.9954,160.2051
13.4668,-258.6084,1.1637,112.7599,0.00046582,-0.08384757,0.00553590,0.99646311,9.61967,0.63661,-0.00000,35.00000,282.5033,2.8000,19.8465,5.0166,160.4759
13.7168,-258.0851,1.1697,112.8570,0.00046823,-0.08385911,0.00556377,0.99646198,9.62100,0.63982,-0.00000,35.00000,282.6346,2.8000,20.4747,5.0359,160.7464
13.9668,-257.5514,1.1793,112.9552,0.00047064,-0.08387493,0.00559137,0.99646049,9.62282,0.64299,-0.00000,35.00000,282.7669,2.8000,21.1146,5.0533,161.0163
14.2168,-257.0072,1.1924,113.0555,0.00047304,-0.08389485,0.00561849,0.99645866,9.62511,0.64611,-0.00000,35.00000,282.8999,2.8000,21.7705,5.0511,161.1736
14.4668,-256.4543,1.2096,113.1559,0.00047533,-0.08391552,0.00564428,0.99645677,9.62749,0.64908,0.00000,35.00000,283.0208,2.8000,22.4370,5.0458,161.3132
14.7168,-255.8924,1.2308,113.2568,0.00047749,-0.08393640,0.00566849,0.99645488,9.62989,0.65187,0.00000,35.00000,283.1402,2.8000,23.1133,5.0403,161.4525
14.9668,-255.3216,1.2558,113.3556,0.00047950,-0.08395753,0.00569101,0.99645297,9.63232,0.65446,0.00000,35.00000,283.2605,2.8000,23.7992,5.0344,161.5914
15.2168,-254.7415,1.2843,113.4516,0.00048137,-0.08397897,0.00571173,0.99645104,9.63479,0.65684,-0.00000,35.00000,283.3816,2.8000,24.4986,5.0280,161.6265
15.4668,-254.1554,1.3160,113.5407,0.00048307,-0.08399788,0.00573055,0.99644934,9.63696,0.65901,-0.00000,35.00000,283.4937,2.8000,25.2084,5.0212,161.6454
15.7168,-253.5632,1.3507,113.6234,0.00048458,-0.08401402,0.00574739,0.99644788,9.63882,0.66094,0.00000,35.00000,283.6083,2.8000,25.9279,5.0142,161.6642
15.9668,-252.9647,1.3882,113.7007,0.00048591,-0.08402756,0.00576218,0.99644665,9.64038,0.66264,0.00000,35.00000,283.7271,2.8000,26.6573,5.0070,161.6827
16.2168,-252.3595,1.4285,113.7736,0.00048704,-0.08403865,0.00577484,0.99644564,9.64165,0.66410,-0.00000,35.00000,283.8495,2.8000,27.3931,5.0055,161.6491
16.4668,-251.7481,1.4709,113.8349,0.00048799,-0.08404617,0.00578555,0.99644495,9.64252,0.66533,-0.00000,35.00000,283.9655,2.8000,28.1382,5.0048,161.6075
16.7168,-251.1302,1.5153,113.8849,0.00048875,-0.08405026,0.00579432,0.99644455,9.64299,0.66634,0.00000,35.00000,284.0846,2.8000,28.8930,5.0042,161.5658
16.9668,-250.5056,1.5614,113.9256,0.00048933,-0.08405123,0.00580112,0.99644443,9.64310,0.66712,-0.00000,35.00000,284.2081,2.8000,29.6574,5.0035,161.5239
17.2168,-249.8741,1.6088,113.9586,0.00048973,-0.08404934,0.00580594,0.99644456,9.64288,0.66768,0.00000,35.00000,284.3356,2.8000,30.4202,5.0146,161.3109
17.4668,-249.2335,1.6502,113.9735,0.00048997,-0.08404029,0.00580950,0.99644530,9.64184,0.66809,-0.00000,35.00000,284.4269,2.8000,31.1909,5.0276,161.0717
17.7168,-248.5831,1.6830,113.9713,0.00049010,-0.08402396,0.00581219,0.99644666,9.63997,0.66840,0.00000,35.00000,284.5150,2.8000,31.9711,5.0408,160.8323
17.9668,-247.9230,1.7072,113.9554,0.00049015,-0.08400085,0.00581437,0.99644860,9.63731,0.66864,-0.00000,35.00000,284.6053,2.8000,32.7607,5.0541,160.5929
18.2168,-247.2534,1.7232,113.9288,0.00049015,-0.08397140,0.00581635,0.99645107,9.63392,0.66887,-0.00000,35.00000,284.6972,2.8000,33.5569,5.0879,160.3397
18.4668,-246.5757,1.7326,113.8885,0.00049017,-0.08393572,0.00581914,0.99645406,9.62982,0.66919,-0.00000,35.00000,284.7880,2.8000,34.3622,5.1249,160.0844
18.7168,-245.8900,1.7359,113.8360,0.00049026,-0.08389419,0.00582306,0.99645753,9.62504,0.66964,0.00000,35.00000,284.8817,2.8000,35.1772,5.1618,159.8289
18.9668,-245.1962,1.7329,113.7738,0.00049042,-0.08384719,0.00582830,0.99646146,9.61964,0.67024,0.00000,35.00000,284.9786,2.8000,36.0017,5.1986,159.5734
19.2169,-244.4943,1.7239,113.7039,0.00049068,-0.08379502,0.00583507,0.99646581,9.61364,0.67101,-0.00000,35.00000,285.0783,2.8000,36.8228,5.2350,159.3787
19.4669,-243.7837,1.7101,113.6283,0.00049107,-0.08373974,0.00584350,0.99647041,9.60728,0.67198,-0.00000,35.00000,285.1772,2.8000,37.6517,5.2712,159.1932
19.7169,-243.0643,1.6918,113.5485,0.00049158,-0.08368178,0.00585369,0.99647521,9.60062,0.67315,-0.00000,35.00000,285.2773,2.8000,38.4903,5.3075,159.0076
19.9669,-242.3361,1.6691,113.4656,0.00049224,-0.08362130,0.00586579,0.99648022,9.59366,0.67454,-0.00000,35.00000,285.3789,2.8000,39.3385,5.3437,158.8219
20.2169,-241.5991,1.6420,113.3804,0.00049305,-0.08355837,0.00587991,0.99648542,9.58643,0.67616,-0.00000,35.00000,285.4817,2.8000,40.1800,5.2754,158.6887
20.4669,-240.8509,1.6142,113.2957,0.00049370,-0.08349463,0.00589220,0.99649068,9.57910,0.67757,0.00000,35.00000,285.5743,2.8000,41.0279,5.1914,158.5633
20.7169,-240.0915,1.5904,113.2123,0.00049414,-0.08343030,0.00590198,0.99649601,9.57170,0.67869,-0.00000,35.00000,285.6629,2.8000,41.8846,5.1076,158.4376
20.9669,-239.3211,1.5703,113.1307,0.00049435,-0.08336535,0.00590917,0.99650141,9.56423,0.67951,0.00000,35.00000,285.7490,2.8000,42.7502,5.0240,158.3116
21.2169,-238.5398,1.5535,113.0512,0.00049434,-0.08329972,0.00591373,0.99650687,9.55669,0.68003,-0.00000,35.00000,285.8324,2.8000,43.6039,4.8895,158.2461
21.4669,-237.7464,1.5375,112.9751,0.00049396,-0.08323518,0.00591382,0.99651226,9.54927,0.68004,-0.00000,35.00000,285.9012,2.8000,44.4632,4.7475,158.1892
21.7169,-236.9411,1.5317,112.9026,0.00049317,-0.08317189,0.00590888,0.99651758,9.54199,0.67947,-0.00000,35.00000,285.9643,2.8000,45.3311,4.6055,158.1317
21.9669,-236.1242,1.5353,112.8336,0.00049195,-0.08310971,0.00589869,0.99652282,9.53484,0.67829,-0.00000,35.00000,286.0237,2.8000,46.2076,4.4638,158.0736
22.2169,-235.2959,1.5475,112.7682,0.00049028,-0.08304852,0.00588305,0.99652802,9.52780,0.67649,-0.00000,35.00000,286.0794,2.8000,47.0873,4.3382,158.0579
22.4669,-234.4615,1.5645,112.7073,0.00048822,-0.08298941,0.00586249,0.99653307,9.52100,0.67412,-0.00000,35.00000,286.1386,2.8000,47.9748,4.2152,158.0483
22.7169,-233.6217,1.5855,112.6509,0.00048576,-0.08293237,0.00583706,0.99653796,9.51444,0.67119,0.00000,35.00000,286.2003,2.8000,48.8707,4.0923,158.0384
22.9669,-232.7762,1.6102,112.5987,0.00048292,-0.08287723,0.00580674,0.99654273,9.50810,0.66770,-0.00000,35.00000,286.2639,2.8000,49.7751,3.9694,158.0281
23.2169,-231.9249,1.6383,112.5507,0.00047967,-0.08282381,0.00577150,0.99654738,9.50195,0.66365,-0.00000,35.00000,286.3293,2.8000,50.6754,3.8941,158.1073
23.4669,-231.0661,1.6647,112.5091,0.00047621,-0.08277451,0.00573326,0.99655170,9.49628,0.65925,0.00000,35.00000,286.3975,2.8000,51.5824,3.8271,158.1996
23.7169,-230.1998,1.6890,112.4740,0.00047256,-0.08272945,0.00569245,0.99655567,9.49110,0.65455,-0.00000,35.00000,286.4659,2.8000,52.4979,3.7611,158.2915
23.9669,-229.3234,1.7113,112.4451,0.00046874,-0.08268838,0.00564926,0.99655933,9.48637,0.64959,-0.00000,35.00000,286.5317,2.8000,53.4217,3.6962,158.3827
24.2169,-228.4364,1.7319,112.4219,0.00046476,-0.08265105,0.00560382,0.99656269,9.48208,0.64436,-0.00000,35.00000,286.5942,2.8000,54.3548,3.6912,158.5651
24.4669,-227.5321,1.7448,112.4072,0.00046084,-0.08261979,0.00555867,0.99656553,9.47848,0.63916,0.00000,35.00000,286.6631,2.8000,55.2968,3.6971,158.7605
24.7169,-226.6104,1.7500,112.4010,0.00045703,-0.08259468,0.00551447,0.99656786,9.47559,0.63408,0.00000,35.00000,286.7244,2.8000,56.2475,3.7046,158.9550
24.9669,-225.6721,1.7483,112.4028,0.00045337,-0.08257538,0.00547152,0.99656970,9.47337,0.62914,-0.00000,35.00000,286.7765,2.8000,57.2068,3.7140,159.1486
25.2169,-224.7178,1.7403,112.4119,0.00044986,-0.08256161,0.00543010,0.99657107,9.47179,0.62438,-0.00000,35.00000,286.8200,2.8000,58.2335,3.7731,159.3111
25.4669,-223.7527,1.7257,112.4325,0.00044667,-0.08255177,0.00539222,0.99657209,9.47065,0.62002,-0.00000,35.00000,286.9128,2.8000,59.2770,3.8390,159.4686
25.7170,-222.7777,1.7052,112.4644,0.00044382,-0.08254532,0.00535826,0.99657281,9.46991,0.61612,-0.00000,35.00000,287.0097,2.8000,60.3282,3.9042,159.6258
25.9670,-221.7928,1.6791,112.5067,0.00044132,-0.08254188,0.00532831,0.99657325,9.46951,0.61267,0.00000,35.00000,287.1028,2.8000,61.3871,3.9687,159.7827
26.2170,-220.7981,1.6481,112.5588,0.00043918,-0.08254114,0.00530246,0.99657345,9.46943,0.60970,-0.00000,35.00000,287.1920,2.8000,62.5104,4.0615,159.9454
26.4670,-219.7917,1.6075,112.6152,0.00043749,-0.08254284,0.00528196,0.99657342,9.46962,0.60734,-0.00000,35.00000,287.3339,2.8000,63.6498,4.1584,160.1085
26.7170,-218.7735,1.5574,112.6754,0.00043629,-0.08254681,0.00526721,0.99657317,9.47008,0.60565,0.00000,35.00000,287.4795,2.8000,64.7966,4.2549,160.2711
26.9670,-217.7439,1.4987,112.7393,0.00043559,-0.08255292,0.00525838,0.99657271,9.47078,0.60463,-0.00000,35.00000,287.6204,2.8000,65.9507,4.3510,160.4332
27.2170,-216.7031,1.4320,112.8071,0.00043540,-0.08256102,0.00525562,0.99657206,9.47171,0.60432,-0.00000,35.00000,287.7568,2.8000,67.1245,4.4464,160.5721
27.4670,-215.6507,1.3556,112.8750,0.00043574,-0.08257038,0.00525912,0.99657126,9.47279,0.60472,-0.00000,35.00000,287.8975,2.8000,68.3076,4.5415,160.7072
27.7170,-214.5871,1.2749,112.9428,0.00043661,-0.08258087,0.00526890,0.99657034,9.47399,0.60584,-0.00000,35.00000,288.0356,2.8000,69.4981,4.6363,160.8417
27.9670,-213.5125,1.2051,113.0113,0.00043795,-0.08259246,0.00528440,0.99656930,9.47533,0.60763,0.00000,35.00000,288.1699,2.8000,70.6959,4.7309,160.9758
28.2170,-212.4274,1.1450,113.0810,0.00043974,-0.08260510,0.00530515,0.99656814,9.47678,0.61001,0.00000,35.00000,288.3005,2.8000,71.9107,4.8691,161.0432
28.4670,-211.3328,1.0965,113.1487,0.00044205,-0.08261690,0.00533220,0.99656702,9.47814,0.61312,-0.00000,35.00000,288.4282,2.8000,73.1334,5.0126,161.0998
28.7170,-210.2291,1.0587,113.2147,0.00044484,-0.08262762,0.00536522,0.99656595,9.47937,0.61692,0.00000,35.00000,288.5532,2.8000,74.3625,5.1545,161.1556
28.9670,-209.1166,1.0303,113.2798,0.00044808,-0.08263730,0.00540366,0.99656494,9.48049,0.62134,-0.00000,35.00000,288.6757,2.8000,75.5980,5.2948,161.2107
29.2170,-207.9954,1.0103,113.3449,0.00045173,-0.08264595,0.00544707,0.99656398,9.48148,0.62633,-0.00000,35.00000,288.7956,2.8000,76.8427,5.4659,161.1778
29.4670,-206.8681,1.0015,113.4071,0.00045582,-0.08265115,0.00549604,0.99656328,9.48209,0.63197,0.00000,35.00000,288.9048,2.8000,78.0933,5.6393,161.1305
29.7170,-205.7348,1.0031,113.4668,0.00046032,-0.08265265,0.00555015,0.99656286,9.48226,0.63819,-0.00000,35.00000,289.0119,2.8000,79.3491,5.8101,161.0822
29.9670,-204.5956,1.0138,113.5249,0.00046518,-0.08265051,0.00560888,0.99656270,9.48202,0.64494,-0.00000,35.00000,289.1182,2.8000,80.6103,5.9783,161.0330
30.2170,-203.4530,1.0322,113.5767,0.00047036,-0.08264495,0.00567175,0.99656280,9.48138,0.65217,-0.00000,35.00000,289.2272,2.8000,81.8419,6.0540,160.9268
30.4670,-202.3056,1.0623,113.6163,0.00047554,-0.08263492,0.00573491,0.99656327,9.48023,0.65943,0.00000,35.00000,289.2938,2.8000,83.0753,6.1162,160.8118
30.7170,-201.1529,1.1035,113.6449,0.00048064,-0.08262059,0.00579748,0.99656410,9.47859,0.66663,0.00000,35.00000,289.3570,2.8000,84.3160,6.1785,160.6967
30.9670,-199.9949,1.1543,113.6650,0.00048564,-0.08260227,0.00585911,0.99656525,9.47648,0.67371,0.00000,35.00000,289.4232,2.8000,85.5638,6.2411,160.5814
31.2170,-198.8313,1.2137,113.6787,0.00049052,-0.08258017,0.00591954,0.99656672,9.47395,0.68066,-0.00000,35.00000,289.4920,2.8000,86.8012,6.2813,160.4319
31.4670,-197.6616,1.2812,113.6791,0.00049518,-0.08255386,0.00597767,0.99656855,9.47093,0.68734,-0.00000,35.00000,289.5406,2.8000,88.0428,6.3176,160.2773
31.7170,-196.4853,1.3558,113.6680,0.00049959,-0.08252361,0.00603318,0.99657072,9.46745,0.69372,0.00000,35.00000,289.5878,2.8000,89.2910,6.3536,160.1227
31.9670,-195.3026,1.4363,113.6484,0.00050375,-0.08248972,0.00608588,0.99657321,9.46356,0.69978,0.00000,35.00000,289.6363,2.8000,90.5458,6.3892,159.9681
32.2170,-194.1133,1.5126,113.6230,0.00050767,-0.08245241,0.00613599,0.99657598,9.45927,0.70554,0.00000,35.00000,289.6859,2.8000,91.8290,6.4569,159.7977
32.4670,-192.9159,1.5762,113.5873,0.00051148,-0.08241150,0.00618514,0.99657906,9.45457,0.71119,-0.00000,35.00000,289.7550,2.8000,93.1211,6.5297,159.6247
32.7170,-191.7101,1.6282,113.5424,0.00051524,-0.08236723,0.00623398,0.99658242,9.44948,0.71680,-0.00000,35.00000,289.8260,2.8000,94.4186,6.6027,159.4516
32.9670,-190.4962,1.6808,113.4903,0.00051894,-0.08231986,0.00628248,0.99658602,9.44404,0.72238,-0.00000,35.00000,289.8954,2.8000,95.7215,6.6759,159.2783
33.2170,-189.2742,1.7403,113.4330,0.00052258,-0.08226961,0.00633043,0.99658987,9.43826,0.72789,-0.00000,35.00000,289.9629,2.8000,97.0654,6.7031,159.0581
33.4670,-188.0418,1.7997,113.3651,0.00052601,-0.08221537,0.00637615,0.99659405,9.43203,0.73314,-0.00000,35.00000,290.0540,2.8000,98.4203,6.7234,158.8307
33.7170,-186.7988,1.8581,113.2871,0.00052921,-0.08215729,0.00641948,0.99659856,9.42535,0.73812,0.00000,35.00000,290.1458,2.8000,99.7807,6.7439,158.6032
33.9670,-185.5456,1.9155,113.2007,0.00053219,-0.08209569,0.00646052,0.99660337,9.41827,0.74283,-0.00000,35.00000,290.2345,2.8000,101.1466,6.7647,158.3756
34.2171,-184.2825,1.9720,113.1071,0.00053496,-0.08203085,0.00649935,0.99660846,9.41082,0.74729,-0.00000,35.00000,290.3199,2.8000,102.5487,6.6907,158.1621
34.4671,-183.0072,2.0170,113.0041,0.00053729,-0.08196338,0.00653301,0.99661378,9.40306,0.75116,-0.00000,35.00000,290.4318,2.8000,103.9617,6.6023,157.9503
34.7171,-181.7197,2.0494,112.8926,0.00053917,-0.08189364,0.00656153,0.99661933,9.39505,0.75444,0.00000,35.00000,290.5439,2.8000,105.3809,6.5139,157.7382
34.9671,-180.4208,2.0704,112.7736,0.00054066,-0.08182189,0.00658546,0.99662506,9.38680,0.75718,-0.00000,35.00000,290.6522,2.8000,106.8061,6.4257,157.5257
35.2171,-179.1135,2.0809,112.6483,0.00054179,-0.08174833,0.00660526,0.99663097,9.37834,0.75945,0.00000,35.00000,290.7594,2.8000,108.2464,6.2984,157.4935
35.4671,-177.7975,2.0770,112.5261,0.00054254,-0.08167797,0.00662013,0.99663664,9.37025,0.76116,0.00000,35.00000,290.9012,2.8000,109.6939,6.1654,157.4883
35.7171,-176.4731,2.0593,112.4084,0.00054295,-0.08161139,0.00663048,0.99664202,9.36260,0.76235,0.00000,35.00000,291.0455,2.8000,111.1472,6.0326,157.4826
35.9671,-175.1405,2.0289,112.2952,0.00054305,-0.08154839,0.00663685,0.99664714,9.35535,0.76307,0.00000,35.00000,291.1866,2.8000,112.6063,5.9000,157.4766
36.2171,-173.7997,1.9866,112.1863,0.00054289,-0.08148878,0.00663979,0.99665199,9.34850,0.76341,-0.00000,35.00000,291.3248,2.8000,114.0586,5.7897,157.5128
36.4671,-172.4472,1.9276,112.0874,0.00054259,-0.08143351,0.00664077,0.99665651,9.34214,0.76352,-0.00000,35.00000,291.4503,2.8000,115.5145,5.6826,157.5553
36.7171,-171.0826,1.8685,111.9990,0.00054219,-0.08138240,0.00663995,0.99666069,9.33627,0.76342,-0.00000,35.00000,291.5667,2.8000,116.9757,5.5755,157.5976
36.9671,-169.7064,1.8101,111.9206,0.00054166,-0.08133513,0.00663735,0.99666456,9.33083,0.76312,-0.00000,35.00000,291.6751,2.8000,118.4421,5.4682,157.6397
37.2171,-168.3190,1.7524,111.8517,0.00054101,-0.08129140,0.00663299,0.99666816,9.32581,0.76261,0.00000,35.00000,291.7760,2.8000,119.8730,5.4163,157.7022
37.4671,-166.9270,1.6969,111.7981,0.00054040,-0.08125144,0.00662883,0.99667145,9.32121,0.76213,0.00000,35.00000,291.8388,2.8000,121.3029,5.3729,157.7676
37.7171,-165.5314,1.6436,111.7596,0.00053985,-0.08121489,0.00662509,0.99667445,9.31701,0.76170,-0.00000,35.00000,291.8949,2.8000,122.7377,5.3297,157.8327
37.9671,-164.1317,1.5926,111.7355,0.00053935,-0.08118127,0.00662168,0.99667721,9.31314,0.76131,-0.00000,35.00000,291.9495,2.8000,124.1775,5.2866,157.8977
38.2171,-162.7278,1.5438,111.7249,0.00053888,-0.08115014,0.00661853,0.99667977,9.30956,0.76094,-0.00000,35.00000,292.0025,2.8000,125.5512,5.2510,158.1057
38.4671,-161.3219,1.4989,111.7306,0.00053850,-0.08112533,0.00661579,0.99668181,9.30671,0.76063,-0.00000,35.00000,292.0088,2.8000,126.9190,5.2171,158.3350
38.7171,-159.9143,1.4580,111.7522,0.00053818,-0.08110690,0.00661338,0.99668332,9.30459,0.76035,0.00000,35.00000,292.0083,2.8000,128.2916,5.1841,158.5638
38.9671,-158.5046,1.4208,111.7884,0.00053791,-0.08109432,0.00661117,0.99668436,9.30314,0.76009,-0.00000,35.00000,292.0080,2.8000,129.6690,5.1518,158.7922
39.2171,-157.0925,1.3870,111.8381,0.00053769,-0.08108709,0.00660907,0.99668496,9.30231,0.75985,-0.00000,35.00000,292.0077,2.8000,131.0036,5.1089,159.1055
39.4671,-155.6782,1.3585,111.8993,0.00053749,-0.08108739,0.00660653,0.99668496,9.30235,0.75956,0.00000,35.00000,291.9746,2.8000,132.3359,5.0649,159.4307
39.7171,-154.2618,1.3354,111.9716,0.00053728,-0.08109513,0.00660333,0.99668435,9.30324,0.75919,-0.00000,35.00000,291.9372,2.8000,133.6734,5.0215,159.7550
39.9671,-152.8429,1.3174,112.0547,0.00053705,-0.08110986,0.00659932,0.99668317,9.30493,0.75873,0.00000,35.00000,291.9004,2.8000,135.0158,4.9788,160.0782
40.2171,-151.4213,1.3041,112.1483,0.00053679,-0.08113113,0.00659436,0.99668148,9.30738,0.75816,0.00000,35.00000,291.8638,2.8000,136.3973,4.9471,160.2510
40.4671,-149.9999,1.2966,112.2458,0.00053648,-0.08115432,0.00658866,0.99667963,9.31004,0.75751,-0.00000,35.00000,291.8412,2.8000,137.7891,4.9163,160.4010
40.7172,-148.5788,1.2951,112.3468,0.00053610,-0.08117861,0.00658203,0.99667769,9.31283,0.75675,0.00000,35.00000,291.8245,2.8000,139.1860,4.8848,160.5506
40.9672,-147.1573,1.2991,112.4519,0.00053564,-0.08120385,0.00657427,0.99667569,9.31574,0.75586,-0.00000,35.00000,291.8117,2.8000,140.5879,4.8524,160.6998
41.2172,-145.7349,1.3085,112.5589,0.00053507,-0.08122992,0.00656518,0.99667362,9.31873,0.75481,-0.00000,35.00000,291.8024,2.8000,142.0075,4.8263,160.8119
41.4672,-144.3124,1.3230,112.6620,0.00053440,-0.08125580,0.00655482,0.99667158,9.32171,0.75362,-0.00000,35.00000,291.8051,2.8000,143.4340,4.8003,160.9181
41.7172,-142.8895,1.3424,112.7613,0.00053360,-0.08128142,0.00654304,0.99666957,9.32465,0.75227,0.00000,35.00000,291.8138,2.8000,144.8654,4.7735,161.0241
41.9672,-141.4657,1.3667,112.8571,0.00053268,-0.08130684,0.00652966,0.99666759,9.32757,0.75074,0.00000,35.00000,291.8267,2.8000,146.3016,4.7458,161.1297
42.2172,-140.0407,1.3956,112.9497,0.00053161,-0.08133214,0.00651453,0.99666562,9.33048,0.74900,-0.00000,35.00000,291.8436,2.8000,147.7523,4.7325,161.1885
42.4672,-138.6154,1.4290,113.0374,0.00053042,-0.08135606,0.00649802,0.99666378,9.33323,0.74710,0.00000,35.00000,291.8677,2.8000,149.2088,4.7209,161.2400
42.7172,-137.1896,1.4667,113.1203,0.00052910,-0.08137855,0.00648006,0.99666206,9.33582,0.74504,-0.00000,35.00000,291.8968,2.8000,150.6698,4.7087,161.2913
42.9672,-135.7630,1.5087,113.1986,0.00052765,-0.08139973,0.00646052,0.99666046,9.33825,0.74279,-0.00000,35.00000,291.9299,2.8000,152.1351,4.6958,161.3425
43.2172,-134.3353,1.5548,113.2729,0.00052604,-0.08141972,0.00643925,0.99665896,9.34055,0.74035,-0.00000,35.00000,291.9668,2.8000,153.6173,4.7049,161.2623
43.4672,-132.9061,1.6040,113.3376,0.00052432,-0.08143506,0.00641696,0.99665785,9.34231,0.73779,-0.00000,35.00000,291.9992,2.8000,155.1057,4.7165,161.1622
43.7172,-131.4752,1.6559,113.3928,0.00052248,-0.08144550,0.00639367,0.99665715,9.34351,0.73511,-0.00000,35.00000,292.0344,2.8000,156.5986,4.7271,161.0621
43.9672,-130.0422,1.6989,113.4393,0.00052056,-0.08145138,0.00636967,0.99665683,9.34418,0.73235,-0.00000,35.00000,292.0734,2.8000,158.0958,4.7367,160.9619
44.2172,-128.6072,1.7327,113.4781,0.00051857,-0.08145295,0.00634527,0.99665685,9.34436,0.72954,0.00000,35.00000,292.1160,2.8000,159.6012,4.7629,160.7735
44.4672,-127.1703,1.7607,113.5036,0.00051658,-0.08144818,0.00632129,0.99665740,9.34381,0.72679,-0.00000,35.00000,292.1527,2.8000,161.1114,4.7910,160.5718
44.7172,-125.7313,1.7837,113.5169,0.00051461,-0.08143713,0.00629797,0.99665845,9.34254,0.72410,-0.00000,35.00000,292.1920,2.8000,162.6258,4.8183,160.3700
44.9672,-124.2900,1.8017,113.5202,0.00051266,-0.08142016,0.00627543,0.99665998,9.34059,0.72151,0.00000,35.00000,292.2349,2.8000,164.1443,4.8448,160.1683
45.2172,-122.8466,1.8151,113.5156,0.00051075,-0.08139760,0.00625379,0.99666196,9.33799,0.71902,-0.00000,35.00000,292.2811,2.8000,165.6533,4.8786,160.0123
45.4672,-121.4024,1.8255,113.5005,0.00050892,-0.08137115,0.00623343,0.99666425,9.33495,0.71668,-0.00000,35.00000,292.3262,2.8000,167.1643,4.9134,159.8632
45.7172,-119.9575,1.8328,113.4768,0.00050718,-0.08134132,0.00621444,0.99666680,9.33152,0.71449,-0.00000,35.00000,292.3752,2.8000,168.6792,4.9480,159.7142
45.9672,-118.5118,1.8367,113.4464,0.00050555,-0.08130833,0.00619692,0.99666960,9.32773,0.71248,0.00000,35.00000,292.4284,2.8000,170.1980,4.9824,159.5651
46.2172,-117.0650,1.8372,113.4114,0.00050402,-0.08127236,0.00618096,0.99667264,9.32359,0.71064,-0.00000,35.00000,292.4851,2.8000,171.7063,5.0143,159.4042
46.4672,-115.6178,1.8353,113.3683,0.00050260,-0.08123339,0.00616651,0.99667590,9.31911,0.70898,-0.00000,35.00000,292.5303,2.8000,173.2163,5.0457,159.2415
46.7172,-114.1700,1.8308,113.3185,0.00050129,-0.08119162,0.00615361,0.99667939,9.31430,0.70749,-0.00000,35.00000,292.5775,2.8000,174.7302,5.0769,159.0787
46.9672,-112.7214,1.8234,113.2637,0.00050009,-0.08114722,0.00614235,0.99668307,9.30920,0.70619,-0.00000,35.00000,292.6286,2.8000,176.2480,5.1080,158.9160
47.2172,-111.2718,1.8128,113.2060,0.00049902,-0.08110029,0.00613278,0.99668695,9.30380,0.70509,-0.00000,35.00000,292.6828,2.8000,177.7421,5.0376,158.8349
47.4672,-109.8200,1.7979,113.1467,0.00049781,-0.08105334,0.00612141,0.99669084,9.29840,0.70378,-0.00000,35.00000,292.7239,2.8000,179.2354,4.9521,158.7658
47.7172,-108.3660,1.7782,113.0870,0.00049642,-0.08100672,0.00610790,0.99669472,9.29304,0.70223,-0.00000,35.00000,292.7639,2.8000,180.7320,4.8668,158.6964
47.9673,-106.9097,1.7536,113.0278,0.00049488,-0.08096040,0.00609248,0.99669858,9.28772,0.70045,0.00000,35.00000,292.8047,2.8000,182.2318,4.7817,158.6268
48.2173,-105.4510,1.7242,112.9701,0.00049321,-0.08091433,0.00607537,0.99670242,9.28242,0.69848,-0.00000,35.00000,292.8460,2.8000,183.7239,4.5987,158.5985
48.4673,-103.9875,1.6886,112.9101,0.00049115,-0.08086978,0.00605333,0.99670617,9.27730,0.69594,0.00000,35.00000,292.8808,2.8000,185.2175,4.4012,158.5756
48.7173,-102.5191,1.6496,112.8480,0.00048868,-0.08082695,0.00602608,0.99670981,9.27237,0.69281,0.00000,35.00000,292.9134,2.8000,186.7143,4.2041,158.5518
48.9673,-101.0460,1.6235,112.7848,0.00048577,-0.08078583,0.00599326,0.99671335,9.26764,0.68903,-0.00000,35.00000,292.9443,2.8000,188.2142,4.0074,158.5270
49.2173,-99.5682,1.6092,112.7210,0.00048240,-0.08074639,0.00595460,0.99671678,9.26310,0.68459,-0.00000,35.00000,292.9734,2.8000,189.7223,3.7853,158.5148
49.4673,-98.0844,1.6048,112.6585,0.00047847,-0.08070890,0.00590895,0.99672009,9.25879,0.67934,-0.00000,35.00000,293.0061,2.8000,191.2343,3.5597,158.5035
49.7173,-96.5947,1.6094,112.5979,0.00047398,-0.08067332,0.00585602,0.99672328,9.25470,0.67325,0.00000,35.00000,293.0364,2.8000,192.7493,3.3344,158.4910
49.9673,-95.0993,1.6220,112.5394,0.00046889,-0.08063953,0.00579567,0.99672637,9.25081,0.66631,-0.00000,35.00000,293.0635,2.8000,194.2673,3.1094,158.4774
50.2173,-93.5984,1.6420,112.4835,0.00046322,-0.08060741,0.00572781,0.99672936,9.24711,0.65851,-0.00000,35.00000,293.0875,2.8000,195.8003,2.9508,158.4850
50.4673,-92.0909,1.6652,112.4326,0.00045715,-0.08057735,0.00565487,0.99673221,9.24365,0.65012,0.00000,35.00000,293.1230,2.8000,197.3380,2.8024,158.4953
50.7173,-90.5766,1.6908,112.3867,0.00045071,-0.08054924,0.00557722,0.99673493,9.24042,0.64119,0.00000,35.00000,293.1564,2.8000,198.8786,2.6541,158.5050
50.9673,-89.0561,1.7186,112.3457,0.00044391,-0.08052293,0.00549488,0.99673751,9.23739,0.63172,-0.00000,35.00000,293.1855,2.8000,200.4220,2.5060,158.5141
51.2173,-87.5297,1.7483,112.3093,0.00043675,-0.08049825,0.00540790,0.99673998,9.23455,0.62172,-0.00000,35.00000,293.2106,2.8000,201.9899,2.4635,158.6229
51.4673,-85.9954,1.7753,112.2864,0.00042956,-0.08047750,0.00532025,0.99674213,9.23216,0.61164,-0.00000,35.00000,293.2672,2.8000,203.5639,2.4372,158.7467
51.7173,-84.4536,1.7994,112.2776,0.00042240,-0.08046064,0.00523262,0.99674396,9.23021,0.60157,-0.00000,35.00000,293.3225,2.8000,205.1405,2.4111,158.8702
51.9673,-82.9046,1.8208,112.2817,0.00041526,-0.08044725,0.00514511,0.99674550,9.22867,0.59151,-0.00000,35.00000,293.3713,2.8000,206.7198,2.3854,158.9935
52.2173,-81.3488,1.8397,112.2978,0.00040816,-0.08043697,0.00505783,0.99674678,9.22749,0.58147,0.00000,35.00000,293.4140,2.8000,208.3399,2.3743,159.1541
52.4673,-79.7810,1.8523,112.3258,0.00040117,-0.08043030,0.00497151,0.99674776,9.22671,0.57155,-0.00000,35.00000,293.4894,2.8000,209.9684,2.3658,159.3200
52.7173,-78.2010,1.8584,112.3650,0.00039429,-0.08042705,0.00488647,0.99674844,9.22634,0.56177,-0.00000,35.00000,293.5601,2.8000,211.5993,2.3576,159.4858
52.9673,-76.6096,1.8587,112.4147,0.00038754,-0.08042690,0.00480288,0.99674886,9.22632,0.55216,0.00000,35.00000,293.6202,2.8000,213.2325,2.3497,159.6513
53.2173,-75.0075,1.8537,112.4740,0.00038094,-0.08042956,0.00472093,0.99674904,9.22662,0.54274,-0.00000,35.00000,293.6705,2.8000,214.9074,2.3822,159.9221
53.4673,-73.3978,1.8310,112.5409,0.00037466,-0.08043754,0.00464265,0.99674877,9.22753,0.53374,-0.00000,35.00000,293.7705,2.8000,216.5898,2.4197,160.2078
53.7173,-71.7816,1.7903,112.6154,0.00036876,-0.08045095,0.00456878,0.99674803,9.22907,0.52525,-0.00000,35.00000,293.8728,2.8000,218.2739,2.4562,160.4926
53.9673,-70.1591,1.7331,112.6980,0.00036328,-0.08046947,0.00449979,0.99674685,9.23120,0.51732,0.00000,35.00000,293.9692,2.8000,219.9597,2.4916,160.7764
54.2173,-68.5306,1.6605,112.7889,0.00035824,-0.08049276,0.00443607,0.99674526,9.23387,0.50999,-0.00000,35.00000,294.0599,2.8000,221.6500,2.5540,161.0269
54.4673,-66.8982,1.5667,112.8793,0.00035377,-0.08051984,0.00437923,0.99674332,9.23698,0.50346,-0.00000,35.00000,294.1463,2.8000,223.3425,2.6199,161.2712
54.7173,-65.2621,1.4825,112.9695,0.00034984,-0.08055047,0.00432891,0.99674107,9.24050,0.49768,-0.00000,35.00000,294.2301,2.8000,225.0367,2.6851,161.5143
54.9673,-63.6227,1.4107,113.0616,0.00034639,-0.08058452,0.00428451,0.99673851,9.24442,0.49257,0.00000,35.00000,294.3116,2.8000,226.7326,2.7496,161.7560
55.2173,-61.9800,1.3498,113.1572,0.00034340,-0.08062180,0.00424548,0.99673566,9.24870,0.48809,0.00000,35.00000,294.3905,2.8000,228.4197,2.8264,161.8034
55.4673,-60.3327,1.3024,113.2495,0.00034081,-0.08065701,0.00421167,0.99673296,9.25275,0.48420,-0.00000,35.00000,294.4256,2.8000,230.1078,2.9063,161.8209
55.7174,-58.6806,1.2678,113.3382,0.00033860,-0.08068948,0.00418263,0.99673045,9.25648,0.48086,0.00000,35.00000,294.4523,2.8000,231.7981,2.9876,161.8377
55.9674,-57.0240,1.2442,113.4244,0.00033673,-0.08071931,0.00415792,0.99672814,9.25991,0.47802,-0.00000,35.00000,294.4770,2.8000,233.4907,3.0703,161.8537
56.2174,-55.3631,1.2303,113.5089,0.00033516,-0.08074658,0.00413715,0.99672602,9.26304,0.47564,-0.00000,35.00000,294.4997,2.8000,235.1492,3.1575,161.8238
56.4674,-53.7003,1.2254,113.5895,0.00033387,-0.08077034,0.00412008,0.99672417,9.26577,0.47368,-0.00000,35.00000,294.4800,2.8000,236.8035,3.2451,161.7868
56.7174,-52.0360,1.2285,113.6620,0.00033285,-0.08079070,0.00410638,0.99672257,9.26811,0.47210,-0.00000,35.00000,294.4547,2.8000,238.4590,3.3326,161.7496
56.9674,-50.3702,1.2384,113.7270,0.00033206,-0.08080792,0.00409572,0.99672122,9.27009,0.47088,0.00000,35.00000,294.4301,2.8000,240.1157,3.4198,161.7120
57.2174,-48.7028,1.2540,113.7853,0.00033148,-0.08082222,0.00408784,0.99672010,9.27174,0.46997,0.00000,35.00000,294.4060,2.8000,241.7570,3.4935,161.6376
57.4674,-47.0359,1.2737,113.8358,0.00033105,-0.08083292,0.00408204,0.99671925,9.27297,0.46930,-0.00000,35.00000,294.3625,2.8000,243.3969,3.5644,161.5576
57.7174,-45.3697,1.2968,113.8790,0.00033076,-0.08084014,0.00407808,0.99671868,9.27380,0.46885,-0.00000,35.00000,294.3183,2.8000,245.0379,3.6344,161.4776
57.9674,-43.7039,1.3224,113.9155,0.00033059,-0.08084410,0.00407578,0.99671837,9.27425,0.46859,0.00000,35.00000,294.2766,2.8000,246.6800,3.7035,161.3976
58.2174,-42.0383,1.3501,113.9460,0.00033053,-0.08084502,0.00407502,0.99671830,9.27436,0.46850,-0.00000,35.00000,294.2370,2.8000,248.3141,3.8517,161.1572
58.4674,-40.3730,1.3823,113.9636,0.00033078,-0.08083888,0.00407841,0.99671878,9.27365,0.46889,0.00000,35.00000,294.1668,2.8000,249.9469,4.0110,160.8924
58.7174,-38.7078,1.4189,113.9686,0.00033135,-0.08082547,0.00408612,0.99671984,9.27211,0.46977,-0.00000,35.00000,294.0934,2.8000,251.5797,4.1693,160.6272
58.9674,-37.0424,1.4593,113.9624,0.00033222,-0.08080522,0.00409788,0.99672143,9.26978,0.47112,-0.00000,35.00000,294.0215,2.8000,253.2125,4.3267,160.3616
59.2174,-35.3766,1.5028,113.9465,0.00033337,-0.08077848,0.00411347,0.99672354,9.26671,0.47292,-0.00000,35.00000,293.9506,2.8000,254.8711,4.4865,160.0676
59.4674,-33.7090,1.5498,113.9154,0.00033480,-0.08074490,0.00413276,0.99672618,9.26285,0.47513,0.00000,35.00000,293.9013,2.8000,256.5333,4.6464,159.7690
59.7174,-32.0393,1.5999,113.8701,0.00033648,-0.08070484,0.00415558,0.99672932,9.25824,0.47775,0.00000,35.00000,293.8551,2.8000,258.1954,4.8060,159.4700
59.9674,-30.3675,1.6556,113.8125,0.00033839,-0.08065875,0.00418164,0.99673295,9.25294,0.48075,-0.00000,35.00000,293.8085,2.8000,259.8572,4.9653,159.1704
60.2174,-28.6938,1.7177,113.7444,0.00034052,-0.08060702,0.00421062,0.99673701,9.24700,0.48408,0.00000,35.00000,293.7613,2.8000,261.5759,5.0250,159.0031
60.4674,-27.0188,1.7790,113.6655,0.00034258,-0.08055349,0.00423894,0.99674121,9.24085,0.48733,0.00000,35.00000,293.7912,2.8000,263.3035,5.0700,158.8554
60.7174,-25.3430,1.8366,113.5774,0.00034455,-0.08049896,0.00426619,0.99674550,9.23458,0.49046,-0.00000,35.00000,293.8336,2.8000,265.0314,5.1152,158.7076
60.9674,-23.6664,1.8811,113.4817,0.00034646,-0.08044366,0.00429289,0.99674985,9.22822,0.49353,0.00000,35.00000,293.8766,2.8000,266.7596,5.1605,158.5594
61.2174,-21.9891,1.9140,113.3797,0.00034836,-0.08038776,0.00431946,0.99675425,9.22180,0.49658,-0.00000,35.00000,293.9203,2.8000,268.5057,5.1552,158.4424
61.4674,-20.3111,1.9338,113.2700,0.00035014,-0.08033230,0.00434455,0.99675861,9.21542,0.49946,0.00000,35.00000,293.9870,2.8000,270.2549,5.1422,158.3297
61.7174,-18.6328,1.9426,113.1538,0.00035182,-0.08027755,0.00436832,0.99676291,9.20913,0.50220,-0.00000,35.00000,294.0580,2.8000,272.0046,5.1294,158.2167
61.9674,-16.9540,1.9414,113.0327,0.00035342,-0.08022363,0.00439115,0.99676716,9.20293,0.50482,-0.00000,35.00000,294.1298,2.8000,273.7547,5.1165,158.1033
62.2174,-15.2748,1.9314,112.9082,0.00035497,-0.08017060,0.00441338,0.99677132,9.19683,0.50737,0.00000,35.00000,294.2020,2.8000,275.5887,5.0387,158.0432
62.4674,-13.5906,1.9131,112.7824,0.00035632,-0.08011964,0.00443296,0.99677533,9.19098,0.50962,-0.00000,35.00000,294.3604,2.8000,277.4356,4.9510,157.9909
62.7174,-11.9010,1.8873,112.6566,0.00035746,-0.08007089,0.00444988,0.99677917,9.18537,0.51156,0.00000,35.00000,294.5274,2.8000,279.2827,4.8633,157.9381
62.9674,-10.2066,1.8548,112.5318,0.00035842,-0.08002429,0.00446443,0.99678285,9.18002,0.51323,-0.00000,35.00000,294.6895,2.8000,281.1300,4.7755,157.8850
63.2174,-8.5077,1.8166,112.4092,0.00035921,-0.07997976,0.00447686,0.99678637,9.17490,0.51466,-0.00000,35.00000,294.8469,2.8000,282.9774,4.6744,157.8751
63.4674,-6.8044,1.7744,112.2922,0.00035983,-0.07993833,0.00448688,0.99678965,9.17013,0.51581,-0.00000,35.00000,295.0058,2.8000,284.8247,4.5712,157.8715
63.7174,-5.0970,1.7292,112.1818,0.00036027,-0.07989994,0.00449459,0.99679269,9.16572,0.51670,-0.00000,35.00000,295.1606,2.8000,286.6719,4.4680,157.8677
63.9675,-3.3857,1.6815,112.0783,0.00036055,-0.07986436,0.00450012,0.99679552,9.16163,0.51733,0.00000,35.00000,295.3102,2.8000,288.5190,4.3646,157.8635
64.2175,-1.6709,1.6318,111.9821,0.00036068,-0.07983136,0.00450359,0.99679814,9.15784,0.51773,0.00000,35.00000,295.4550,2.8000,290.2868,4.2904,157.9673
64.4675,0.0437,1.5819,111.9004,0.00036076,-0.07980382,0.00450610,0.99680034,9.15467,0.51802,0.00000,35.00000,295.5367,2.8000,292.0425,4.2208,158.0870
64.7175,1.7576,1.5322,111.8337,0.00036080,-0.07978172,0.00450785,0.99680210,9.15213,0.51821,-0.00000,35.00000,295.6073,2.8000,293.7979,4.1516,158.2065
64.9675,3.4709,1.4829,111.7812,0.00036080,-0.07976456,0.00450883,0.99680347,9.15016,0.51833,-0.00000,35.00000,295.6760,2.8000,295.5530,4.0826,158.3257
65.2175,5.1836,1.4342,111.7422,0.00036076,-0.07975189,0.00450906,0.99680448,9.14870,0.51835,-0.00000,35.00000,295.7426,2.8000,297.2036,4.0554,158.5570
65.4675,6.8916,1.3884,111.7281,0.00036081,-0.07974648,0.00450997,0.99680491,9.14808,0.51846,-0.00000,35.00000,295.7247,2.8000,298.8380,4.0348,158.8047
65.7175,8.5944,1.3456,111.7391,0.00036095,-0.07974802,0.00451165,0.99680478,9.14826,0.51865,0.00000,35.00000,295.6945,2.8000,300.4718,4.0145,159.0518
65.9675,10.2926,1.3057,111.7732,0.00036117,-0.07975571,0.00451402,0.99680415,9.14914,0.51892,-0.00000,35.00000,295.6646,2.8000,302.1050,3.9945,159.2983
66.2175,11.9864,1.2686,111.8286,0.00036147,-0.07976885,0.00451696,0.99680309,9.15065,0.51926,-0.00000,35.00000,295.6349,2.8000,303.7008,3.9887,159.4923
66.4675,13.6742,1.2365,111.8959,0.00036185,-0.07978568,0.00452080,0.99680172,9.15259,0.51970,0.00000,35.00000,295.5640,2.8000,305.2907,3.9851,159.6780
66.7175,15.3562,1.2095,111.9730,0.00036231,-0.07980567,0.00452542,0.99680010,9.15489,0.52024,-0.00000,35.00000,295.4900,2.8000,306.8801,3.9816,159.8633
66.9675,17.0329,1.1873,112.0595,0.00036284,-0.07982845,0.00453064,0.99679825,9.15750,0.52084,0.00000,35.00000,295.4192,2.8000,308.4689,3.9783,160.0482
67.2175,18.7046,1.1695,112.1547,0.00036340,-0.07985372,0.00453629,0.99679620,9.16041,0.52149,-0.00000,35.00000,295.3511,2.8000,310.0570,3.9781,160.2342
67.4675,20.3719,1.1571,112.2592,0.00036401,-0.07988119,0.00454228,0.99679398,9.16357,0.52218,0.00000,35.00000,295.2852,2.8000,311.6444,3.9783,160.4200
67.7175,22.0353,1.1500,112.3663,0.00036464,-0.07991073,0.00454843,0.99679158,9.16696,0.52289,-0.00000,35.00000,295.2221,2.8000,313.2312,3.9784,160.6054
67.9675,23.6951,1.1480,112.4716,0.00036527,-0.07994234,0.00455455,0.99678902,9.17060,0.52359,-0.00000,35.00000,295.1621,2.8000,314.8173,3.9783,160.7902
68.2175,25.3513,1.1509,112.5751,0.00036590,-0.07997600,0.00456046,0.99678629,9.17447,0.52427,-0.00000,35.00000,295.1050,2.8000,316.4150,3.9766,160.9463
68.4675,27.0035,1.1557,112.6746,0.00036651,-0.08001093,0.00456604,0.99678346,9.17848,0.52491,-0.00000,35.00000,295.0593,2.8000,318.0134,3.9749,161.0977
68.7175,28.6521,1.1617,112.7700,0.00036710,-0.08004706,0.00457124,0.99678054,9.18264,0.52551,0.00000,35.00000,295.0178,2.8000,319.6104,3.9734,161.2485
68.9675,30.2970,1.1690,112.8618,0.00036765,-0.08008445,0.00457604,0.99677751,9.18694,0.52607,-0.00000,35.00000,294.9789,2.8000,321.2060,3.9721,161.3988
69.2175,31.9386,1.1773,112.9504,0.00036818,-0.08012315,0.00458041,0.99677438,9.19139,0.52657,-0.00000,35.00000,294.9422,2.8000,322.8025,3.9895,161.4793
69.4675,33.5766,1.1868,113.0322,0.00036873,-0.08016137,0.00458499,0.99677129,9.19578,0.52710,-0.00000,35.00000,294.9000,2.8000,324.3984,4.0091,161.5490
69.7175,35.2114,1.1995,113.1075,0.00036929,-0.08019898,0.00458973,0.99676824,9.20010,0.52765,-0.00000,35.00000,294.8598,2.8000,325.9933,4.0280,161.6182
69.9675,36.8429,1.2151,113.1771,0.00036984,-0.08023613,0.00459450,0.99676523,9.20438,0.52820,-0.00000,35.00000,294.8225,2.8000,327.5873,4.0462,161.6869
70.2175,38.4712,1.2333,113.2419,0.00037039,-0.08027294,0.00459919,0.99676224,9.20861,0.52874,-0.00000,35.00000,294.7880,2.8000,329.1934,4.0803,161.6645
70.4675,40.0965,1.2553,113.2982,0.00037095,-0.08030704,0.00460422,0.99675947,9.21253,0.52932,-0.00000,35.00000,294.7553,2.8000,330.8011,4.1154,161.6283
70.7176,41.7189,1.2812,113.3462,0.00037152,-0.08033831,0.00460948,0.99675693,9.21612,0.52992,0.00000,35.00000,294.7261,2.8000,332.4084,4.1488,161.5919
70.9676,43.3385,1.3109,113.3871,0.00037208,-0.08036698,0.00461476,0.99675459,9.21942,0.53053,-0.00000,35.00000,294.7003,2.8000,334.0152,4.1805,161.5553
71.2176,44.9551,1.3441,113.4219,0.00037262,-0.08039324,0.00461989,0.99675245,9.22244,0.53112,-0.00000,35.00000,294.6777,2.8000,335.6593,4.2018,161.4450
71.4676,46.5676,1.3697,113.4485,0.00037311,-0.08041513,0.00462475,0.99675066,9.22495,0.53168,-0.00000,35.00000,294.6853,2.8000,337.3076,4.2211,161.3237
71.7176,48.1761,1.3873,113.4672,0.00037358,-0.08043259,0.00462955,0.99674923,9.22696,0.53223,-0.00000,35.00000,294.7007,2.8000,338.9544,4.2398,161.2025
71.9676,49.7806,1.3974,113.4788,0.00037405,-0.08044589,0.00463455,0.99674813,9.22849,0.53281,0.00000,35.00000,294.7196,2.8000,340.5997,4.2581,161.0812
72.2176,51.3813,1.4006,113.4840,0.00037453,-0.08045526,0.00463998,0.99674735,9.22957,0.53343,-0.00000,35.00000,294.7417,2.8000,342.2206,4.2802,160.9382
72.4676,52.9805,1.3995,113.4813,0.00037505,-0.08046049,0.00464611,0.99674690,9.23017,0.53414,-0.00000,35.00000,294.7391,2.8000,343.8364,4.3026,160.7920
72.7176,54.5784,1.3947,113.4711,0.00037562,-0.08046178,0.00465307,0.99674676,9.23032,0.53494,0.00000,35.00000,294.7335,2.8000,345.4506,4.3246,160.6459
72.9676,56.1750,1.3866,113.4543,0.00037624,-0.08045938,0.00466095,0.99674692,9.23004,0.53585,-0.00000,35.00000,294.7285,2.8000,347.0630,4.3461,160.4998
73.2176,57.7701,1.3751,113.4317,0.00037693,-0.08045353,0.00466985,0.99674735,9.22937,0.53687,-0.00000,35.00000,294.7242,2.8000,348.6419,4.3905,160.3442
73.4676,59.3599,1.3627,113.4009,0.00037775,-0.08044436,0.00468058,0.99674804,9.22832,0.53810,-0.00000,35.00000,294.6920,2.8000,350.2144,4.4380,160.1873
73.7176,60.9441,1.3497,113.3624,0.00037872,-0.08043211,0.00469324,0.99674897,9.22691,0.53956,0.00000,35.00000,294.6601,2.8000,351.7853,4.4852,160.0303
73.9676,62.5229,1.3361,113.3173,0.00037982,-0.08041700,0.00470781,0.99675012,9.22517,0.54123,-0.00000,35.00000,294.6329,2.8000,353.3545,4.5322,159.8732
74.2176,64.0966,1.3220,113.2663,0.00038106,-0.08039922,0.00472426,0.99675147,9.22313,0.54312,-0.00000,35.00000,294.6099,2.8000,354.8878,4.4489,159.6773
74.4676,65.6645,1.3084,113.2089,0.00038206,-0.08037805,0.00473790,0.99675312,9.22070,0.54469,0.00000,35.00000,294.5508,2.8000,356.4139,4.3468,159.4752
74.7176,67.2269,1.2952,113.1460,0.00038277,-0.08035354,0.00474812,0.99675504,9.21788,0.54586,-0.00000,35.00000,294.4897,2.8000,357.9377,4.2454,159.2727
74.9676,68.7839,1.2822,113.0786,0.00038319,-0.08032584,0.00475500,0.99675724,9.21470,0.54665,-0.00000,35.00000,294.4322,2.8000,359.4591,4.1446,159.0699
75.2176,70.3360,1.2693,113.0076,0.00038334,-0.08029509,0.00475861,0.99675970,9.21116,0.54707,-0.00000,35.00000,294.3779,2.8000,360.9712,3.9093,158.8790
75.4676,71.8868,1.2562,112.9356,0.00038282,-0.08026174,0.00475426,0.99676241,9.20733,0.54656,-0.00000,35.00000,294.3161,2.8000,362.4794,3.6547,158.6885
75.7176,73.4369,1.2423,112.8637,0.00038162,-0.08022584,0.00474145,0.99676536,9.20320,0.54509,-0.00000,35.00000,294.2513,2.8000,363.9849,3.4006,158.4963
75.9676,74.9861,1.2338,112.7926,0.00037973,-0.08018740,0.00472017,0.99676856,9.19878,0.54264,-0.00000,35.00000,294.1841,2.8000,365.4874,3.1473,158.3025
76.2176,76.5343,1.2444,112.7228,0.00037710,-0.08014636,0.00468995,0.99677200,9.19406,0.53917,0.00000,35.00000,294.1143,2.8000,367.0491,2.9753,158.2786
76.4676,78.0808,1.2653,112.6616,0.00037398,-0.08010700,0.00465348,0.99677534,9.18953,0.53497,0.00000,35.00000,294.1311,2.8000,368.6175,2.8154,158.2798
76.7176,79.6251,1.2947,112.6099,0.00037040,-0.08006968,0.00461103,0.99677853,9.18524,0.53009,-0.00000,35.00000,294.1592,2.8000,370.1833,2.6556,158.2804
76.9677,81.1671,1.3317,112.5673,0.00036633,-0.08003410,0.00456245,0.99678162,9.18115,0.52450,-0.00000,35.00000,294.1854,2.8000,371.7465,2.4958,158.2806
77.2177,82.7068,1.3758,112.5336,0.00036177,-0.07999998,0.00450761,0.99678461,9.17722,0.51820,-0.00000,35.00000,294.2097,2.8000,373.2918,2.3758,158.3077
77.4677,84.2506,1.4244,112.5071,0.00035684,-0.07996793,0.00444792,0.99678745,9.17354,0.51133,-0.00000,35.00000,294.2157,2.8000,374.8322,2.2619,158.3385
77.7177,85.7990,1.4767,112.4876,0.00035154,-0.07993787,0.00438355,0.99679015,9.17008,0.50393,0.00000,35.00000,294.2119,2.8000,376.3699,2.1482,158.3689
77.9677,87.3512,1.5325,112.4748,0.00034588,-0.07990959,0.00431448,0.99679272,9.16682,0.49599,-0.00000,35.00000,294.2004,2.8000,377.9048,2.0347,158.3988
78.2177,88.9068,1.5913,112.4685,0.00033985,-0.07988291,0.00424071,0.99679518,9.16375,0.48751,0.00000,35.00000,294.1818,2.8000,379.4604,2.0439,158.5200
78.4677,90.4648,1.6443,112.4671,0.00033384,-0.07986010,0.00416693,0.99679732,9.16113,0.47903,0.00000,35.00000,294.1958,2.8000,381.0165,2.0715,158.6546
78.7177,92.0246,1.6906,112.4704,0.00032792,-0.07984136,0.00409401,0.99679912,9.15897,0.47064,-0.00000,35.00000,294.2103,2.8000,382.5696,2.0992,158.7890
78.9677,93.5858,1.7311,112.4780,0.00032211,-0.07982651,0.00402216,0.99680061,9.15726,0.46238,-0.00000,35.00000,294.2195,2.8000,384.1197,2.1271,158.9233
79.2177,95.1481,1.7661,112.4898,0.00031641,-0.07981537,0.00395154,0.99680178,9.15598,0.45426,-0.00000,35.00000,294.2241,2.8000,385.6724,2.2006,159.0891
79.4677,96.7134,1.7928,112.5079,0.00031098,-0.07980861,0.00388407,0.99680259,9.15520,0.44651,-0.00000,35.00000,294.2325,2.8000,387.2226,2.2809,159.2593
79.7177,98.2815,1.8113,112.5323,0.00030585,-0.07980610,0.00382020,0.99680304,9.15491,0.43916,0.00000,35.00000,294.2356,2.8000,388.7695,2.3611,159.4293
79.9677,99.8520,1.8225,112.5626,0.00030105,-0.07980763,0.00376012,0.99680315,9.15508,0.43226,-0.00000,35.00000,294.2320,2.8000,390.3131,2.4414,159.5990
80.2177,101.4246,1.8268,112.5983,0.00029657,-0.07981301,0.00370399,0.99680293,9.15570,0.42581,-0.00000,35.00000,294.2221,2.8000,391.8552,2.5118,159.7624
80.4677,102.9997,1.8241,112.6410,0.00029241,-0.07982182,0.00365163,0.99680242,9.15671,0.41979,-0.00000,35.00000,294.2061,2.8000,393.3942,2.5808,159.9247
80.7177,104.5772,1.8148,112.6907,0.00028858,-0.07983380,0.00360316,0.99680163,9.15808,0.41421,0.00000,35.00000,294.1832,2.8000,394.9296,2.6497,160.0868
80.9677,106.1567,1.7994,112.7470,0.00028507,-0.07984873,0.00355870,0.99680060,9.15980,0.40910,0.00000,35.00000,294.1538,2.8000,396.4616,2.7187,160.2486
81.2177,107.7378,1.7783,112.8098,0.00028190,-0.07986640,0.00351837,0.99679933,9.16183,0.40447,0.00000,35.00000,294.1182,2.8000,397.9890,2.7882,160.4104
81.4677,109.3197,1.7512,112.8781,0.00027909,-0.07988665,0.00348233,0.99679783,9.16416,0.40033,-0.00000,35.00000,294.0765,2.8000,399.5126,2.8578,160.5720
81.7177,110.9020,1.7182,112.9465,0.00027663,-0.07990943,0.00345071,0.99679612,9.16677,0.39669,-0.00000,35.00000,294.0306,2.8000,401.0325,2.9275,160.7334
81.9677,112.4845,1.6799,113.0128,0.00027454,-0.07993477,0.00342359,0.99679418,9.16969,0.39357,-0.00000,35.00000,293.9811,2.8000,402.5487,2.9971,160.8945
82.2177,114.0671,1.6368,113.0774,0.00027283,-0.07996269,0.00340106,0.99679202,9.17290,0.39099,0.00000,35.00000,293.9280,2.8000,404.1101,3.0533,161.0334
82.4677,115.6486,1.5837,113.1419,0.00027148,-0.07999233,0.00338291,0.99678970,9.17630,0.38890,0.00000,35.00000,293.9171,2.8000,405.6740,3.1061,161.1686
82.7177,117.2286,1.5206,113.2067,0.00027049,-0.08002352,0.00336926,0.99678724,9.17989,0.38733,-0.00000,35.00000,293.9095,2.8000,407.2339,3.1584,161.3035
82.9677,118.8067,1.4582,113.2716,0.00026986,-0.08005623,0.00335999,0.99678465,9.18365,0.38627,-0.00000,35.00000,293.8996,2.8000,408.7897,3.2099,161.4380
83.2177,120.3826,1.4069,113.3369,0.00026954,-0.08009044,0.00335458,0.99678192,9.18758,0.38565,-0.00000,35.00000,293.8876,2.8000,410.3470,3.2716,161.5320
83.4677,121.9588,1.3663,113.4007,0.00026952,-0.08012502,0.00335293,0.99677915,9.19156,0.38546,0.00000,35.00000,293.8705,2.8000,411.9010,3.3343,161.6197
83.7177,123.5353,1.3351,113.4629,0.00026978,-0.08015985,0.00335467,0.99677634,9.19556,0.38566,0.00000,35.00000,293.8491,2.8000,413.4508,3.3967,161.7070
83.9678,125.1117,1.3124,113.5235,0.00027028,-0.08019498,0.00335941,0.99677350,9.19960,0.38620,0.00000,35.00000,293.8237,2.8000,414.9965,3.4586,161.7940
84.2178,126.6876,1.2972,113.5829,0.00027100,-0.08023046,0.00336681,0.99677062,9.20368,0.38706,-0.00000,35.00000,293.7947,2.8000,416.5364,3.5748,161.7680
84.4678,128.2620,1.2917,113.6363,0.00027204,-0.08026330,0.00337841,0.99676793,9.20745,0.38839,-0.00000,35.00000,293.7447,2.8000,418.0711,3.6977,161.7248
84.7178,129.8349,1.2953,113.6836,0.00027340,-0.08029327,0.00339404,0.99676547,9.21090,0.39019,-0.00000,35.00000,293.6891,2.8000,419.6006,3.8189,161.6810
84.9678,131.4061,1.3065,113.7253,0.00027505,-0.08032057,0.00341328,0.99676320,9.21404,0.39240,-0.00000,35.00000,293.6309,2.8000,421.1249,3.9384,161.6368
85.2178,132.9754,1.3242,113.7618,0.00027695,-0.08034539,0.00343578,0.99676112,9.21689,0.39499,0.00000,35.00000,293.5699,2.8000,422.6376,4.0855,161.4980
85.4678,134.5420,1.3503,113.7889,0.00027914,-0.08036544,0.00346215,0.99675942,9.21920,0.39802,-0.00000,35.00000,293.4866,2.8000,424.1440,4.2350,161.3448
85.7178,136.1061,1.3838,113.8068,0.00028161,-0.08038066,0.00349213,0.99675808,9.22095,0.40147,0.00000,35.00000,293.3987,2.8000,425.6449,4.3823,161.1912
85.9678,137.6674,1.4233,113.8166,0.00028433,-0.08039137,0.00352537,0.99675710,9.22218,0.40529,-0.00000,35.00000,293.3092,2.8000,427.1404,4.5276,161.0372
86.2178,139.2225,1.4674,113.8193,0.00028727,-0.08039781,0.00356157,0.99675645,9.22292,0.40945,0.00000,35.00000,293.2216,2.8000,428.6393,4.6211,160.8752
86.4678,140.7737,1.5159,113.8131,0.00029027,-0.08040005,0.00359864,0.99675614,9.22318,0.41371,-0.00000,35.00000,293.1407,2.8000,430.1346,4.7068,160.7121
86.7178,142.3216,1.5650,113.7991,0.00029330,-0.08039835,0.00363628,0.99675614,9.22299,0.41804,-0.00000,35.00000,293.0605,2.8000,431.6249,4.7924,160.5488
86.9678,143.8662,1.6092,113.7784,0.00029638,-0.08039297,0.00367465,0.99675643,9.22237,0.42245,0.00000,35.00000,292.9799,2.8000,433.1102,4.8779,160.3855
87.2178,145.4072,1.6486,113.7522,0.00029951,-0.08038411,0.00371390,0.99675700,9.22135,0.42696,-0.00000,35.00000,292.8985,2.8000,434.6320,5.0031,160.1994
87.4678,146.9435,1.6804,113.7155,0.00030283,-0.08037130,0.00375569,0.99675787,9.21988,0.43177,-0.00000,35.00000,292.8563,2.8000,436.1546,5.1344,160.0096
87.7178,148.4749,1.7051,113.6691,0.00030638,-0.08035476,0.00380043,0.99675904,9.21798,0.43691,-0.00000,35.00000,292.8206,2.8000,437.6717,5.2658,159.8195
87.9678,150.0014,1.7236,113.6150,0.00031016,-0.08033474,0.00384829,0.99676046,9.21568,0.44241,0.00000,35.00000,292.7857,2.8000,439.1833,5.3974,159.6290
88.2178,151.5230,1.7387,113.5547,0.00031418,-0.08031148,0.00389934,0.99676214,9.21301,0.44828,-0.00000,35.00000,292.7511,2.8000,440.7002,5.5221,159.4423
88.5850,153.7825,1.7488,113.4546,0.00032040,-0.08027502,0.00397842,0.99676476,9.20882,0.45737,-0.00000,35.00000,292.6551,2.8000,442.9200,5.7041,159.1682
88.8350,155.2911,1.7474,113.3712,0.00032504,-0.08024518,0.00403746,0.99676693,9.20539,0.46416,-0.00000,35.00000,292.6662,2.8000,444.4241,5.8283,158.9811
89.0850,156.7949,1.7391,113.2816,0.00032994,-0.08021312,0.00410002,0.99676925,9.20171,0.47135,-0.00000,35.00000,292.6471,2.8000,445.9108,5.9090,158.7948
89.3350,158.2938,1.7330,113.1862,0.00033498,-0.08017911,0.00416440,0.99677172,9.19780,0.47875,-0.00000,35.00000,292.6163,2.8000,447.3693,5.9054,158.6100
89.5850,159.7868,1.7212,113.0853,0.00033992,-0.08014350,0.00422777,0.99677431,9.19371,0.48603,-0.00000,35.00000,292.5641,2.8000,448.8219,5.9021,158.4248
89.8350,161.2738,1.7042,112.9802,0.00034479,-0.08010642,0.00429033,0.99677702,9.18945,0.49322,-0.00000,35.00000,292.5124,2.8000,450.2684,5.8992,158.2391
90.0850,162.7549,1.6826,112.8717,0.00034960,-0.08006796,0.00435229,0.99677984,9.18503,0.50034,-0.00000,35.00000,292.4611,2.8000,451.7030,5.8590,158.0811
90.3350,164.2298,1.6532,112.7618,0.00035428,-0.08002899,0.00441260,0.99678271,9.18055,0.50728,0.00000,35.00000,292.4084,2.8000,453.1204,5.7459,157.9769
90.5850,165.6981,1.6218,112.6528,0.00035861,-0.07999106,0.00446875,0.99678550,9.17620,0.51373,0.00000,35.00000,292.3531,2.8000,454.5320,5.6330,157.8721
90.8350,167.1571,1.5887,112.5451,0.00036263,-0.07995408,0.00452091,0.99678823,9.17195,0.51972,-0.00000,35.00000,292.3008,2.8000,455.9377,5.5203,157.7666
91.0850,168.6066,1.5541,112.4391,0.00036634,-0.07991795,0.00456921,0.99679091,9.16780,0.52528,-0.00000,35.00000,292.2516,2.8000,457.3428,5.4100,157.7196
91.3350,170.0479,1.5186,112.3377,0.00036976,-0.07988412,0.00461385,0.99679341,9.16391,0.53041,-0.00000,35.00000,292.2184,2.8000,458.7522,5.3037,157.7870
91.5850,171.4829,1.4831,112.2468,0.00037292,-0.07985544,0.00465503,0.99679552,9.16061,0.53514,-0.00000,35.00000,292.2123,2.8000,460.1555,5.1975,157.8541
91.8351,172.9114,1.4478,112.1656,0.00037584,-0.07983154,0.00469283,0.99679725,9.15787,0.53948,-0.00000,35.00000,292.2048,2.8000,461.5527,5.0915,157.9210
92.0851,174.3336,1.4126,112.0937,0.00037851,-0.07981206,0.00472731,0.99679865,9.15563,0.54345,-0.00000,35.00000,292.1959,2.8000,462.9334,5.0096,157.9993
92.3351,175.7491,1.3781,112.0334,0.00038100,-0.07979697,0.00475939,0.99679970,9.15390,0.54713,-0.00000,35.00000,292.1775,2.8000,464.2880,4.9743,158.0999
92.5851,177.1569,1.3446,111.9893,0.00038347,-0.07978646,0.00479076,0.99680039,9.15269,0.55074,-0.00000,35.00000,292.1421,2.8000,465.6364,4.9393,158.2002
92.8351,178.5573,1.3123,111.9605,0.00038589,-0.07978000,0.00482141,0.99680076,9.15195,0.55426,-0.00000,35.00000,292.1054,2.8000,466.9785,4.9046,158.3002
93.0851,179.9504,1.2811,111.9458,0.00038827,-0.07977711,0.00485132,0.99680085,9.15162,0.55770,-0.00000,35.00000,292.0674,2.8000,468.3139,4.8802,158.4112
93.3351,181.3366,1.2520,111.9471,0.00039063,-0.07977761,0.00488080,0.99680066,9.15168,0.56109,-0.00000,35.00000,292.0288,2.8000,469.6423,4.8756,158.5439
93.5851,182.7162,1.2266,111.9685,0.00039302,-0.07978148,0.00491044,0.99680021,9.15212,0.56450,-0.00000,35.00000,291.9902,2.8000,470.9644,4.8713,158.6764
93.8351,184.0893,1.2047,112.0084,0.00039543,-0.07978813,0.00494012,0.99679953,9.15289,0.56791,0.00000,35.00000,291.9487,2.8000,472.2801,4.8673,158.8087
94.0851,185.4560,1.1861,112.0655,0.00039784,-0.07979704,0.00496973,0.99679866,9.15391,0.57131,-0.00000,35.00000,291.9043,2.8000,473.5811,4.8749,158.9875
94.3351,186.8164,1.1709,112.1361,0.00040029,-0.07980914,0.00499957,0.99679755,9.15531,0.57474,-0.00000,35.00000,291.8570,2.8000,474.8605,4.9039,159.2562
94.5851,188.1708,1.1596,112.2150,0.00040284,-0.07982672,0.00503026,0.99679598,9.15733,0.57827,-0.00000,35.00000,291.8074,2.8000,476.1346,4.9317,159.5247
94.8351,189.5190,1.1523,112.3021,0.00040547,-0.07984946,0.00506162,0.99679400,9.15994,0.58188,-0.00000,35.00000,291.7572,2.8000,477.4032,4.9585,159.7930
95.0851,190.8610,1.1485,112.3947,0.00040816,-0.07987712,0.00509345,0.99679162,9.16313,0.58554,-0.00000,35.00000,291.7067,2.8000,478.6629,4.9835,160.0622
95.3351,192.1968,1.1484,112.4914,0.00041090,-0.07990954,0.00512557,0.99678886,9.16685,0.58923,-0.00000,35.00000,291.6531,2.8000,479.9110,5.0057,160.3333
95.5851,193.5262,1.1521,112.5906,0.00041367,-0.07994665,0.00515771,0.99678571,9.17112,0.59293,0.00000,35.00000,291.5941,2.8000,481.1539,5.0260,160.6040
95.8351,194.8491,1.1596,112.6902,0.00041645,-0.07998835,0.00518969,0.99678220,9.17592,0.59661,-0.00000,35.00000,291.5362,2.8000,482.3915,5.0444,160.8742
96.0851,196.1657,1.1708,112.7913,0.00041923,-0.08003449,0.00522130,0.99677833,9.18122,0.60024,-0.00000,35.00000,291.4789,2.8000,483.6258,5.0538,161.0999
96.3351,197.4753,1.1857,112.8938,0.00042197,-0.08008371,0.00525209,0.99677422,9.18688,0.60379,-0.00000,35.00000,291.4178,2.8000,484.8571,5.0486,161.2397
96.5851,198.7767,1.2047,112.9963,0.00042459,-0.08013352,0.00528141,0.99677006,9.19261,0.60716,-0.00000,35.00000,291.3479,2.8000,486.0814,5.0432,161.3792
96.8351,200.0703,1.2276,113.0987,0.00042709,-0.08018390,0.00530914,0.99676586,9.19840,0.61035,0.00000,35.00000,291.2786,2.8000,487.2984,5.0375,161.5183
97.0851,201.3561,1.2543,113.1980,0.00042946,-0.08023491,0.00533516,0.99676161,9.20427,0.61335,-0.00000,35.00000,291.2101,2.8000,488.5097,5.0314,161.6164
97.3351,202.6331,1.2844,113.2930,0.00043168,-0.08028552,0.00535938,0.99675741,9.21009,0.61613,-0.00000,35.00000,291.1388,2.8000,489.7167,5.0248,161.6355
97.5851,203.8990,1.3174,113.3810,0.00043374,-0.08033365,0.00538170,0.99675341,9.21562,0.61870,-0.00000,35.00000,291.0626,2.8000,490.9167,5.0180,161.6543
97.8351,205.1543,1.3535,113.4629,0.00043563,-0.08037952,0.00540205,0.99674960,9.22090,0.62104,-0.00000,35.00000,290.9907,2.8000,492.1094,5.0108,161.6730
98.0851,206.3992,1.3924,113.5400,0.00043734,-0.08042326,0.00542034,0.99674597,9.22593,0.62315,0.00000,35.00000,290.9226,2.8000,493.2937,5.0058,161.6710
98.3351,207.6337,1.4338,113.6098,0.00043888,-0.08046452,0.00543661,0.99674255,9.23067,0.62502,0.00000,35.00000,290.8541,2.8000,494.4685,5.0052,161.6294
98.5851,208.8577,1.4773,113.6675,0.00044025,-0.08050258,0.00545098,0.99673940,9.23505,0.62667,-0.00000,35.00000,290.7822,2.8000,495.6360,5.0045,161.5878
98.8351,210.0713,1.5226,113.7148,0.00044145,-0.08053775,0.00546342,0.99673649,9.23909,0.62811,-0.00000,35.00000,290.7148,2.8000,496.7962,5.0039,161.5460
99.0851,211.2748,1.5694,113.7537,0.00044248,-0.08057032,0.00547392,0.99673380,9.24284,0.62931,-0.00000,35.00000,290.6516,2.8000,497.9447,5.0078,161.4369
99.3352,212.4693,1.6155,113.7808,0.00044335,-0.08059875,0.00548270,0.99673145,9.24611,0.63032,-0.00000,35.00000,290.5767,2.8000,499.0775,5.0208,161.1977
99.5852,213.6565,1.6530,113.7892,0.00044409,-0.08062004,0.00549045,0.99672969,9.24855,0.63122,-0.00000,35.00000,290.4757,2.8000,500.2029,5.0338,160.9584
99.8352,214.8365,1.6818,113.7822,0.00044474,-0.08063472,0.00549750,0.99672846,9.25024,0.63203,0.00000,35.00000,290.3770,2.8000,501.3208,5.0470,160.7190
100.0852,216.0093,1.7022,113.7629,0.00044533,-0.08064323,0.00550419,0.99672773,9.25122,0.63280,-0.00000,35.00000,290.2806,2.8000,502.4306,5.0689,160.4742
100.3352,217.1748,1.7157,113.7321,0.00044592,-0.08064583,0.00551132,0.99672748,9.25152,0.63362,-0.00000,35.00000,290.1918,2.8000,503.5389,5.1133,160.2189
100.5852,218.3328,1.7242,113.6878,0.00044660,-0.08064265,0.00551994,0.99672769,9.25115,0.63461,0.00000,35.00000,290.1118,2.8000,504.6499,5.1665,159.9635
100.8352,219.4841,1.7285,113.6324,0.00044741,-0.08063404,0.00553048,0.99672833,9.25017,0.63582,0.00000,35.00000,290.0432,2.8000,505.7638,5.2283,159.7080
101.0852,220.6294,1.7290,113.5683,0.00044837,-0.08062030,0.00554335,0.99672937,9.24859,0.63730,0.00000,35.00000,289.9847,2.8000,506.8755,5.2986,159.4763
101.3352,221.7696,1.7269,113.4976,0.00044953,-0.08060236,0.00555890,0.99673073,9.24652,0.63909,-0.00000,35.00000,289.9340,2.8000,507.9803,5.3773,159.2909
101.5852,222.9058,1.7238,113.4220,0.00045091,-0.08058175,0.00557741,0.99673230,9.24416,0.64121,-0.00000,35.00000,289.8889,2.8000,509.0881,5.4646,159.1053
101.8352,224.0383,1.7201,113.3426,0.00045254,-0.08055857,0.00559914,0.99673405,9.24149,0.64371,0.00000,35.00000,289.8510,2.8000,510.1989,5.5605,158.9197
102.0852,225.1677,1.7161,113.2605,0.00045443,-0.08053292,0.00562436,0.99673598,9.23854,0.64661,-0.00000,35.00000,289.8197,2.8000,511.3064,5.6238,158.7547
102.3352,226.2954,1.7131,113.1773,0.00045649,-0.08050545,0.00565177,0.99673804,9.23539,0.64976,-0.00000,35.00000,289.7899,2.8000,512.4043,5.6165,158.6294
102.5852,227.4234,1.7178,113.0952,0.00045849,-0.08047735,0.00567851,0.99674016,9.23216,0.65283,0.00000,35.00000,289.7556,2.8000,513.5045,5.6179,158.5038
102.8352,228.5520,1.7315,113.0145,0.00046042,-0.08044857,0.00570457,0.99674233,9.22885,0.65582,-0.00000,35.00000,289.7230,2.8000,514.6071,5.6280,158.3780
103.0852,229.6811,1.7542,112.9358,0.00046230,-0.08041903,0.00572994,0.99674457,9.22546,0.65874,0.00000,35.00000,289.6916,2.8000,515.7040,5.6267,158.2757
103.3352,230.8115,1.7831,112.8598,0.00046407,-0.08038940,0.00575402,0.99674682,9.22205,0.66151,-0.00000,35.00000,289.6564,2.8000,516.7878,5.5951,158.2192
103.5852,231.9444,1.8251,112.7873,0.00046562,-0.08036091,0.00577527,0.99674899,9.21878,0.66395,-0.00000,35.00000,289.6123,2.8000,517.8740,5.5720,158.1621
103.8352,233.0795,1.8832,112.7184,0.00046693,-0.08033345,0.00579346,0.99675110,9.21562,0.66604,-0.00000,35.00000,289.5674,2.8000,518.9626,5.5574,158.1043
104.0852,234.2169,1.9566,112.6530,0.00046798,-0.08030688,0.00580842,0.99675315,9.21257,0.66776,-0.00000,35.00000,289.5219,2.8000,520.0513,5.5576,158.0628
104.3352,235.3545,2.0436,112.5916,0.00046878,-0.08028152,0.00582024,0.99675513,9.20965,0.66911,-0.00000,35.00000,289.4782,2.8000,521.1383,5.5783,158.0534
104.5852,236.4888,2.1415,112.5347,0.00046937,-0.08025814,0.00582935,0.99675696,9.20697,0.67016,0.00000,35.00000,289.4407,2.8000,522.2277,5.6072,158.0437
105.4201,240.5793,2.5685,112.3783,0.00047157,-0.08020026,0.00586085,0.99676143,9.20031,0.67378,-0.00000,35.00000,289.2155,2.8000,525.8580,5.8560,158.1824
105.7539,242.0707,2.7501,112.3312,0.00047150,-0.08018625,0.00586098,0.99676256,9.19870,0.67379,-0.00000,35.00000,289.0396,2.8000,527.3069,6.0192,158.3050
106.0039,243.1752,2.8888,112.3050,0.00047139,-0.08018038,0.00586003,0.99676303,9.19803,0.67368,-0.00000,35.00000,289.0160,2.8000,528.3950,6.1531,158.3978
106.2539,244.2846,3.0332,112.2847,0.00047129,-0.08017791,0.00585901,0.99676324,9.19774,0.67357,-0.00000,35.00000,289.0151,2.8000,529.4856,6.3629,158.5940
106.5039,245.4067,3.1768,112.2732,0.00047145,-0.08018149,0.00586071,0.99676294,9.19815,0.67376,-0.00000,35.00000,289.0201,2.8000,530.5790,6.5824,158.7893
106.7539,246.5405,3.3206,112.2702,0.00047188,-0.08019079,0.00586542,0.99676216,9.19922,0.67430,-0.00000,35.00000,289.0148,2.8000,531.6750,6.8116,158.9837
107.0039,247.6853,3.4653,112.2750,0.00047261,-0.08020552,0.00587340,0.99676093,9.20092,0.67522,0.00000,35.00000,289.0000,2.8000,532.7745,7.0512,159.1766
107.2539,248.8403,3.6117,112.2872,0.00047365,-0.08022536,0.00588490,0.99675927,9.20320,0.67654,-0.00000,35.00000,288.9773,2.8000,533.9424,7.3557,159.3344
107.5039,249.9996,3.7593,112.3114,0.00047518,-0.08024859,0.00590213,0.99675729,9.20587,0.67853,-0.00000,35.00000,289.0109,2.8000,535.1118,7.6673,159.4918
107.7539,251.1633,3.9088,112.3467,0.00047719,-0.08027484,0.00592515,0.99675504,9.20889,0.68117,-0.00000,35.00000,289.0400,2.8000,536.2830,7.9861,159.6490
108.0039,252.3312,4.0607,112.3923,0.00047969,-0.08030378,0.00595402,0.99675254,9.21222,0.68450,-0.00000,35.00000,289.0650,2.8000,537.4568,8.3126,159.8060
108.2539,253.5034,4.2154,112.4475,0.00048268,-0.08033509,0.00598880,0.99674981,9.21582,0.68850,-0.00000,35.00000,289.0869,2.8000,538.6959,8.6804,159.9696
108.5039,254.6821,4.3678,112.5063,0.00048628,-0.08036853,0.00603091,0.99674685,9.21967,0.69334,-0.00000,35.00000,289.1678,2.8000,539.9362,9.0558,160.1326
108.7539,255.8670,4.5188,112.5687,0.00049049,-0.08040397,0.00608051,0.99674369,9.22374,0.69904,-0.00000,35.00000,289.2433,2.8000,541.1779,9.4387,160.2951
109.0039,257.0579,4.6692,112.6349,0.00049534,-0.08044128,0.00613775,0.99674033,9.22804,0.70563,0.00000,35.00000,289.3137,2.8000,542.4210,9.8291,160.4567
109.2539,258.2544,4.8197,112.7050,0.00050083,-0.08048030,0.00620274,0.99673677,9.23253,0.71310,0.00000,35.00000,289.3792,2.8000,543.6794,10.2269,160.5921
109.5039,259.4572,4.9682,112.7744,0.00050697,-0.08052025,0.00627564,0.99673309,9.23712,0.72148,0.00000,35.00000,289.4498,2.8000,544.9392,10.6324,160.7271
109.7539,260.6658,5.1234,112.8440,0.00051375,-0.08056111,0.00635632,0.99672927,9.24183,0.73076,-0.00000,35.00000,289.5162,2.8000,546.2004,11.0454,160.8615
110.0039,261.8792,5.2972,112.9143,0.00052113,-0.08060285,0.00644422,0.99672533,9.24663,0.74087,0.00000,35.00000,289.5787,2.8000,547.4631,11.4666,160.9943
110.2539,263.0974,5.4887,112.9857,0.00052906,-0.08064538,0.00653885,0.99672127,9.25153,0.75175,-0.00000,35.00000,289.6376,2.8000,548.7363,11.9455,161.0516
110.5039,264.3188,5.6998,113.0547,0.00053764,-0.08068660,0.00664144,0.99671725,9.25627,0.76355,0.00000,35.00000,289.6925,2.8000,550.0099,12.4306,161.1081
110.7539,265.5434,5.9294,113.1221,0.00054681,-0.08072656,0.00675136,0.99671327,9.26087,0.77619,-0.00000,35.00000,289.7447,2.8000,551.2839,12.9219,161.1638
111.0039,266.7709,6.1763,113.1888,0.00055653,-0.08076529,0.00686808,0.99670933,9.26533,0.78961,-0.00000,35.00000,289.7943,2.8000,552.5581,13.4198,161.2172
111.2539,268.0011,6.4392,113.2554,0.00056677,-0.08080277,0.00699111,0.99670543,9.26965,0.80376,0.00000,35.00000,289.8411,2.8000,553.8346,13.9606,161.1708
111.5039,269.2311,6.7216,113.3187,0.00057755,-0.08083627,0.00712116,0.99670179,9.27351,0.81871,-0.00000,35.00000,289.8752,2.8000,555.1103,14.5063,161.1234
111.7539,270.4610,7.0220,113.3796,0.00058884,-0.08086591,0.00725762,0.99669839,9.27693,0.83440,-0.00000,35.00000,289.9087,2.8000,556.3853,15.0570,161.0750
112.0039,271.6910,7.3389,113.4388,0.00060058,-0.08089178,0.00739992,0.99669524,9.27991,0.85076,-0.00000,35.00000,289.9415,2.8000,557.6589,15.6109,161.0246
112.2539,272.9180,7.6711,113.4911,0.00061273,-0.08091407,0.00754752,0.99669232,9.28248,0.86774,-0.00000,35.00000,289.9766,2.8000,558.8970,16.0666,160.9098
112.5039,274.1441,8.0233,113.5304,0.00062492,-0.08093157,0.00769606,0.99668975,9.28451,0.88481,-0.00000,35.00000,289.9677,2.8000,560.1366,16.5299,160.7948
112.7539,275.3693,8.3938,113.5590,0.00063713,-0.08094463,0.00784513,0.99668752,9.28602,0.90195,0.00000,35.00000,289.9627,2.8000,561.3777,17.0009,160.6797
113.0039,276.5939,8.7815,113.5795,0.00064933,-0.08095355,0.00799438,0.99668560,9.28706,0.91912,0.00000,35.00000,289.9609,2.8000,562.6199,17.4791,160.5637
113.2540,277.8179,9.1851,113.5937,0.00066148,-0.08095855,0.00814348,0.99668398,9.28764,0.93626,0.00000,35.00000,289.9615,2.8000,563.8451,17.9381,160.4091
113.5040,279.0423,9.6045,113.5936,0.00067348,-0.08095908,0.00829120,0.99668271,9.28771,0.95324,-0.00000,35.00000,289.9404,2.8000,565.0713,18.4041,160.2545
113.7540,280.2671,10.0383,113.5824,0.00068532,-0.08095553,0.00843729,0.99668177,9.28732,0.97004,-0.00000,35.00000,289.9216,2.8000,566.2988,18.8769,160.0998
114.0040,281.4925,10.4854,113.5631,0.00069697,-0.08094820,0.00858154,0.99668112,9.28649,0.98662,0.00000,35.00000,289.9046,2.8000,567.5277,19.3571,159.9449
114.2540,282.7193,10.9333,113.5383,0.00070847,-0.08093730,0.00872423,0.99668076,9.28524,1.00303,0.00000,35.00000,289.8886,2.8000,568.7801,19.8824,159.7721
114.5040,283.9496,11.3762,113.5025,0.00071995,-0.08092258,0.00886719,0.99668069,9.28356,1.01946,-0.00000,35.00000,289.8921,2.8000,570.0325,20.4150,159.5992
114.7540,285.1833,11.8151,113.4577,0.00073144,-0.08090439,0.00901082,0.99668087,9.28148,1.03597,-0.00000,35.00000,289.8936,2.8000,571.2847,20.9551,159.4260
115.0040,286.4195,12.2650,113.4061,0.00074295,-0.08088297,0.00915496,0.99668128,9.27903,1.05255,-0.00000,35.00000,289.8936,2.8000,572.5374,21.5016,159.2518
115.2540,287.6578,12.7291,113.3494,0.00075443,-0.08085850,0.00929934,0.99668192,9.27623,1.06914,0.00000,35.00000,289.8925,2.8000,573.8336,22.0057,159.0245
115.5040,288.9015,13.1999,113.2812,0.00076575,-0.08082970,0.00944215,0.99668291,9.27293,1.08556,0.00000,35.00000,289.9217,2.8000,575.1301,22.5173,158.7971
115.7540,290.1502,13.6773,113.2031,0.00077689,-0.08079693,0.00958343,0.99668421,9.26918,1.10180,-0.00000,35.00000,289.9476,2.8000,576.4268,23.0363,158.5696
116.0040,291.4037,14.1614,113.1168,0.00078787,-0.08076052,0.00972326,0.99668580,9.26500,1.11787,-0.00000,35.00000,289.9704,2.8000,577.7244,23.5610,158.3422
116.2540,292.6617,14.6521,113.0235,0.00079868,-0.08072072,0.00986164,0.99668765,9.26044,1.13378,0.00000,35.00000,289.9908,2.8000,579.0651,23.9883,158.1308
116.5040,293.9278,15.1375,112.9205,0.00080908,-0.08067820,0.00999523,0.99668976,9.25557,1.14913,0.00000,35.00000,290.0481,2.8000,580.4073,24.4230,157.9190
116.7540,295.2016,15.6183,112.8090,0.00081909,-0.08063323,0.01012456,0.99669208,9.25041,1.16400,-0.00000,35.00000,290.1008,2.8000,581.7509,24.8652,157.7068
117.0040,296.4818,16.0956,112.6903,0.00082876,-0.08058609,0.01025013,0.99669460,9.24500,1.17843,-0.00000,35.00000,290.1498,2.8000,583.0961,25.3140,157.4976
117.2540,297.7659,16.5700,112.5655,0.00083813,-0.08053708,0.01037235,0.99669729,9.23938,1.19248,-0.00000,35.00000,290.1982,2.8000,584.4564,25.7269,157.4927
117.5040,299.0548,17.0371,112.4453,0.00084717,-0.08049181,0.01049025,0.99669971,9.23418,1.20603,-0.00000,35.00000,290.2883,2.8000,585.8182,26.1475,157.4875
117.7540,300.3480,17.4981,112.3296,0.00085595,-0.08045010,0.01060440,0.99670186,9.22940,1.21915,-0.00000,35.00000,290.3748,2.8000,587.1813,26.5756,157.4818
118.0040,301.6455,17.9541,112.2183,0.00086449,-0.08041177,0.01071534,0.99670376,9.22500,1.23190,0.00000,35.00000,290.4580,2.8000,588.5456,27.0116,157.4764
118.2540,302.9472,18.4059,112.1113,0.00087284,-0.08037666,0.01082359,0.99670541,9.22098,1.24434,0.00000,35.00000,290.5377,2.8000,589.8948,27.4786,157.5191
118.5040,304.2577,18.8500,112.0153,0.00088113,-0.08034585,0.01093060,0.99670672,9.21745,1.25664,-0.00000,35.00000,290.6004,2.8000,591.2450,27.9527,157.5616
118.7540,305.5751,19.3026,111.9297,0.00088936,-0.08031900,0.01103637,0.99670771,9.21437,1.26880,-0.00000,35.00000,290.6555,2.8000,592.5961,28.4339,157.6038
119.0040,306.8990,19.7638,111.8540,0.00089752,-0.08029579,0.01114087,0.99670841,9.21171,1.28081,0.00000,35.00000,290.7034,2.8000,593.9473,28.9231,157.6463
119.2540,308.2290,20.2335,111.7878,0.00090561,-0.08027592,0.01124412,0.99670885,9.20944,1.29268,0.00000,35.00000,290.7438,2.8000,595.2470,29.4770,157.7118
119.5040,309.5575,20.7126,111.7378,0.00091381,-0.08025975,0.01134818,0.99670896,9.20759,1.30464,-0.00000,35.00000,290.7371,2.8000,596.5472,30.0379,157.7772
119.7540,310.8848,21.2010,111.7028,0.00092210,-0.08024678,0.01145296,0.99670880,9.20611,1.31669,0.00000,35.00000,290.7295,2.8000,597.8478,30.6057,157.8424
120.0040,312.2111,21.6987,111.6820,0.00093046,-0.08023654,0.01155835,0.99670840,9.20494,1.32880,-0.00000,35.00000,290.7210,2.8000,599.1475,31.1804,157.9100
120.2540,313.5366,22.2055,111.6745,0.00093890,-0.08022869,0.01166426,0.99670779,9.20405,1.34098,-0.00000,35.00000,290.7105,2.8000,600.3667,31.7612,158.1396
120.5041,314.8586,22.7234,111.6839,0.00094744,-0.08022762,0.01177056,0.99670662,9.20394,1.35320,-0.00000,35.00000,290.6472,2.8000,601.5862,32.3489,158.3688
120.7541,316.1772,23.2518,111.7090,0.00095609,-0.08023275,0.01187713,0.99670493,9.20454,1.36545,-0.00000,35.00000,290.5848,2.8000,602.8060,32.9437,158.5976
121.0041,317.4929,23.7905,111.7486,0.00096481,-0.08024355,0.01198384,0.99670278,9.20580,1.37772,0.00000,35.00000,290.5233,2.8000,604.0253,33.5451,158.8275
121.2541,318.8059,24.3393,111.8014,0.00097360,-0.08025957,0.01209056,0.99670019,9.20765,1.38999,0.00000,35.00000,290.4616,2.8000,605.1929,34.1340,159.1536
121.5041,320.1157,24.9003,111.8654,0.00098242,-0.08028336,0.01219644,0.99669698,9.21040,1.40217,-0.00000,35.00000,290.3654,2.8000,606.3613,34.7295,159.4787
121.7541,321.4224,25.4733,111.9406,0.00099125,-0.08031442,0.01230130,0.99669318,9.21398,1.41423,0.00000,35.00000,290.2708,2.8000,607.5303,35.3314,159.8028
122.0041,322.7264,26.0578,112.0264,0.00100008,-0.08035231,0.01240499,0.99668883,9.21835,1.42616,0.00000,35.00000,290.1776,2.8000,608.7007,35.9400,160.1230
122.2835,324.1872,26.7267,112.1332,0.00100993,-0.08040136,0.01251950,0.99668343,9.22400,1.43933,0.00000,35.00000,290.0734,2.8000,610.0509,36.6466,160.2909
122.5335,325.4811,27.3364,112.2330,0.00101868,-0.08044682,0.01262071,0.99667848,9.22924,1.45097,-0.00000,35.00000,289.9954,2.8000,611.2598,37.2843,160.4407
122.7835,326.7700,27.9572,112.3362,0.00102735,-0.08049320,0.01272075,0.99667345,9.23458,1.46248,0.00000,35.00000,289.9258,2.8000,612.4698,37.9272,160.5902
123.0335,328.0541,28.5896,112.4437,0.00103593,-0.08054035,0.01281940,0.99666837,9.24002,1.47382,0.00000,35.00000,289.8609,2.8000,613.6824,38.5766,160.7337
123.2835,329.3337,29.2334,112.5511,0.00104440,-0.08058804,0.01291651,0.99666325,9.24551,1.48499,-0.00000,35.00000,289.8020,2.8000,614.9077,39.2399,160.8401
123.5335,330.6082,29.8881,112.6543,0.00105276,-0.08063525,0.01301219,0.99665818,9.25095,1.49600,0.00000,35.00000,289.7554,2.8000,616.1338,39.9083,160.9463
123.7835,331.8780,30.5536,112.7538,0.00106099,-0.08068207,0.01310626,0.99665315,9.25635,1.50682,-0.00000,35.00000,289.7145,2.8000,617.3608,40.5817,161.0522
124.0335,333.1435,31.2298,112.8498,0.00106908,-0.08072856,0.01319855,0.99664816,9.26170,1.51744,-0.00000,35.00000,289.6791,2.8000,618.5897,41.2628,161.1505
124.2835,334.4049,31.9165,112.9425,0.00107703,-0.08077459,0.01328898,0.99664322,9.26701,1.52784,-0.00000,35.00000,289.6489,2.8000,619.8266,41.9655,161.2022
124.5335,335.6614,32.6133,113.0301,0.00108484,-0.08081893,0.01337798,0.99663843,9.27212,1.53808,0.00000,35.00000,289.6249,2.8000,621.0639,42.6734,161.2536
124.7835,336.9132,33.3200,113.1128,0.00109251,-0.08086171,0.01346542,0.99663377,9.27705,1.54814,0.00000,35.00000,289.6064,2.8000,622.3016,43.3866,161.3049
125.0335,338.1608,34.0367,113.1911,0.00110004,-0.08090307,0.01355115,0.99662924,9.28181,1.55800,0.00000,35.00000,289.5930,2.8000,623.5409,44.1088,161.3358
125.2835,339.4045,34.7630,113.2646,0.00110740,-0.08094255,0.01363517,0.99662488,9.28636,1.56767,-0.00000,35.00000,289.5826,2.8000,624.7892,44.8603,161.2357
125.5335,340.6447,35.4979,113.3278,0.00111463,-0.08097672,0.01371826,0.99662096,9.29030,1.57723,-0.00000,35.00000,289.5653,2.8000,626.0379,45.6166,161.1356
125.7835,341.8823,36.2387,113.3817,0.00112171,-0.08100591,0.01380041,0.99661745,9.29367,1.58668,-0.00000,35.00000,289.5525,2.8000,627.2870,46.3779,161.0355
126.0335,343.1192,36.9756,113.4272,0.00112868,-0.08103044,0.01388193,0.99661431,9.29650,1.59605,-0.00000,35.00000,289.5423,2.8000,628.5366,47.1467,160.9217
126.2835,344.3553,37.7098,113.4641,0.00113557,-0.08105024,0.01396322,0.99661156,9.29879,1.60540,-0.00000,35.00000,289.5328,2.8000,629.7872,47.9383,160.7200
126.5336,345.5899,38.4444,113.4872,0.00114241,-0.08106327,0.01404508,0.99660934,9.30030,1.61482,-0.00000,35.00000,289.5141,2.8000,631.0380,48.7348,160.5182
126.7836,346.8234,39.1795,113.4987,0.00114923,-0.08106996,0.01412767,0.99660762,9.30108,1.62431,0.00000,35.00000,289.4989,2.8000,632.2890,49.5363,160.3165
127.0336,348.0557,39.9155,113.5007,0.00115603,-0.08107069,0.01421111,0.99660637,9.30117,1.63391,-0.00000,35.00000,289.4866,2.8000,633.5379,50.3435,160.1218
127.2836,349.2867,40.6527,113.4947,0.00116283,-0.08106597,0.01429555,0.99660554,9.30064,1.64362,-0.00000,35.00000,289.4761,2.8000,634.7719,51.1609,159.9728
127.5336,350.5147,41.3921,113.4781,0.00116968,-0.08105754,0.01438126,0.99660498,9.29968,1.65347,-0.00000,35.00000,289.4633,2.8000,636.0059,51.9837,159.8237
127.7836,351.7399,42.1336,113.4534,0.00117659,-0.08104569,0.01446833,0.99660468,9.29833,1.66348,0.00000,35.00000,289.4545,2.8000,637.2398,52.8118,159.6746
128.0336,352.9626,42.8768,113.4226,0.00118357,-0.08103061,0.01455685,0.99660460,9.29661,1.67366,-0.00000,35.00000,289.4491,2.8000,638.4715,53.6444,159.5238
128.2836,354.1831,43.6219,113.3869,0.00119062,-0.08101247,0.01464690,0.99660475,9.29454,1.68401,0.00000,35.00000,289.4445,2.8000,639.6895,54.4769,159.3610
128.5336,355.4004,44.3697,113.3428,0.00119774,-0.08099125,0.01473834,0.99660512,9.29211,1.69452,-0.00000,35.00000,289.4288,2.8000,640.9076,55.3146,159.1983
128.7836,356.6151,45.1198,113.2925,0.00120493,-0.08096717,0.01483125,0.99660569,9.28935,1.70520,-0.00000,35.00000,289.4170,2.8000,642.1256,56.1574,159.0355
129.0336,357.8274,45.8719,113.2377,0.00121221,-0.08094040,0.01492571,0.99660644,9.28629,1.71606,-0.00000,35.00000,289.4082,2.8000,643.3429,56.9892,158.8854
129.2836,359.0379,46.6255,113.1804,0.00121953,-0.08091140,0.01502122,0.99660736,9.28297,1.72703,-0.00000,35.00000,289.4026,2.8000,644.5555,57.7215,158.8165
129.5336,360.2478,47.3799,113.1219,0.00122663,-0.08088258,0.01511415,0.99660828,9.27967,1.73771,-0.00000,35.00000,289.4037,2.8000,645.7685,58.4591,158.7474
129.7836,361.4573,48.1346,113.0632,0.00123354,-0.08085392,0.01520470,0.99660922,9.27638,1.74812,-0.00000,35.00000,289.4055,2.8000,646.9816,59.2020,158.6780
130.0336,362.6665,48.8897,113.0053,0.00124028,-0.08082540,0.01529312,0.99661017,9.27312,1.75828,-0.00000,35.00000,289.4078,2.8000,648.1968,59.9350,158.6147
130.2836,363.8759,49.6451,112.9483,0.00124681,-0.08079715,0.01537907,0.99661113,9.26988,1.76816,-0.00000,35.00000,289.4124,2.8000,649.4245,60.5755,158.5925
130.5336,365.0883,50.3998,112.8886,0.00125290,-0.08077038,0.01545926,0.99661205,9.26681,1.77738,0.00000,35.00000,289.4310,2.8000,650.6531,61.2215,158.5694
130.7836,366.3014,51.1620,112.8271,0.00125854,-0.08074508,0.01553376,0.99661294,9.26392,1.78594,-0.00000,35.00000,289.4498,2.8000,651.8828,61.8729,158.5453
131.0336,367.5125,51.9418,112.7646,0.00126371,-0.08072123,0.01560222,0.99661380,9.26118,1.79381,-0.00000,35.00000,289.4710,2.8000,653.1151,62.5261,158.5224
131.2836,368.7220,52.7383,112.7019,0.00126838,-0.08069882,0.01566423,0.99661463,9.25862,1.80094,-0.00000,35.00000,289.4962,2.8000,654.3598,63.1610,158.5119
131.5336,369.9315,53.5499,112.6407,0.00127246,-0.08067809,0.01571870,0.99661545,9.25624,1.80720,-0.00000,35.00000,289.5342,2.8000,655.6056,63.8014,158.5003
131.7836,371.1410,54.3757,112.5814,0.00127594,-0.08065892,0.01576546,0.99661626,9.25404,1.81257,-0.00000,35.00000,289.5727,2.8000,656.8527,64.4471,158.4875
132.0336,372.3503,55.2149,112.5245,0.00127881,-0.08064118,0.01580440,0.99661707,9.25201,1.81705,-0.00000,35.00000,289.6116,2.8000,658.1001,65.1086,158.4770
132.2836,373.5597,56.0661,112.4705,0.00128109,-0.08062482,0.01583580,0.99661789,9.25013,1.82065,-0.00000,35.00000,289.6506,2.8000,659.3432,65.8420,158.4878
132.5336,374.7715,56.9257,112.4218,0.00128299,-0.08061030,0.01586213,0.99661865,9.24847,1.82368,-0.00000,35.00000,289.6872,2.8000,660.5868,66.5806,158.4979
132.7836,375.9854,57.7937,112.3780,0.00128450,-0.08059743,0.01588337,0.99661935,9.24699,1.82612,0.00000,35.00000,289.7214,2.8000,661.8312,67.3243,158.5075
133.0336,377.2012,58.6695,112.3390,0.00128563,-0.08058604,0.01589955,0.99662001,9.24568,1.82798,-0.00000,35.00000,289.7534,2.8000,663.0750,68.0897,158.5319
133.2836,378.4190,59.5522,112.3060,0.00128642,-0.08057637,0.01591130,0.99662060,9.24457,1.82933,-0.00000,35.00000,289.7845,2.8000,664.3113,68.9672,158.6558
133.5336,379.6420,60.4381,112.2877,0.00128725,-0.08057081,0.01592265,0.99662087,9.24394,1.83063,-0.00000,35.00000,289.8199,2.8000,665.5474,69.8497,158.7795
133.7836,380.8695,61.3275,112.2832,0.00128811,-0.08056893,0.01593368,0.99662084,9.24372,1.83190,-0.00000,35.00000,289.8484,2.8000,666.7832,70.7374,158.9030
134.0336,382.1011,62.2205,112.2913,0.00128901,-0.08057032,0.01594445,0.99662056,9.24388,1.83314,-0.00000,35.00000,289.8705,2.8000,668.0237,71.6339,159.0320
134.2837,383.3374,63.1170,112.3112,0.00128994,-0.08057475,0.01595517,0.99662003,9.24439,1.83437,-0.00000,35.00000,289.8917,2.8000,669.2962,72.5603,159.1981
134.5337,384.5847,64.0147,112.3430,0.00129102,-0.08058278,0.01596684,0.99661919,9.24532,1.83571,-0.00000,35.00000,289.9385,2.8000,670.5679,73.4919,159.3641
134.7837,385.8418,64.9141,112.3858,0.00129223,-0.08059408,0.01597958,0.99661807,9.24662,1.83718,-0.00000,35.00000,289.9732,2.8000,671.8390,74.4288,159.5297
135.0337,387.1080,65.8156,112.4388,0.00129359,-0.08060834,0.01599351,0.99661669,9.24826,1.83878,0.00000,35.00000,289.9965,2.8000,673.1132,75.3788,159.7115
135.2837,388.3829,66.7176,112.5011,0.00129513,-0.08062573,0.01600905,0.99661503,9.25026,1.84057,-0.00000,35.00000,290.0160,2.8000,674.4118,76.3834,159.9980
135.5337,389.6672,67.6075,112.5707,0.00129708,-0.08064886,0.01602855,0.99661285,9.25293,1.84282,-0.00000,35.00000,290.0678,2.8000,675.7091,77.3919,160.2835
135.7837,390.9600,68.4871,112.6481,0.00129948,-0.08067743,0.01605247,0.99661015,9.25621,1.84557,-0.00000,35.00000,290.1089,2.8000,677.0050,78.4044,160.5680
136.0337,392.2609,69.3575,112.7336,0.00130235,-0.08071113,0.01608119,0.99660695,9.26009,1.84888,-0.00000,35.00000,290.1397,2.8000,678.2985,79.4249,160.8465
136.2837,393.5692,70.2189,112.8260,0.00130573,-0.08074956,0.01611524,0.99660328,9.26452,1.85280,-0.00000,35.00000,290.1594,2.8000,679.5848,80.4768,161.0918
136.5337,394.8838,71.0697,112.9169,0.00130973,-0.08079180,0.01615604,0.99659919,9.26938,1.85750,0.00000,35.00000,290.1618,2.8000,680.8694,81.5328,161.3358
136.7837,396.1946,71.9391,113.0082,0.00131428,-0.08083773,0.01620292,0.99659470,9.27467,1.86290,-0.00000,35.00000,290.1657,2.8000,682.1525,82.5930,161.5785
137.0337,397.5021,72.8253,113.1018,0.00131934,-0.08088718,0.01625531,0.99658983,9.28036,1.86893,-0.00000,35.00000,290.1704,2.8000,683.4318,83.6586,161.7900
137.2837,398.8066,73.7275,113.1982,0.00132486,-0.08093914,0.01631269,0.99658467,9.28635,1.87554,-0.00000,35.00000,290.1686,2.8000,684.6957,84.7376,161.8081
137.5337,400.1082,74.6487,113.2902,0.00133072,-0.08098830,0.01637481,0.99657965,9.29201,1.88269,-0.00000,35.00000,290.1236,2.8000,685.9580,85.8227,161.8254
137.7837,401.4076,75.5873,113.3789,0.00133688,-0.08103479,0.01644114,0.99657477,9.29736,1.89032,0.00000,35.00000,290.0794,2.8000,687.2187,86.9139,161.8420
138.0337,402.7048,76.5418,113.4653,0.00134332,-0.08107869,0.01651126,0.99657003,9.30242,1.89839,-0.00000,35.00000,290.0356,2.8000,688.4722,88.0099,161.8508
138.2837,403.9997,77.5106,113.5500,0.00134999,-0.08111989,0.01658474,0.99656545,9.30717,1.90685,0.00000,35.00000,289.9858,2.8000,689.6888,89.1018,161.8140
138.5337,405.2901,78.4924,113.6291,0.00135683,-0.08115748,0.01666095,0.99656110,9.31151,1.91561,-0.00000,35.00000,289.8969,2.8000,690.9033,90.1977,161.7770
138.7837,406.5766,79.4861,113.7004,0.00136381,-0.08119171,0.01673954,0.99655699,9.31545,1.92466,-0.00000,35.00000,289.8109,2.8000,692.1159,91.2975,161.7396
139.0337,407.8594,80.4904,113.7644,0.00137091,-0.08122282,0.01682021,0.99655309,9.31904,1.93394,0.00000,35.00000,289.7274,2.8000,693.3247,92.3982,161.6963
139.2837,409.1386,81.5043,113.8215,0.00137811,-0.08125091,0.01690262,0.99654939,9.32229,1.94342,0.00000,35.00000,289.6435,2.8000,694.5209,93.4844,161.6164
139.5337,410.4129,82.5256,113.8708,0.00138532,-0.08127524,0.01698594,0.99654598,9.32510,1.95300,-0.00000,35.00000,289.5469,2.8000,695.7156,94.5737,161.5364
139.7837,411.6827,83.5536,113.9130,0.00139254,-0.08129606,0.01707003,0.99654284,9.32751,1.96268,-0.00000,35.00000,289.4541,2.8000,696.9087,95.6660,161.4564
140.0337,412.9485,84.5878,113.9486,0.00139976,-0.08131360,0.01715474,0.99653994,9.32954,1.97242,0.00000,35.00000,289.3646,2.8000,698.0942,96.7724,161.3515
140.2837,414.2104,85.6279,113.9772,0.00140699,-0.08132742,0.01724037,0.99653733,9.33114,1.98227,-0.00000,35.00000,289.2689,2.8000,699.2397,97.9520,161.0870
140.5337,415.4674,86.6764,113.9921,0.00141436,-0.08133361,0.01732931,0.99653527,9.33187,1.99250,-0.00000,35.00000,289.1167,2.8000,700.3821,99.1338,160.8220
140.7837,416.7201,87.7326,113.9947,0.00142185,-0.08133262,0.01742129,0.99653373,9.33177,2.00307,-0.00000,35.00000,288.9675,2.8000,701.5213,100.3178,160.5567
141.0337,417.9689,88.7960,113.9866,0.00142945,-0.08132486,0.01751606,0.99653270,9.33089,2.01397,-0.00000,35.00000,288.8206,2.8000,702.6610,101.5059,160.2867
141.2838,419.2142,89.8663,113.9681,0.00143714,-0.08131056,0.01761346,0.99653213,9.32926,2.02517,-0.00000,35.00000,288.6784,2.8000,703.8198,102.7093,159.9884
141.5338,420.4574,90.9444,113.9338,0.00144495,-0.08128939,0.01771369,0.99653207,9.32684,2.03669,-0.00000,35.00000,288.5555,2.8000,704.9751,103.9156,159.6897
141.7838,421.6986,92.0297,113.8858,0.00145284,-0.08126183,0.01781652,0.99653248,9.32369,2.04851,0.00000,35.00000,288.4330,2.8000,706.1269,105.1245,159.3905
142.0338,422.9362,93.1257,113.8260,0.00146081,-0.08122830,0.01792162,0.99653331,9.31985,2.06059,-0.00000,35.00000,288.3123,2.8000,707.2894,106.3256,159.1114
142.2838,424.1707,94.2308,113.7558,0.00146880,-0.08118971,0.01802830,0.99653452,9.31543,2.07285,-0.00000,35.00000,288.2097,2.8000,708.5405,107.4624,158.9639
142.5338,425.4041,95.3384,113.6751,0.00147668,-0.08114979,0.01813396,0.99653585,9.31086,2.08499,0.00000,35.00000,288.2165,2.8000,709.7892,108.6035,158.8162
142.7838,426.6382,96.4439,113.5856,0.00148447,-0.08110880,0.01823884,0.99653726,9.30617,2.09705,-0.00000,35.00000,288.2217,2.8000,711.0352,109.7488,158.6683
143.0338,427.8755,97.5420,113.4889,0.00149221,-0.08106700,0.01834339,0.99653873,9.30138,2.10906,-0.00000,35.00000,288.2228,2.8000,712.2846,110.8922,158.5250
143.2838,429.1157,98.6333,113.3858,0.00149992,-0.08102471,0.01844781,0.99654023,9.29653,2.12106,-0.00000,35.00000,288.2261,2.8000,713.5687,112.0012,158.4126
143.5338,430.3590,99.7172,113.2748,0.00150753,-0.08098289,0.01855105,0.99654170,9.29174,2.13292,-0.00000,35.00000,288.2661,2.8000,714.8510,113.1147,158.2998
143.7838,431.6047,100.7954,113.1579,0.00151508,-0.08094171,0.01865351,0.99654312,9.28703,2.14470,-0.00000,35.00000,288.3032,2.8000,716.1313,114.2326,158.1866
144.0338,432.8524,101.8690,113.0365,0.00152261,-0.08090131,0.01875555,0.99654447,9.28240,2.15643,-0.00000,35.00000,288.3374,2.8000,717.4257,115.3514,158.0815
144.2838,434.1024,102.9390,112.9122,0.00153012,-0.08086191,0.01885731,0.99654574,9.27788,2.16812,0.00000,35.00000,288.3852,2.8000,718.8213,116.4526,158.0294
144.5338,435.3585,104.0081,112.7870,0.00153759,-0.08082461,0.01895805,0.99654684,9.27361,2.17970,-0.00000,35.00000,288.5347,2.8000,720.2151,117.5591,157.9769
144.7838,436.6202,105.0770,112.6620,0.00154502,-0.08078939,0.01905798,0.99654778,9.26958,2.19118,-0.00000,35.00000,288.6772,2.8000,721.6072,118.6707,157.9241
145.0338,437.8866,106.1462,112.5385,0.00155243,-0.08075619,0.01915732,0.99654856,9.26578,2.20260,-0.00000,35.00000,288.8130,2.8000,722.9983,119.7857,157.8776
145.2838,439.1572,107.2166,112.4177,0.00155984,-0.08072511,0.01925616,0.99654916,9.26222,2.21396,0.00000,35.00000,288.9446,2.8000,724.3935,120.8941,157.8742
145.5338,440.4309,108.2899,112.3031,0.00156723,-0.08069713,0.01935416,0.99654951,9.25903,2.22522,0.00000,35.00000,289.0825,2.8000,725.7868,122.0076,157.8705
145.7838,441.7074,109.3666,112.1952,0.00157462,-0.08067204,0.01945140,0.99654964,9.25616,2.23640,-0.00000,35.00000,289.2147,2.8000,727.1782,123.1262,157.8666
146.0338,442.9861,110.4470,112.0943,0.00158199,-0.08064960,0.01954797,0.99654956,9.25360,2.24750,-0.00000,35.00000,289.3418,2.8000,728.5546,124.2482,157.8792
146.2838,444.2660,111.5315,112.0018,0.00158937,-0.08063007,0.01964387,0.99654924,9.25137,2.25852,-0.00000,35.00000,289.4541,2.8000,729.8460,125.3645,157.9991
146.5338,445.5432,112.6198,111.9248,0.00159679,-0.08061635,0.01973889,0.99654846,9.24981,2.26945,-0.00000,35.00000,289.4996,2.8000,731.1353,126.4854,158.1187
146.7838,446.8175,113.7122,111.8626,0.00160424,-0.08060794,0.01983306,0.99654726,9.24886,2.28028,-0.00000,35.00000,289.5435,2.8000,732.4225,127.6109,158.2381
147.0338,448.0890,114.8088,111.8144,0.00161172,-0.08060433,0.01992643,0.99654567,9.24846,2.29101,-0.00000,35.00000,289.5858,2.8000,733.6903,128.7388,158.3748
147.2838,449.3569,115.9098,111.7814,0.00161924,-0.08060558,0.02001895,0.99654371,9.24862,2.30165,-0.00000,35.00000,289.6126,2.8000,734.8452,129.8576,158.6228
147.5338,450.6167,117.0152,111.7749,0.00162681,-0.08061448,0.02011032,0.99654114,9.24966,2.31216,-0.00000,35.00000,289.5493,2.8000,735.9980,130.9798,158.8703
147.7838,451.8687,118.1249,111.7928,0.00163443,-0.08063017,0.02020052,0.99653803,9.25148,2.32253,-0.00000,35.00000,289.4875,2.8000,737.1486,132.1054,159.1173
148.0338,453.1133,119.2388,111.8334,0.00164208,-0.08065188,0.02028954,0.99653445,9.25400,2.33277,0.00000,35.00000,289.4270,2.8000,738.2909,133.2334,159.3556
148.2838,454.3506,120.3571,111.8936,0.00164974,-0.08067872,0.02037732,0.99653048,9.25710,2.34287,0.00000,35.00000,289.3610,2.8000,739.3927,134.3586,159.5416
148.5338,455.5779,121.4810,111.9643,0.00165736,-0.08070896,0.02046366,0.99652624,9.26059,2.35281,0.00000,35.00000,289.2544,2.8000,740.4926,135.4865,159.7273
148.7839,456.7960,122.6102,112.0446,0.00166492,-0.08074224,0.02054847,0.99652179,9.26443,2.36256,0.00000,35.00000,289.1534,2.8000,741.5907,136.6173,159.9124
149.0339,458.0053,123.7446,112.1341,0.00167241,-0.08077820,0.02063168,0.99651714,9.26859,2.37214,-0.00000,35.00000,289.0574,2.8000,742.6865,137.7512,160.0974
149.2839,459.2064,124.8843,112.2324,0.00167983,-0.08081653,0.02071324,0.99651233,9.27301,2.38153,-0.00000,35.00000,288.9659,2.8000,743.7789,138.8904,160.2836
149.5339,460.3992,126.0303,112.3400,0.00168716,-0.08085693,0.02079315,0.99650738,9.27767,2.39072,0.00000,35.00000,288.8776,2.8000,744.8694,140.0321,160.4693
149.7839,461.5842,127.1825,112.4472,0.00169440,-0.08089933,0.02087128,0.99650229,9.28256,2.39972,-0.00000,35.00000,288.7952,2.8000,745.9582,141.1762,160.6545
150.0339,462.7617,128.3407,112.5526,0.00170153,-0.08094373,0.02094754,0.99649707,9.28768,2.40849,-0.00000,35.00000,288.7184,2.8000,747.0469,142.3236,160.8348
150.2839,463.9320,129.5045,112.6560,0.00170855,-0.08098996,0.02102186,0.99649174,9.29301,2.41705,-0.00000,35.00000,288.6481,2.8000,748.1450,143.4787,160.9866
150.5339,465.0964,130.6710,112.7549,0.00171546,-0.08103726,0.02109445,0.99648635,9.29847,2.42541,0.00000,35.00000,288.5891,2.8000,749.2405,144.6364,161.1378
150.7839,466.2553,131.8401,112.8499,0.00172227,-0.08108567,0.02116533,0.99648090,9.30405,2.43357,-0.00000,35.00000,288.5336,2.8000,750.3335,145.7966,161.2885
151.0339,467.4087,133.0119,112.9414,0.00172896,-0.08113526,0.02123453,0.99647538,9.30976,2.44153,-0.00000,35.00000,288.4813,2.8000,751.4227,146.9619,161.4278
151.2839,468.5571,134.1863,113.0292,0.00173556,-0.08118578,0.02130216,0.99646981,9.31559,2.44932,-0.00000,35.00000,288.4292,2.8000,752.5017,148.1464,161.4979
151.5339,469.6998,135.3637,113.1098,0.00174207,-0.08123547,0.02136886,0.99646432,9.32132,2.45700,-0.00000,35.00000,288.3631,2.8000,753.5789,149.3328,161.5674
151.7839,470.8364,136.5455,113.1840,0.00174849,-0.08128450,0.02143456,0.99645890,9.32697,2.46457,-0.00000,35.00000,288.3021,2.8000,754.6542,150.5211,161.6365
152.0339,471.9671,137.7312,113.2529,0.00175482,-0.08133300,0.02149918,0.99645354,9.33256,2.47201,-0.00000,35.00000,288.2458,2.8000,755.7280,151.7145,161.6909
152.2839,473.0921,138.9208,113.3165,0.00176105,-0.08138068,0.02156279,0.99644826,9.33805,2.47933,0.00000,35.00000,288.1921,2.8000,756.8022,152.9308,161.6549
152.5339,474.2106,140.1155,113.3711,0.00176719,-0.08142522,0.02162604,0.99644324,9.34319,2.48662,-0.00000,35.00000,288.1325,2.8000,757.8755,154.1485,161.6187
152.7839,475.3229,141.3151,113.4177,0.00177324,-0.08146686,0.02168882,0.99643846,9.34799,2.49385,-0.00000,35.00000,288.0792,2.8000,758.9479,155.3677,161.5822
153.0339,476.4292,142.5194,113.4574,0.00177918,-0.08150582,0.02175100,0.99643391,9.35248,2.50100,0.00000,35.00000,288.0318,2.8000,760.0250,156.5906,161.5341
153.2839,477.5305,143.7263,113.4908,0.00178502,-0.08154194,0.02181262,0.99642959,9.35665,2.50810,-0.00000,35.00000,287.9932,2.8000,761.1369,157.8290,161.4128
153.5339,478.6316,144.9271,113.5158,0.00179077,-0.08157326,0.02187442,0.99642567,9.36026,2.51521,-0.00000,35.00000,287.9794,2.8000,762.2464,159.0697,161.2915
153.7839,479.7325,146.1222,113.5331,0.00179646,-0.08160008,0.02193669,0.99642209,9.36336,2.52238,-0.00000,35.00000,287.9650,2.8000,763.3534,160.3125,161.1703
154.0339,480.8329,147.3123,113.5435,0.00180213,-0.08162269,0.02199968,0.99641884,9.36597,2.52963,0.00000,35.00000,287.9500,2.8000,764.4546,161.5560,161.0456
154.2839,481.9328,148.4983,113.5474,0.00180778,-0.08164126,0.02206356,0.99641590,9.36812,2.53698,-0.00000,35.00000,287.9305,2.8000,765.5324,162.7921,160.8994
154.5339,483.0325,149.6838,113.5431,0.00181339,-0.08165559,0.02212810,0.99641328,9.36979,2.54440,0.00000,35.00000,287.8854,2.8000,766.6077,164.0303,160.7532
154.7839,484.1321,150.8689,113.5316,0.00181897,-0.08166597,0.02219338,0.99641097,9.37099,2.55191,0.00000,35.00000,287.8395,2.8000,767.6805,165.2705,160.6071
155.0339,485.2313,152.0537,113.5137,0.00182454,-0.08167265,0.02225947,0.99640893,9.37178,2.55951,0.00000,35.00000,287.7926,2.8000,768.7447,166.5126,160.4595
155.2839,486.3293,153.2382,113.4897,0.00183011,-0.08167587,0.02232645,0.99640716,9.37216,2.56722,-0.00000,35.00000,287.7392,2.8000,769.7673,167.7565,160.3026
155.5339,487.4218,154.4219,113.4573,0.00183568,-0.08167581,0.02239445,0.99640563,9.37217,2.57504,-0.00000,35.00000,287.6503,2.8000,770.7876,169.0022,160.1456
155.7840,488.5090,155.6051,113.4175,0.00184128,-0.08167274,0.02246353,0.99640432,9.37183,2.58298,0.00000,35.00000,287.5654,2.8000,771.8054,170.2497,159.9886
156.0340,489.5913,156.7879,113.3713,0.00184690,-0.08166686,0.02253374,0.99640320,9.37117,2.59106,-0.00000,35.00000,287.4842,2.8000,772.8287,171.4795,159.8255
156.2840,490.6687,157.9704,113.3192,0.00185250,-0.08165817,0.02260441,0.99640230,9.37018,2.59918,0.00000,35.00000,287.4125,2.8000,773.9010,172.5882,159.6237
156.5340,491.7399,159.1531,113.2607,0.00185767,-0.08164556,0.02267102,0.99640181,9.36875,2.60684,0.00000,35.00000,287.3849,2.8000,774.9712,173.6996,159.4215
156.7840,492.8055,160.3359,113.1971,0.00186244,-0.08162924,0.02273373,0.99640171,9.36688,2.61405,0.00000,35.00000,287.3617,2.8000,776.0392,174.8137,159.2189
157.0340,493.8658,161.5188,113.1291,0.00186682,-0.08160934,0.02279272,0.99640199,9.36461,2.62083,-0.00000,35.00000,287.3422,2.8000,777.1171,175.9131,159.0180
157.2840,494.9215,162.7021,113.0580,0.00187077,-0.08158601,0.02284749,0.99640264,9.36194,2.62712,-0.00000,35.00000,287.3372,2.8000,778.2706,176.9058,158.8286
157.5340,495.9759,163.8879,112.9864,0.00187396,-0.08155933,0.02289402,0.99640375,9.35888,2.63247,-0.00000,35.00000,287.4053,2.8000,779.4226,177.9017,158.6376
157.7840,497.0291,165.0756,112.9151,0.00187642,-0.08152929,0.02293252,0.99640532,9.35543,2.63689,-0.00000,35.00000,287.4730,2.8000,780.5731,178.9007,158.4450
158.0340,498.0735,166.2744,112.8446,0.00187813,-0.08149585,0.02296287,0.99640735,9.35159,2.64037,-0.00000,35.00000,287.5468,2.8000,781.7215,179.9187,158.2775
158.2840,499.1049,167.4891,112.7766,0.00187912,-0.08145966,0.02298533,0.99640979,9.34744,2.64295,0.00000,35.00000,287.6353,2.8000,782.8653,181.0407,158.2790
158.5340,500.1277,168.7126,112.7182,0.00187981,-0.08142527,0.02300351,0.99641218,9.34348,2.64503,-0.00000,35.00000,287.7573,2.8000,784.0071,182.1656,158.2800
158.7840,501.1423,169.9443,112.6692,0.00188017,-0.08139234,0.02301730,0.99641455,9.33970,2.64661,0.00000,35.00000,287.8836,2.8000,785.1469,183.2935,158.2805
159.0340,502.1490,171.1836,112.6292,0.00188020,-0.08136054,0.02302662,0.99641693,9.33605,2.64767,-0.00000,35.00000,288.0139,2.8000,786.2790,184.4274,158.2849
159.2840,503.1492,172.4302,112.5977,0.00187988,-0.08132973,0.02303151,0.99641933,9.33250,2.64823,0.00000,35.00000,288.1421,2.8000,787.3721,185.5843,158.3159
159.5340,504.1493,173.6864,112.5733,0.00187929,-0.08130063,0.02303263,0.99642169,9.32916,2.64835,0.00000,35.00000,288.2357,2.8000,788.4629,186.7438,158.3466
159.7840,505.1489,174.9514,112.5557,0.00187842,-0.08127300,0.02302982,0.99642401,9.32598,2.64802,-0.00000,35.00000,288.3260,2.8000,789.5514,187.9058,158.3769
160.0340,506.1478,176.2247,112.5448,0.00187725,-0.08124664,0.02302296,0.99642632,9.32295,2.64723,-0.00000,35.00000,288.4134,2.8000,790.6277,189.0872,158.4210
160.2840,507.1465,177.5045,112.5400,0.00187583,-0.08122179,0.02301263,0.99642858,9.32009,2.64603,-0.00000,35.00000,288.4905,2.8000,791.6388,190.3778,158.5557
160.5340,508.1504,178.7836,112.5400,0.00187456,-0.08120115,0.02300298,0.99643049,9.31771,2.64492,-0.00000,35.00000,288.5168,2.8000,792.6464,191.6701,158.6902
160.7840,509.1585,180.0626,112.5445,0.00187345,-0.08118456,0.02299407,0.99643205,9.31580,2.64389,-0.00000,35.00000,288.5347,2.8000,793.6505,192.9642,158.8246
161.0340,510.1701,181.3417,112.5533,0.00187249,-0.08117185,0.02298598,0.99643327,9.31434,2.64296,0.00000,35.00000,288.5450,2.8000,794.6470,194.2658,158.9638
161.2840,511.1855,182.6207,112.5665,0.00187172,-0.08116302,0.02297896,0.99643416,9.31332,2.64215,-0.00000,35.00000,288.5444,2.8000,795.6137,195.6063,159.1343
161.5340,512.2079,183.8991,112.5864,0.00187125,-0.08115886,0.02297448,0.99643460,9.31284,2.64163,-0.00000,35.00000,288.5132,2.8000,796.5765,196.9480,159.3045
161.7840,513.2365,185.1771,112.6125,0.00187111,-0.08115916,0.02297257,0.99643462,9.31287,2.64141,0.00000,35.00000,288.4710,2.8000,797.5354,198.2909,159.4744
162.0340,514.2705,186.4551,112.6444,0.00187127,-0.08116372,0.02297324,0.99643423,9.31340,2.64149,0.00000,35.00000,288.4186,2.8000,798.4916,199.6341,159.6430
162.2840,515.3096,187.7333,112.6818,0.00187173,-0.08117230,0.02297643,0.99643346,9.31439,2.64186,-0.00000,35.00000,288.3575,2.8000,799.4520,200.9726,159.8055
162.5340,516.3544,189.0120,112.7265,0.00187246,-0.08118448,0.02298193,0.99643234,9.31579,2.64250,0.00000,35.00000,288.2925,2.8000,800.4085,202.3123,159.9678
162.7840,517.4041,190.2914,112.7781,0.00187345,-0.08120003,0.02298971,0.99643089,9.31758,2.64339,-0.00000,35.00000,288.2176,2.8000,801.3610,203.6532,160.1298
163.0340,518.4584,191.5717,112.8364,0.00187471,-0.08121875,0.02299976,0.99642913,9.31973,2.64455,0.00000,35.00000,288.1333,2.8000,802.3094,204.9953,160.2915
163.2841,519.5165,192.8530,112.9008,0.00187621,-0.08124044,0.02301204,0.99642708,9.32223,2.64597,-0.00000,35.00000,288.0399,2.8000,803.2528,206.3382,160.4533
163.5341,520.5784,194.1343,112.9707,0.00187797,-0.08126493,0.02302656,0.99642474,9.32505,2.64765,-0.00000,35.00000,287.9372,2.8000,804.1922,207.6822,160.6149
163.7841,521.6434,195.4159,113.0387,0.00187997,-0.08129227,0.02304331,0.99642212,9.32820,2.64958,-0.00000,35.00000,287.8276,2.8000,805.1275,209.0272,160.7762
164.0341,522.7112,196.6980,113.1047,0.00188222,-0.08132249,0.02306228,0.99641921,9.33168,2.65177,-0.00000,35.00000,287.7117,2.8000,806.0658,210.3781,160.9338
164.2841,523.7820,197.9803,113.1693,0.00188473,-0.08135548,0.02308363,0.99641602,9.33548,2.65423,-0.00000,35.00000,287.5956,2.8000,807.0437,211.7530,161.0693
164.5341,524.8584,199.2585,113.2340,0.00188756,-0.08139040,0.02310828,0.99641259,9.33950,2.65707,-0.00000,35.00000,287.5106,2.8000,808.0176,213.1288,161.2044
164.7841,525.9397,200.5331,113.2991,0.00189072,-0.08142723,0.02313635,0.99640892,9.34374,2.66031,-0.00000,35.00000,287.4170,2.8000,808.9876,214.5055,161.3392
165.0341,527.0142,201.8151,113.3643,0.00189417,-0.08146592,0.02316752,0.99640503,9.34820,2.66390,-0.00000,35.00000,287.3258,2.8000,809.9531,215.8847,161.4673
165.2841,528.0785,203.1079,113.4297,0.00189789,-0.08150622,0.02320142,0.99640094,9.35284,2.66781,-0.00000,35.00000,287.2387,2.8000,810.9107,217.2761,161.5553
165.5341,529.1348,204.4127,113.4933,0.00190184,-0.08154701,0.02323801,0.99639674,9.35754,2.67203,0.00000,35.00000,287.1455,2.8000,811.8641,218.6685,161.6429
165.7841,530.1836,205.7285,113.5554,0.00190600,-0.08158831,0.02327686,0.99639244,9.36229,2.67650,-0.00000,35.00000,287.0554,2.8000,812.8133,220.0617,161.7301
166.0341,531.2251,207.0541,113.6160,0.00191032,-0.08163013,0.02331759,0.99638806,9.36711,2.68120,-0.00000,35.00000,286.9679,2.8000,813.7518,221.4614,161.7994
166.2841,532.2593,208.3890,113.6746,0.00191479,-0.08167201,0.02336007,0.99638362,9.37194,2.68609,0.00000,35.00000,286.8744,2.8000,814.6453,222.8977,161.7566
166.5341,533.2840,209.7339,113.7267,0.00191942,-0.08171113,0.02340529,0.99637935,9.37645,2.69130,-0.00000,35.00000,286.7297,2.8000,815.5345,224.3330,161.7132
166.7841,534.3001,211.0878,113.7728,0.00192419,-0.08174765,0.02345283,0.99637522,9.38066,2.69678,-0.00000,35.00000,286.5898,2.8000,816.4195,225.7672,161.6693
167.0341,535.3084,212.4498,113.8134,0.00192906,-0.08178174,0.02350231,0.99637125,9.38459,2.70247,0.00000,35.00000,286.4536,2.8000,817.2961,227.2027,161.6102
167.2841,536.3093,213.8191,113.8482,0.00193401,-0.08181319,0.02355346,0.99636745,9.38822,2.70836,0.00000,35.00000,286.3148,2.8000,818.1427,228.6518,161.4574
167.5341,537.3006,215.1964,113.8732,0.00193900,-0.08183974,0.02360650,0.99636400,9.39128,2.71447,-0.00000,35.00000,286.1423,2.8000,818.9852,230.0993,161.3041
167.7841,538.2837,216.5807,113.8893,0.00194401,-0.08186168,0.02366108,0.99636090,9.39382,2.72075,-0.00000,35.00000,285.9748,2.8000,819.8236,231.5451,161.1504
168.0341,539.2590,217.9703,113.8975,0.00194902,-0.08187929,0.02371689,0.99635811,9.39586,2.72717,0.00000,35.00000,285.8118,2.8000,820.6647,232.9850,160.9950
168.2841,540.2256,219.3625,113.8984,0.00195400,-0.08189274,0.02377358,0.99635565,9.39742,2.73370,0.00000,35.00000,285.6606,2.8000,821.5445,234.3979,160.8320
168.5341,541.1852,220.7594,113.8905,0.00195886,-0.08190193,0.02382989,0.99635354,9.39849,2.74018,0.00000,35.00000,285.5531,2.8000,822.4195,235.8113,160.6688
168.7841,542.1425,222.1568,113.8750,0.00196358,-0.08190714,0.02388583,0.99635176,9.39910,2.74661,-0.00000,35.00000,285.4443,2.8000,823.2895,237.2250,160.5055
169.0341,543.0998,223.5527,113.8531,0.00196820,-0.08190864,0.02394149,0.99635029,9.39928,2.75301,0.00000,35.00000,285.3318,2.8000,824.1542,238.6482,160.3386
169.2841,544.0573,224.9468,113.8251,0.00197274,-0.08190659,0.02399728,0.99634911,9.39906,2.75943,-0.00000,35.00000,285.2148,2.8000,825.0101,240.1286,160.1491
169.5341,545.0160,226.3366,113.7860,0.00197738,-0.08190073,0.02405550,0.99634818,9.39840,2.76612,-0.00000,35.00000,285.0887,2.8000,825.8600,241.6094,159.9592
169.7841,545.9754,227.7228,113.7379,0.00198215,-0.08189142,0.02411624,0.99634747,9.39734,2.77311,-0.00000,35.00000,284.9577,2.8000,826.7041,243.0904,159.7690
170.0341,546.9344,229.1062,113.6824,0.00198706,-0.08187893,0.02417958,0.99634695,9.39592,2.78039,-0.00000,35.00000,284.8225,2.8000,827.5442,244.5722,159.5790
170.2841,547.8920,230.4880,113.6204,0.00199210,-0.08186351,0.02424556,0.99634660,9.39416,2.78797,-0.00000,35.00000,284.6860,2.8000,828.3905,246.0579,159.3928
170.5341,548.8515,231.8663,113.5485,0.00199732,-0.08184559,0.02431439,0.99634639,9.39212,2.79589,-0.00000,35.00000,284.5565,2.8000,829.2307,247.5438,159.2062
170.7841,549.8122,233.2415,113.4680,0.00200273,-0.08182546,0.02438615,0.99634627,9.38982,2.80413,-0.00000,35.00000,284.4212,2.8000,830.0648,249.0297,159.0192
171.0342,550.7734,234.6142,113.3805,0.00200832,-0.08180339,0.02446089,0.99634624,9.38730,2.81273,-0.00000,35.00000,284.2806,2.8000,830.9034,250.5010,158.8323
171.2842,551.7285,235.9893,113.2872,0.00201406,-0.08177953,0.02453790,0.99634630,9.38457,2.82158,0.00000,35.00000,284.1508,2.8000,831.8048,251.8810,158.6477
171.5342,552.6828,237.3611,113.1882,0.00201965,-0.08175387,0.02461377,0.99634652,9.38164,2.83030,-0.00000,35.00000,284.0810,2.8000,832.7007,253.2616,158.4626
171.7842,553.6360,238.7295,113.0846,0.00202512,-0.08172656,0.02468868,0.99634690,9.37852,2.83891,0.00000,35.00000,284.0077,2.8000,833.5911,254.6430,158.2770
172.0342,554.5877,240.0952,112.9776,0.00203048,-0.08169775,0.02476279,0.99634741,9.37522,2.84742,-0.00000,35.00000,283.9310,2.8000,834.4866,256.0138,158.1022
172.2842,555.5386,241.4575,112.8683,0.00203572,-0.08166780,0.02483583,0.99634804,9.37179,2.85582,-0.00000,35.00000,283.8619,2.8000,835.4437,257.3153,157.9982
172.5342,556.4876,242.8165,112.7598,0.00204068,-0.08163848,0.02490527,0.99634869,9.36844,2.86380,-0.00000,35.00000,283.8639,2.8000,836.3962,258.6182,157.8935
172.7842,557.4310,244.1726,112.6525,0.00204537,-0.08160972,0.02497133,0.99634939,9.36514,2.87139,-0.00000,35.00000,283.8666,2.8000,837.3440,259.9224,157.7881
173.0342,558.3683,245.5252,112.5468,0.00204981,-0.08158143,0.02503426,0.99635012,9.36190,2.87862,-0.00000,35.00000,283.8706,2.8000,838.2878,261.2302,157.7058
173.2842,559.2995,246.8750,112.4439,0.00205405,-0.08155418,0.02509435,0.99635083,9.35878,2.88552,-0.00000,35.00000,283.8802,2.8000,839.2309,262.5530,157.7733
173.5342,560.2253,248.2249,112.3515,0.00205822,-0.08153194,0.02515219,0.99635118,9.35624,2.89217,0.00000,35.00000,283.9176,2.8000,840.1691,263.8769,157.8405
173.7842,561.1454,249.5750,112.2690,0.00206233,-0.08151432,0.02520786,0.99635121,9.35423,2.89857,-0.00000,35.00000,283.9542,2.8000,841.1025,265.2020,157.9074
174.0342,562.0598,250.9255,112.1959,0.00206637,-0.08150097,0.02526143,0.99635093,9.35271,2.90473,-0.00000,35.00000,283.9901,2.8000,842.0208,266.5305,157.9788
174.2842,562.9684,252.2763,112.1326,0.00207036,-0.08149171,0.02531307,0.99635037,9.35165,2.91066,-0.00000,35.00000,284.0160,2.8000,842.8696,267.8743,158.0794
174.5342,563.8700,253.6269,112.0859,0.00207437,-0.08148711,0.02536351,0.99634946,9.35114,2.91646,-0.00000,35.00000,283.9831,2.8000,843.7133,269.2187,158.1798
174.7842,564.7646,254.9774,112.0546,0.00207839,-0.08148665,0.02541280,0.99634823,9.35109,2.92213,-0.00000,35.00000,283.9495,2.8000,844.5519,270.5637,158.2799
175.0342,565.6524,256.3280,112.0376,0.00208242,-0.08148983,0.02546098,0.99634673,9.35147,2.92767,0.00000,35.00000,283.9152,2.8000,845.3819,271.9115,158.3842
175.2842,566.5334,257.6790,112.0351,0.00208645,-0.08149629,0.02550816,0.99634499,9.35223,2.93310,0.00000,35.00000,283.8776,2.8000,846.1853,273.2736,158.5169
175.5342,567.4058,259.0321,112.0531,0.00209053,-0.08150630,0.02555484,0.99634296,9.35339,2.93847,-0.00000,35.00000,283.8239,2.8000,846.9833,274.6360,158.6494
175.7842,568.2701,260.3874,112.0899,0.00209464,-0.08151923,0.02560096,0.99634071,9.35489,2.94378,0.00000,35.00000,283.7699,2.8000,847.7761,275.9987,158.7818
176.0342,569.1263,261.7446,112.1441,0.00209876,-0.08153453,0.02564648,0.99633828,9.35666,2.94902,-0.00000,35.00000,283.7156,2.8000,848.5579,277.3616,158.9328
176.2842,569.9748,263.1038,112.2134,0.00210289,-0.08155227,0.02569133,0.99633567,9.35871,2.95418,0.00000,35.00000,283.6586,2.8000,849.2996,278.7237,159.2015
176.5342,570.8149,264.4657,112.2911,0.00210712,-0.08157572,0.02573546,0.99633260,9.36142,2.95926,0.00000,35.00000,283.5880,2.8000,850.0377,280.0860,159.4701
176.7842,571.6467,265.8302,112.3770,0.00211142,-0.08160452,0.02577877,0.99632911,9.36474,2.96425,0.00000,35.00000,283.5205,2.8000,850.7723,281.4483,159.7384
177.0342,572.4703,267.1970,112.4690,0.00211578,-0.08163838,0.02582121,0.99632523,9.36864,2.96914,-0.00000,35.00000,283.4565,2.8000,851.5028,282.8095,160.0070
177.2842,573.2858,268.5661,112.5656,0.00212018,-0.08167707,0.02586264,0.99632097,9.37310,2.97392,-0.00000,35.00000,283.3954,2.8000,852.2266,284.1628,160.2782
177.5343,574.0928,269.9375,112.6653,0.00212461,-0.08172051,0.02590271,0.99631636,9.37811,2.97854,0.00000,35.00000,283.3357,2.8000,852.9476,285.5161,160.5490
177.7843,574.8913,271.3110,112.7651,0.00212904,-0.08176857,0.02594135,0.99631140,9.38365,2.98299,-0.00000,35.00000,283.2814,2.8000,853.6660,286.8694,160.8193
178.0343,575.6815,272.6868,112.8662,0.00213347,-0.08182109,0.02597850,0.99630612,9.38970,2.98728,-0.00000,35.00000,283.2323,2.8000,854.3844,288.2217,161.0714
178.2843,576.4633,274.0644,112.9692,0.00213787,-0.08187738,0.02601408,0.99630055,9.39618,2.99138,-0.00000,35.00000,283.1881,2.8000,855.1166,289.5681,161.2113
178.5343,577.2353,275.4428,113.0721,0.00214214,-0.08193404,0.02604782,0.99629500,9.40271,2.99528,-0.00000,35.00000,283.1485,2.8000,855.8437,290.9140,161.3509
178.7843,577.9980,276.8220,113.1756,0.00214627,-0.08199102,0.02607970,0.99628947,9.40927,2.99896,-0.00000,35.00000,283.1128,2.8000,856.5657,292.2593,161.4900
179.0343,578.7515,278.2021,113.2758,0.00215025,-0.08204836,0.02610971,0.99628396,9.41587,3.00243,-0.00000,35.00000,283.0815,2.8000,857.2829,293.6046,161.6125
179.2843,579.4959,279.5825,113.3727,0.00215408,-0.08210565,0.02613786,0.99627849,9.42247,3.00568,-0.00000,35.00000,283.0522,2.8000,857.9973,294.9524,161.6316
179.5343,580.2299,280.9604,113.4622,0.00215771,-0.08216010,0.02616436,0.99627330,9.42874,3.00874,-0.00000,35.00000,283.0148,2.8000,858.7065,296.2998,161.6505
179.7843,580.9541,282.3360,113.5456,0.00216114,-0.08221189,0.02618931,0.99626836,9.43470,3.01162,0.00000,35.00000,282.9831,2.8000,859.4106,297.6468,161.6692
180.0343,581.6686,283.7095,113.6238,0.00216438,-0.08226118,0.02621280,0.99626367,9.44037,3.01433,-0.00000,35.00000,282.9568,2.8000,860.1086,298.9934,161.6795
180.2843,582.3736,285.0810,113.6966,0.00216745,-0.08230793,0.02623489,0.99625922,9.44576,3.01689,-0.00000,35.00000,282.9332,2.8000,860.7946,300.3400,161.6379
180.5343,583.0695,286.4497,113.7568,0.00217031,-0.08235104,0.02625574,0.99625510,9.45072,3.01930,0.00000,35.00000,282.9004,2.8000,861.4753,301.6863,161.5962
180.7843,583.7568,287.8158,113.8062,0.00217300,-0.08239086,0.02627544,0.99625129,9.45531,3.02157,-0.00000,35.00000,282.8728,2.8000,862.1505,303.0321,161.5545
181.0343,584.4357,289.1792,113.8468,0.00217553,-0.08242770,0.02629410,0.99624774,9.45955,3.02373,-0.00000,35.00000,282.8495,2.8000,862.8179,304.3770,161.4856
181.2843,585.1069,290.5404,113.8783,0.00217788,-0.08246108,0.02631178,0.99624451,9.46339,3.02577,-0.00000,35.00000,282.8232,2.8000,863.4642,305.7179,161.2463
181.5343,585.7799,291.8963,113.8903,0.00217995,-0.08248681,0.02632860,0.99624193,9.46636,3.02771,-0.00000,35.00000,282.7494,2.8000,864.1049,307.0583,161.0071
181.7843,586.4552,293.2468,113.8862,0.00218179,-0.08250551,0.02634478,0.99623995,9.46851,3.02958,-0.00000,35.00000,282.6708,2.8000,864.7401,308.3982,160.7677
182.0343,587.1325,294.5922,113.8692,0.00218342,-0.08251770,0.02636051,0.99623852,9.46992,3.03139,-0.00000,35.00000,282.5870,2.8000,865.3666,309.7387,160.5261
182.2843,587.8114,295.9325,113.8415,0.00218487,-0.08252379,0.02637604,0.99623760,9.47062,3.03318,0.00000,35.00000,282.4949,2.8000,865.9685,311.0863,160.2708
182.5343,588.4895,297.2672,113.7997,0.00218619,-0.08252399,0.02639188,0.99623716,9.47065,3.03500,-0.00000,35.00000,282.3798,2.8000,866.5650,312.4333,160.0154
182.7843,589.1671,298.5967,113.7464,0.00218740,-0.08251874,0.02640821,0.99623716,9.47005,3.03688,-0.00000,35.00000,282.2621,2.8000,867.1561,313.7798,159.7600
183.0343,589.8442,299.9210,113.6840,0.00218853,-0.08250842,0.02642519,0.99623756,9.46887,3.03883,-0.00000,35.00000,282.1413,2.8000,867.7409,315.1240,159.5141
183.2843,590.5206,301.2405,113.6145,0.00218961,-0.08249362,0.02644292,0.99623832,9.46717,3.04086,-0.00000,35.00000,282.0177,2.8000,868.3144,316.4561,159.3286
183.5343,591.1954,302.5564,113.5398,0.00219065,-0.08247635,0.02646108,0.99623926,9.46519,3.04295,0.00000,35.00000,281.8950,2.8000,868.8827,317.7879,159.1431
183.7843,591.8686,303.8689,113.4612,0.00219168,-0.08245679,0.02647978,0.99624038,9.46294,3.04509,-0.00000,35.00000,281.7696,2.8000,869.4457,319.1193,158.9575
184.0343,592.5402,305.1779,113.3796,0.00219270,-0.08243508,0.02649914,0.99624166,9.46045,3.04731,-0.00000,35.00000,281.6411,2.8000,870.0167,320.4401,158.7801
184.2843,593.2101,306.4840,113.2965,0.00219370,-0.08241147,0.02651884,0.99624309,9.45774,3.04957,-0.00000,35.00000,281.5234,2.8000,870.6663,321.6975,158.6549
184.5343,593.8744,307.7919,113.2142,0.00219449,-0.08238713,0.02653627,0.99624463,9.45494,3.05157,-0.00000,35.00000,281.4939,2.8000,871.3105,322.9544,158.5294
184.7844,594.5307,309.1026,113.1334,0.00219506,-0.08236199,0.02655136,0.99624631,9.45205,3.05330,-0.00000,35.00000,281.4663,2.8000,871.9492,324.2110,158.4036
185.0344,595.1791,310.4157,113.0544,0.00219541,-0.08233600,0.02656405,0.99624812,9.44907,3.05476,-0.00000,35.00000,281.4406,2.8000,872.5880,325.4606,158.2872
185.2844,595.8209,311.7306,112.9779,0.00219553,-0.08230935,0.02657405,0.99625005,9.44601,3.05590,-0.00000,35.00000,281.4222,2.8000,873.2570,326.6684,158.2308
185.5344,596.4550,313.0491,112.9048,0.00219529,-0.08228353,0.02657964,0.99625204,9.44304,3.05654,0.00000,35.00000,281.4481,2.8000,873.9207,327.8759,158.1737
185.7844,597.0756,314.3738,112.8353,0.00219470,-0.08225836,0.02658067,0.99625409,9.44014,3.05665,0.00000,35.00000,281.4810,2.8000,874.5791,329.0831,158.1161
186.0344,597.6834,315.7039,112.7693,0.00219374,-0.08223368,0.02657700,0.99625623,9.43730,3.05622,-0.00000,35.00000,281.5204,2.8000,875.2295,330.2905,158.0646
186.2844,598.2790,317.0379,112.7070,0.00219239,-0.08220953,0.02656858,0.99625845,9.43452,3.05524,-0.00000,35.00000,281.5640,2.8000,875.8579,331.4999,158.0553
186.5344,598.8632,318.3696,112.6493,0.00219073,-0.08218705,0.02655568,0.99626065,9.43193,3.05376,0.00000,35.00000,281.6035,2.8000,876.4810,332.7089,158.0457
186.7844,599.4364,319.6990,112.5960,0.00218874,-0.08216605,0.02653847,0.99626285,9.42951,3.05177,-0.00000,35.00000,281.6479,2.8000,877.0987,333.9174,158.0357
187.0344,599.9990,321.0262,112.5469,0.00218645,-0.08214633,0.02651708,0.99626505,9.42724,3.04931,-0.00000,35.00000,281.6967,2.8000,877.7034,335.1270,158.0395
187.2844,600.5523,322.3509,112.5022,0.00218387,-0.08212817,0.02649174,0.99626722,9.42515,3.04639,-0.00000,35.00000,281.7436,2.8000,878.2545,336.3456,158.1323
187.5344,601.1011,323.6725,112.4642,0.00218113,-0.08211416,0.02646307,0.99626915,9.42353,3.04309,0.00000,35.00000,281.7562,2.8000,878.7993,337.5641,158.2245
187.7844,601.6454,324.9912,112.4327,0.00217823,-0.08210403,0.02643124,0.99627083,9.42235,3.03942,-0.00000,35.00000,281.7660,2.8000,879.3378,338.7822,158.3161
188.0344,602.1862,326.3100,112.4071,0.00217518,-0.08209755,0.02639630,0.99627230,9.42160,3.03540,0.00000,35.00000,281.7718,2.8000,879.8614,340.0041,158.4218
188.2844,602.7249,327.6293,112.3877,0.00217199,-0.08209493,0.02635847,0.99627352,9.42129,3.03105,0.00000,35.00000,281.7666,2.8000,880.3259,341.2516,158.6179
188.5344,603.2691,328.9525,112.3771,0.00216881,-0.08209880,0.02631871,0.99627426,9.42172,3.02648,0.00000,35.00000,281.7120,2.8000,880.7832,342.4991,158.8131
188.7844,603.8177,330.2794,112.3749,0.00216564,-0.08210882,0.02627694,0.99627455,9.42287,3.02168,0.00000,35.00000,281.6443,2.8000,881.2334,343.7467,159.0073
189.0344,604.3698,331.6097,112.3805,0.00216244,-0.08212470,0.02623311,0.99627440,9.42468,3.01664,-0.00000,35.00000,281.5646,2.8000,881.6733,345.0059,159.1959
189.2844,604.9242,332.9424,112.3941,0.00215925,-0.08214601,0.02618762,0.99627385,9.42712,3.01141,-0.00000,35.00000,281.4706,2.8000,882.0876,346.3374,159.3536
189.5344,605.4792,334.2727,112.4196,0.00215627,-0.08217153,0.02614332,0.99627291,9.43004,3.00632,-0.00000,35.00000,281.3476,2.8000,882.4961,347.6669,159.5111
189.7844,606.0342,335.6011,112.4561,0.00215349,-0.08220088,0.02610019,0.99627163,9.43341,3.00137,-0.00000,35.00000,281.2170,2.8000,882.8988,348.9945,159.6682
190.0344,606.5887,336.9276,112.5030,0.00215089,-0.08223372,0.02605823,0.99627002,9.43718,2.99655,-0.00000,35.00000,281.0793,2.8000,883.2951,350.3302,159.8260
190.2844,607.1431,338.2525,112.5587,0.00214850,-0.08226980,0.02601778,0.99626811,9.44132,2.99191,-0.00000,35.00000,280.9347,2.8000,883.6824,351.7271,159.9895
190.5344,607.7024,339.5756,112.6181,0.00214650,-0.08230916,0.02598117,0.99626581,9.44584,2.98770,-0.00000,35.00000,280.7797,2.8000,884.0631,353.1219,160.1525
190.7844,608.2655,340.8973,112.6812,0.00214490,-0.08235170,0.02594833,0.99626316,9.45072,2.98394,-0.00000,35.00000,280.6137,2.8000,884.4371,354.5145,160.3149
191.0344,608.8317,342.2176,112.7482,0.00214369,-0.08239727,0.02591917,0.99626015,9.45595,2.98059,-0.00000,35.00000,280.4373,2.8000,884.8054,355.9068,160.4732
191.2844,609.4005,343.5366,112.8185,0.00214284,-0.08244566,0.02589367,0.99625681,9.46151,2.97767,-0.00000,35.00000,280.2515,2.8000,885.1722,357.3082,160.6086
191.5344,609.9739,344.8539,112.8884,0.00214238,-0.08249619,0.02587217,0.99625319,9.46732,2.97521,-0.00000,35.00000,280.0566,2.8000,885.5323,358.7078,160.7435
191.7844,610.5413,346.1737,112.9585,0.00214229,-0.08254883,0.02585443,0.99624929,9.47337,2.97319,-0.00000,35.00000,279.8606,2.8000,885.8858,360.1053,160.8779
192.0344,611.0942,347.4994,113.0295,0.00214252,-0.08260346,0.02584006,0.99624513,9.47965,2.97155,-0.00000,35.00000,279.6717,2.8000,886.2266,361.5052,161.0014
192.2845,611.6328,348.8303,113.1012,0.00214307,-0.08265970,0.02582890,0.99624076,9.48612,2.97028,-0.00000,35.00000,279.4823,2.8000,886.5244,362.9287,161.0585
192.5345,612.1551,350.1659,113.1707,0.00214393,-0.08271580,0.02582163,0.99623629,9.49257,2.96946,-0.00000,35.00000,279.2570,2.8000,886.8162,364.3488,161.1149
192.7845,612.6623,351.5056,113.2387,0.00214507,-0.08277172,0.02581789,0.99623174,9.49900,2.96904,-0.00000,35.00000,279.0405,2.8000,887.1020,365.7655,161.1706
193.0345,613.1552,352.8485,113.3062,0.00214648,-0.08282742,0.02581734,0.99622712,9.50541,2.96899,0.00000,35.00000,278.8315,2.8000,887.3771,367.1813,161.2116
193.2845,613.6342,354.1941,113.3733,0.00214812,-0.08288249,0.02581978,0.99622247,9.51174,2.96928,0.00000,35.00000,278.6234,2.8000,887.6179,368.6083,161.1651
193.5345,614.0955,355.5410,113.4372,0.00214996,-0.08293454,0.02582556,0.99621799,9.51773,2.96996,-0.00000,35.00000,278.3851,2.8000,887.8531,370.0305,161.1176
193.7845,614.5407,356.8887,113.4988,0.00215198,-0.08298360,0.02583438,0.99621367,9.52338,2.97099,-0.00000,35.00000,278.1572,2.8000,888.0828,371.4479,161.0691
194.0345,614.9710,358.2364,113.5583,0.00215415,-0.08302970,0.02584598,0.99620952,9.52868,2.97233,-0.00000,35.00000,277.9386,2.8000,888.3183,372.8498,161.0106
194.2845,615.3857,359.5816,113.6100,0.00215643,-0.08307273,0.02585978,0.99620557,9.53363,2.97393,-0.00000,35.00000,277.7399,2.8000,888.6174,374.1820,160.8958
194.5345,615.7819,360.9276,113.6490,0.00215852,-0.08311105,0.02587293,0.99620203,9.53805,2.97545,-0.00000,35.00000,277.6113,2.8000,888.9095,375.5128,160.7808
194.7845,616.1610,362.2738,113.6777,0.00216045,-0.08314498,0.02588535,0.99619887,9.54195,2.97689,-0.00000,35.00000,277.4942,2.8000,889.1945,376.8420,160.6656
195.0345,616.5241,363.6199,113.6984,0.00216220,-0.08317479,0.02589698,0.99619608,9.54538,2.97824,-0.00000,35.00000,277.3871,2.8000,889.4748,378.1658,160.5448
195.2845,616.8722,364.9655,113.7119,0.00216376,-0.08320053,0.02590763,0.99619365,9.54835,2.97947,-0.00000,35.00000,277.2900,2.8000,889.7625,379.4635,160.3902
195.5345,617.2059,366.3114,113.7115,0.00216504,-0.08322158,0.02591629,0.99619166,9.55077,2.98047,0.00000,35.00000,277.2098,2.8000,890.0437,380.7591,160.2356
195.7845,617.5263,367.6571,113.7004,0.00216603,-0.08323830,0.02592291,0.99619009,9.55270,2.98123,-0.00000,35.00000,277.1379,2.8000,890.3182,382.0525,160.0809
196.0345,617.8345,369.0021,113.6815,0.00216674,-0.08325097,0.02592746,0.99618891,9.55415,2.98176,0.00000,35.00000,277.0727,2.8000,890.5827,383.3491,159.9238
196.2845,618.1441,370.3415,113.6564,0.00216722,-0.08325981,0.02593033,0.99618810,9.55517,2.98209,-0.00000,35.00000,276.9970,2.8000,890.8180,384.6752,159.7510
196.5345,618.4591,371.6754,113.6205,0.00216757,-0.08326490,0.02593296,0.99618760,9.55576,2.98240,0.00000,35.00000,276.8884,2.8000,891.0457,385.9984,159.5780
196.7845,618.7785,373.0044,113.5760,0.00216782,-0.08326660,0.02593543,0.99618740,9.55595,2.98268,0.00000,35.00000,276.7693,2.8000,891.2655,387.3185,159.4048
197.0345,619.0862,374.3344,113.5248,0.00216796,-0.08326515,0.02593760,0.99618746,9.55579,2.98293,0.00000,35.00000,276.6549,2.8000,891.4866,388.6383,159.2240
197.2845,619.3823,375.6658,113.4677,0.00216799,-0.08326048,0.02593937,0.99618780,9.55525,2.98313,-0.00000,35.00000,276.5527,2.8000,891.7554,389.9718,158.9968
197.5345,619.6740,376.9984,113.3994,0.00216790,-0.08325134,0.02594113,0.99618852,9.55420,2.98333,-0.00000,35.00000,276.4967,2.8000,892.0164,391.3026,158.7694
197.7845,619.9610,378.3318,113.3214,0.00216769,-0.08323809,0.02594276,0.99618959,9.55268,2.98352,-0.00000,35.00000,276.4390,2.8000,892.2697,392.6309,158.5418
198.0345,620.2431,379.6659,113.2353,0.00216735,-0.08322107,0.02594413,0.99619097,9.55072,2.98367,-0.00000,35.00000,276.3796,2.8000,892.5311,393.9558,158.3164
198.2845,620.5217,381.0002,113.1419,0.00216690,-0.08320055,0.02594510,0.99619266,9.54836,2.98378,-0.00000,35.00000,276.3329,2.8000,892.8838,395.2738,158.1049
198.5345,620.8077,382.3332,113.0389,0.00216629,-0.08317687,0.02594529,0.99619464,9.54564,2.98379,-0.00000,35.00000,276.3726,2.8000,893.2291,396.5901,157.8931
198.7845,621.0998,383.6649,112.9275,0.00216555,-0.08315040,0.02594474,0.99619686,9.54259,2.98372,0.00000,35.00000,276.4004,2.8000,893.5671,397.9047,157.6809
199.0345,621.3966,384.9943,112.8091,0.00216469,-0.08312144,0.02594350,0.99619932,9.53926,2.98357,0.00000,35.00000,276.4174,2.8000,893.9040,399.2169,157.4970
199.2845,621.6970,386.3195,112.6859,0.00216374,-0.08309103,0.02594166,0.99620190,9.53576,2.98336,-0.00000,35.00000,276.4353,2.8000,894.2728,400.5222,157.4921
199.5346,622.0048,387.6397,112.5672,0.00216282,-0.08306423,0.02593912,0.99620420,9.53268,2.98306,-0.00000,35.00000,276.5062,2.8000,894.6340,401.8259,157.4868
199.7846,622.3184,388.9552,112.4530,0.00216195,-0.08304091,0.02593601,0.99620623,9.52999,2.98269,-0.00000,35.00000,276.5631,2.8000,894.9876,403.1277,157.4811
200.0346,622.6369,390.2663,112.3432,0.00216113,-0.08302092,0.02593248,0.99620799,9.52769,2.98228,-0.00000,35.00000,276.6071,2.8000,895.3295,404.4272,157.4817
200.2846,622.9608,391.5741,112.2385,0.00216040,-0.08300430,0.02592889,0.99620947,9.52578,2.98186,-0.00000,35.00000,276.6394,2.8000,895.6437,405.7283,157.5243
200.5346,623.2929,392.8827,112.1448,0.00215980,-0.08299208,0.02592550,0.99621058,9.52437,2.98147,-0.00000,35.00000,276.6445,2.8000,895.9577,407.0394,157.5667
200.7846,623.6202,394.1974,112.0613,0.00215932,-0.08298384,0.02592243,0.99621135,9.52343,2.98112,-0.00000,35.00000,276.6525,2.8000,896.2716,408.3604,157.6090
201.0346,623.9431,395.5188,111.9878,0.00215898,-0.08297920,0.02591981,0.99621180,9.52289,2.98081,-0.00000,35.00000,276.6632,2.8000,896.5749,409.6881,157.6543
201.2846,624.2614,396.8463,111.9245,0.00215877,-0.08297791,0.02591764,0.99621197,9.52274,2.98056,-0.00000,35.00000,276.6669,2.8000,896.8126,411.0059,157.7198
201.5346,624.5718,398.1749,111.8773,0.00215866,-0.08298034,0.02591561,0.99621182,9.52302,2.98033,0.00000,35.00000,276.6138,2.8000,897.0500,412.3332,157.7852
201.7846,624.8751,399.5055,111.8450,0.00215867,-0.08298594,0.02591399,0.99621139,9.52366,2.98015,-0.00000,35.00000,276.5653,2.8000,897.2869,413.6699,157.8503
202.0346,625.1717,400.8388,111.8268,0.00215881,-0.08299420,0.02591300,0.99621073,9.52461,2.98003,-0.00000,35.00000,276.5210,2.8000,897.5187,415.0057,157.9381
202.2846,625.4617,402.1753,111.8224,0.00215906,-0.08300533,0.02591248,0.99620982,9.52590,2.97998,0.00000,35.00000,276.4794,2.8000,897.7200,416.2867,158.1677
202.5346,625.7429,403.5138,111.8347,0.00215934,-0.08302312,0.02591029,0.99620839,9.52794,2.97973,-0.00000,35.00000,276.4342,2.8000,897.9205,417.5771,158.3968
202.7846,626.0159,404.8550,111.8625,0.00215966,-0.08304693,0.02590670,0.99620650,9.53068,2.97932,-0.00000,35.00000,276.3941,2.8000,898.1203,418.8767,158.6255
203.0346,626.2814,406.1995,111.9047,0.00216004,-0.08307621,0.02590196,0.99620418,9.53405,2.97878,-0.00000,35.00000,276.3586,2.8000,898.3186,420.1778,158.8674
203.2846,626.5396,407.5478,111.9598,0.00216044,-0.08311083,0.02589598,0.99620145,9.53803,2.97811,0.00000,35.00000,276.3286,2.8000,898.5114,421.4398,159.1934
203.5346,626.7887,408.9006,112.0261,0.00216080,-0.08315287,0.02588713,0.99619817,9.54286,2.97710,0.00000,35.00000,276.3123,2.8000,898.7040,422.7113,159.5184
203.7846,627.0293,410.2583,112.1034,0.00216112,-0.08320180,0.02587561,0.99619438,9.54849,2.97578,0.00000,35.00000,276.3024,2.8000,898.8963,423.9920,159.8423
204.0346,627.2619,411.6215,112.1914,0.00216140,-0.08325712,0.02586162,0.99619012,9.55484,2.97419,0.00000,35.00000,276.2984,2.8000,899.0883,425.2878,160.1414
204.2846,627.4868,412.9899,112.2888,0.00216164,-0.08331766,0.02584555,0.99618548,9.56181,2.97236,-0.00000,35.00000,276.2966,2.8000,899.2814,426.6281,160.2915
204.5346,627.7020,414.3613,112.3893,0.00216185,-0.08337879,0.02582901,0.99618079,9.56883,2.97047,-0.00000,35.00000,276.2822,2.8000,899.4754,427.9774,160.4414
204.7846,627.9084,415.7365,112.4932,0.00216204,-0.08344033,0.02581219,0.99617607,9.57591,2.96855,-0.00000,35.00000,276.2771,2.8000,899.6704,429.3355,160.5909
205.0346,628.1064,417.1159,112.6014,0.00216223,-0.08350208,0.02579524,0.99617134,9.58301,2.96661,-0.00000,35.00000,276.2807,2.8000,899.8659,430.7047,160.7342
205.2846,628.2966,418.5000,112.7095,0.00216243,-0.08356381,0.02577840,0.99616660,9.59010,2.96469,-0.00000,35.00000,276.2918,2.8000,900.0599,432.0969,160.8406
205.5346,628.4791,419.8882,112.8134,0.00216267,-0.08362453,0.02576236,0.99616192,9.59708,2.96286,0.00000,35.00000,276.3044,2.8000,900.2549,433.4977,160.9468
205.7846,628.6543,421.2809,112.9136,0.00216295,-0.08368431,0.02574724,0.99615729,9.60396,2.96114,0.00000,35.00000,276.3260,2.8000,900.4509,434.9070,161.0526
206.0346,628.8225,422.6788,113.0103,0.00216330,-0.08374321,0.02573314,0.99615270,9.61073,2.95953,0.00000,35.00000,276.3562,2.8000,900.6460,436.3272,161.1508
206.2846,628.9840,424.0819,113.1035,0.00216372,-0.08380110,0.02572024,0.99614816,9.61739,2.95806,-0.00000,35.00000,276.3916,2.8000,900.8306,437.7696,161.2024
206.5347,629.1389,425.4894,113.1916,0.00216423,-0.08385677,0.02570918,0.99614376,9.62379,2.95680,-0.00000,35.00000,276.4172,2.8000,901.0159,439.2203,161.2539
206.7847,629.2875,426.9018,113.2749,0.00216486,-0.08391037,0.02570005,0.99613948,9.62995,2.95577,0.00000,35.00000,276.4505,2.8000,901.2017,440.6790,161.3051
207.0347,629.4301,428.3193,113.3537,0.00216560,-0.08396203,0.02569290,0.99613531,9.63589,2.95496,0.00000,35.00000,276.4912,2.8000,901.3853,442.1488,161.3353
207.2847,629.5670,429.7424,113.4276,0.00216645,-0.08401127,0.02568788,0.99613129,9.64155,2.95439,-0.00000,35.00000,276.5327,2.8000,901.5522,443.6453,161.2353
207.5347,629.6996,431.1710,113.4913,0.00216740,-0.08405466,0.02568578,0.99612768,9.64655,2.95416,-0.00000,35.00000,276.5431,2.8000,901.7200,445.1498,161.1352
207.7847,629.8305,432.6046,113.5456,0.00216846,-0.08409255,0.02568666,0.99612446,9.65090,2.95427,-0.00000,35.00000,276.5575,2.8000,901.8888,446.6622,161.0350
208.0347,629.9695,434.0403,113.5915,0.00216965,-0.08412532,0.02569067,0.99612159,9.65468,2.95474,0.00000,35.00000,276.5667,2.8000,902.0560,448.1838,160.9208
208.2847,630.1155,435.4787,113.6287,0.00217099,-0.08415293,0.02569802,0.99611906,9.65785,2.95559,-0.00000,35.00000,276.5668,2.8000,902.2087,449.7222,160.7190
208.5347,630.2654,436.9207,113.6522,0.00217246,-0.08417339,0.02570916,0.99611704,9.66021,2.95688,-0.00000,35.00000,276.5370,2.8000,902.3622,451.2683,160.5173
208.7847,630.4193,438.3665,113.6640,0.00217409,-0.08418716,0.02572418,0.99611549,9.66180,2.95861,-0.00000,35.00000,276.5063,2.8000,902.5164,452.8221,160.3156
209.0347,630.5769,439.8164,113.6664,0.00217589,-0.08419466,0.02574313,0.99611436,9.66267,2.96079,-0.00000,35.00000,276.4743,2.8000,902.6695,454.3818,160.1212
209.2847,630.7378,441.2702,113.6606,0.00217787,-0.08419646,0.02576602,0.99611361,9.66288,2.96343,0.00000,35.00000,276.4406,2.8000,902.8115,455.9385,159.9721
209.5347,630.9003,442.7273,113.6444,0.00218006,-0.08419437,0.02579254,0.99611310,9.66264,2.96648,0.00000,35.00000,276.4035,2.8000,902.9537,457.5029,159.8230
209.7847,631.0647,444.1876,113.6199,0.00218247,-0.08418870,0.02582279,0.99611279,9.66200,2.96996,-0.00000,35.00000,276.3665,2.8000,903.0960,459.0748,159.6739
210.0347,631.2312,445.6514,113.5895,0.00218512,-0.08417971,0.02585684,0.99611266,9.66097,2.97387,-0.00000,35.00000,276.3287,2.8000,903.2383,460.6518,159.5230
210.2847,631.3999,447.1188,113.5540,0.00218800,-0.08416754,0.02589469,0.99611270,9.65958,2.97822,0.00000,35.00000,276.2893,2.8000,903.3788,462.2220,159.3603
210.5347,631.5697,448.5896,113.5102,0.00219108,-0.08415216,0.02593585,0.99611292,9.65783,2.98295,-0.00000,35.00000,276.2461,2.8000,903.5196,463.7996,159.1975
210.7847,631.7410,450.0639,113.4601,0.00219436,-0.08413382,0.02598043,0.99611330,9.65573,2.98808,0.00000,35.00000,276.2029,2.8000,903.6605,465.3847,159.0348
211.0347,631.9143,451.5418,113.4057,0.00219787,-0.08411271,0.02602849,0.99611382,9.65331,2.99360,-0.00000,35.00000,276.1588,2.8000,903.8160,466.9682,158.8851
211.2847,632.0901,453.0236,113.3487,0.00220158,-0.08408926,0.02607973,0.99611445,9.65063,2.99949,-0.00000,35.00000,276.1289,2.8000,904.0601,468.5042,158.8162
211.5347,632.2698,454.5101,113.2904,0.00220536,-0.08406556,0.02613191,0.99611507,9.64791,3.00549,-0.00000,35.00000,276.1937,2.8000,904.3041,470.0475,158.7471
211.7847,632.4534,456.0011,113.2320,0.00220922,-0.08404161,0.02618513,0.99611569,9.64517,3.01160,0.00000,35.00000,276.2546,2.8000,904.5479,471.5978,158.6776
212.0347,632.6411,457.4967,113.1744,0.00221317,-0.08401741,0.02623946,0.99611629,9.64240,3.01785,-0.00000,35.00000,276.3113,2.8000,904.8062,473.1492,158.6146
212.2847,632.8332,458.9975,113.1176,0.00221718,-0.08399308,0.02629470,0.99611688,9.63962,3.02419,-0.00000,35.00000,276.3786,2.8000,905.1547,474.6698,158.5924
212.5348,633.0317,460.5051,113.0582,0.00222115,-0.08396952,0.02634921,0.99611742,9.63692,3.03046,0.00000,35.00000,276.5338,2.8000,905.5032,476.1978,158.5692
212.7848,633.2284,462.0217,112.9968,0.00222508,-0.08394671,0.02640295,0.99611791,9.63431,3.03664,-0.00000,35.00000,276.6908,2.8000,905.8514,477.7331,158.5452
213.0348,633.4130,463.5502,112.9344,0.00222894,-0.08392462,0.02645573,0.99611836,9.63178,3.04270,0.00000,35.00000,276.8593,2.8000,906.2038,479.2752,158.5224
213.2848,633.5867,465.0902,112.8718,0.00223272,-0.08390317,0.02650736,0.99611878,9.62933,3.04864,-0.00000,35.00000,277.0425,2.8000,906.5819,480.8224,158.5119
213.5348,633.7515,466.6427,112.8107,0.00223639,-0.08388253,0.02655750,0.99611918,9.62697,3.05440,-0.00000,35.00000,277.2613,2.8000,906.9600,482.3768,158.5002
213.7848,633.9082,468.2070,112.7515,0.00223994,-0.08386255,0.02660599,0.99611956,9.62468,3.05997,-0.00000,35.00000,277.4873,2.8000,907.3381,483.9383,158.4874
214.0348,634.0575,469.7825,112.6945,0.00224335,-0.08384308,0.02665270,0.99611994,9.62245,3.06534,-0.00000,35.00000,277.7197,2.8000,907.7064,485.5116,158.4771
214.2848,634.2006,471.3689,112.6404,0.00224663,-0.08382412,0.02669770,0.99612033,9.62028,3.07051,-0.00000,35.00000,277.9485,2.8000,908.0150,487.1212,158.4878
214.5348,634.3419,472.9664,112.5916,0.00224989,-0.08380639,0.02674209,0.99612062,9.61826,3.07561,0.00000,35.00000,278.1243,2.8000,908.3235,488.7376,158.4980
214.7848,634.4813,474.5746,112.5477,0.00225311,-0.08378972,0.02678574,0.99612084,9.61635,3.08063,-0.00000,35.00000,278.3007,2.8000,908.6321,490.3607,158.5075
215.0348,634.6193,476.1929,112.5085,0.00225628,-0.08377391,0.02682853,0.99612101,9.61454,3.08555,-0.00000,35.00000,278.4775,2.8000,908.9252,491.9982,158.5325
215.2848,634.7566,477.8212,112.4753,0.00225943,-0.08375930,0.02687066,0.99612110,9.61287,3.09039,-0.00000,35.00000,278.6415,2.8000,909.1234,493.6909,158.6564
215.5348,634.8981,479.4600,112.4568,0.00226280,-0.08374881,0.02691404,0.99612080,9.61168,3.09538,-0.00000,35.00000,278.7243,2.8000,909.3214,495.3899,158.7800
215.7848,635.0433,481.1090,112.4521,0.00226635,-0.08374197,0.02695848,0.99612017,9.61090,3.10049,-0.00000,35.00000,278.8007,2.8000,909.5190,497.0951,158.9035
216.0348,635.1918,482.7679,112.4601,0.00227007,-0.08373838,0.02700384,0.99611923,9.61050,3.10571,-0.00000,35.00000,278.8711,2.8000,909.7158,498.8129,159.0328
216.2848,635.3443,484.4372,112.4798,0.00227395,-0.08373782,0.02705020,0.99611801,9.61045,3.11104,-0.00000,35.00000,278.9359,2.8000,909.9084,500.5773,159.1989
216.5348,635.5059,486.1206,112.5114,0.00227813,-0.08374102,0.02709877,0.99611641,9.61083,3.11663,-0.00000,35.00000,278.9936,2.8000,910.1006,502.3476,159.3648
216.7848,635.6756,487.8177,112.5540,0.00228255,-0.08374764,0.02714922,0.99611447,9.61160,3.12243,-0.00000,35.00000,279.0404,2.8000,910.2923,504.1238,159.5305
217.0348,635.8529,489.5279,112.6068,0.00228720,-0.08375735,0.02720127,0.99611223,9.61273,3.12842,0.00000,35.00000,279.0773,2.8000,910.4789,505.9135,159.7128
217.2848,636.0388,491.2498,112.6688,0.00229208,-0.08377040,0.02725498,0.99610965,9.61425,3.13461,-0.00000,35.00000,279.1020,2.8000,910.6370,507.7566,159.9993
217.5348,636.2444,492.9773,112.7382,0.00229743,-0.08378977,0.02731219,0.99610644,9.61649,3.14119,-0.00000,35.00000,279.0981,2.8000,910.7957,509.6044,160.2848
217.7848,636.4677,494.7105,112.8155,0.00230324,-0.08381520,0.02737284,0.99610262,9.61943,3.14818,-0.00000,35.00000,279.0757,2.8000,910.9549,511.4568,160.5693
218.0348,636.7075,496.4495,112.9008,0.00230949,-0.08384639,0.02743685,0.99609822,9.62304,3.15555,-0.00000,35.00000,279.0361,2.8000,911.1105,513.3154,160.8477
218.2848,636.9635,498.1937,112.9931,0.00231618,-0.08388298,0.02750422,0.99609327,9.62727,3.16331,-0.00000,35.00000,278.9750,2.8000,911.2407,515.1885,161.0930
218.5348,637.2360,499.9412,113.0839,0.00232333,-0.08392415,0.02757541,0.99608782,9.63202,3.17151,-0.00000,35.00000,278.8679,2.8000,911.3710,517.0662,161.3370
218.7848,637.4954,501.6994,113.1751,0.00233090,-0.08396972,0.02765008,0.99608189,9.63728,3.18011,0.00000,35.00000,278.7733,2.8000,911.5015,518.9486,161.5797
219.0348,637.7435,503.4677,113.2687,0.00233886,-0.08401946,0.02772793,0.99607551,9.64303,3.18908,-0.00000,35.00000,278.6894,2.8000,911.6301,520.8345,161.7901
219.2848,637.9811,505.2459,113.3651,0.00234716,-0.08407223,0.02780864,0.99606879,9.64912,3.19838,-0.00000,35.00000,278.6075,2.8000,911.7435,522.7185,161.8082
219.5348,638.2058,507.0358,113.4572,0.00235559,-0.08412249,0.02789167,0.99606220,9.65493,3.20795,-0.00000,35.00000,278.4913,2.8000,911.8554,524.6084,161.8255
219.7848,638.4195,508.8368,113.5459,0.00236414,-0.08417031,0.02797675,0.99605576,9.66045,3.21775,-0.00000,35.00000,278.3847,2.8000,911.9659,526.5039,161.8421
220.0348,638.6234,510.6482,113.6323,0.00237277,-0.08421573,0.02806364,0.99604945,9.66570,3.22776,-0.00000,35.00000,278.2861,2.8000,912.0728,528.3995,161.8506
220.2848,638.8187,512.4688,113.7170,0.00238147,-0.08425859,0.02815194,0.99604332,9.67065,3.23793,0.00000,35.00000,278.1911,2.8000,912.1668,530.2661,161.8139
220.5349,639.0054,514.2965,113.7963,0.00239006,-0.08429779,0.02824029,0.99603748,9.67519,3.24810,0.00000,35.00000,278.0831,2.8000,912.2607,532.1369,161.7768
220.7849,639.1846,516.1306,113.8675,0.00239857,-0.08433357,0.02832858,0.99603192,9.67933,3.25827,-0.00000,35.00000,277.9834,2.8000,912.3544,534.0117,161.7394
221.0349,639.3575,517.9709,113.9316,0.00240697,-0.08436618,0.02841671,0.99602663,9.68310,3.26842,-0.00000,35.00000,277.8909,2.8000,912.4494,535.8875,161.6959
221.2849,639.5251,519.8169,113.9887,0.00241526,-0.08439564,0.02850449,0.99602160,9.68652,3.27853,-0.00000,35.00000,277.8047,2.8000,912.5534,537.7483,161.6160
221.5349,639.6883,521.6660,114.0381,0.00242335,-0.08442110,0.02859121,0.99601694,9.68947,3.28851,-0.00000,35.00000,277.7259,2.8000,912.6581,539.6130,161.5361
221.7849,639.8480,523.5185,114.0803,0.00243125,-0.08444283,0.02867691,0.99601262,9.69200,3.29838,0.00000,35.00000,277.6523,2.8000,912.7633,541.4814,161.4560
222.0349,640.0047,525.3742,114.1160,0.00243897,-0.08446104,0.02876160,0.99600861,9.69412,3.30813,-0.00000,35.00000,277.5833,2.8000,912.8563,543.3551,161.3503
222.2849,640.1587,527.2332,114.1445,0.00244650,-0.08447531,0.02884542,0.99600496,9.69578,3.31777,-0.00000,35.00000,277.5019,2.8000,912.8709,545.2420,161.0858
222.5349,640.3076,529.0961,114.1594,0.00245378,-0.08448178,0.02892892,0.99600197,9.69655,3.32738,-0.00000,35.00000,277.3244,2.8000,912.8859,547.1314,160.8208
222.7849,640.4522,530.9627,114.1620,0.00246081,-0.08448090,0.02901204,0.99599961,9.69647,3.33694,-0.00000,35.00000,277.1534,2.8000,912.9013,549.0232,160.5555
223.0349,640.5933,532.8333,114.1538,0.00246760,-0.08447308,0.02909473,0.99599784,9.69560,3.34646,0.00000,35.00000,276.9881,2.8000,912.9176,550.9216,160.2854
223.2849,640.7313,534.7079,114.1352,0.00247416,-0.08445857,0.02917708,0.99599665,9.69395,3.35593,0.00000,35.00000,276.8278,2.8000,912.9368,552.8480,159.9871
223.5349,640.8663,536.5880,114.1008,0.00248055,-0.08443706,0.02925993,0.99599603,9.69150,3.36545,-0.00000,35.00000,276.6723,2.8000,912.9558,554.7768,159.6883
223.7849,640.9988,538.4737,114.0528,0.00248678,-0.08440904,0.02934315,0.99599594,9.68830,3.37502,-0.00000,35.00000,276.5213,2.8000,912.9746,556.7079,159.3891
224.0349,641.1250,540.3656,113.9929,0.00249284,-0.08437493,0.02942655,0.99599635,9.68440,3.38460,0.00000,35.00000,276.3780,2.8000,913.0108,558.6466,159.1108
224.2849,641.2466,542.2632,113.9227,0.00249876,-0.08433563,0.02951015,0.99599719,9.67990,3.39421,0.00000,35.00000,276.2618,2.8000,913.1550,560.6211,158.9633
224.5349,641.3698,544.1642,113.8419,0.00250472,-0.08429488,0.02959489,0.99599811,9.67524,3.40395,-0.00000,35.00000,276.2758,2.8000,913.2985,562.5989,158.8155
224.7849,641.4994,546.0676,113.7524,0.00251074,-0.08425299,0.02968079,0.99599909,9.67044,3.41382,-0.00000,35.00000,276.2845,2.8000,913.4413,564.5798,158.6676
225.0349,641.6410,547.9720,113.6556,0.00251683,-0.08421025,0.02976794,0.99600008,9.66555,3.42384,0.00000,35.00000,276.2821,2.8000,913.5921,566.5649,158.5245
225.2849,641.7940,549.8775,113.5524,0.00252302,-0.08416701,0.02985644,0.99600108,9.66060,3.43400,0.00000,35.00000,276.2783,2.8000,913.7953,568.5593,158.4120
225.5349,641.9587,551.7839,113.4414,0.00252933,-0.08412423,0.02994645,0.99600197,9.65570,3.44435,-0.00000,35.00000,276.3215,2.8000,913.9980,570.5571,158.2993
225.7849,642.1335,553.6915,113.3244,0.00253580,-0.08408211,0.03003806,0.99600275,9.65089,3.45488,0.00000,35.00000,276.3555,2.8000,914.2003,572.5583,158.1861
226.0349,642.3172,555.6006,113.2030,0.00254242,-0.08404081,0.03013133,0.99600340,9.64616,3.46559,0.00000,35.00000,276.3811,2.8000,914.4151,574.5737,158.0812
226.2849,642.5091,557.5121,113.0786,0.00254924,-0.08400062,0.03022665,0.99600389,9.64157,3.47655,0.00000,35.00000,276.4135,2.8000,914.7100,576.6595,158.0291
226.5349,642.7095,559.4306,112.9534,0.00255649,-0.08396273,0.03032619,0.99600404,9.63724,3.48799,-0.00000,35.00000,276.5291,2.8000,915.0044,578.7487,157.9767
226.7849,642.9175,561.3559,112.8284,0.00256413,-0.08392713,0.03042974,0.99600386,9.63317,3.49989,0.00000,35.00000,276.6365,2.8000,915.2982,580.8412,157.9238
227.0349,643.1321,563.2879,112.7048,0.00257215,-0.08389376,0.03053709,0.99600337,9.62936,3.51223,-0.00000,35.00000,276.7365,2.8000,915.5936,582.9366,157.8776
227.2849,643.3522,565.2265,112.5841,0.00258054,-0.08386271,0.03064805,0.99600255,9.62582,3.52499,-0.00000,35.00000,276.8329,2.8000,915.9012,585.0323,157.8742
227.5349,643.5761,567.1719,112.4696,0.00258931,-0.08383499,0.03076224,0.99600134,9.62267,3.53812,0.00000,35.00000,276.9434,2.8000,916.2082,587.1310,157.8705
227.7849,643.8029,569.1240,112.3617,0.00259841,-0.08381035,0.03087947,0.99599977,9.61987,3.55160,-0.00000,35.00000,277.0492,2.8000,916.5146,589.2327,157.8666
228.0350,644.0322,571.0826,112.2608,0.00260784,-0.08378854,0.03099955,0.99599785,9.61740,3.56541,-0.00000,35.00000,277.1506,2.8000,916.8134,591.3258,157.8797
228.2850,644.2629,573.0469,112.1685,0.00261756,-0.08376981,0.03112189,0.99599558,9.61528,3.57948,-0.00000,35.00000,277.2436,2.8000,917.0673,593.3510,157.9996
228.5350,644.4929,575.0138,112.0916,0.00262743,-0.08375705,0.03124390,0.99599281,9.61385,3.59351,0.00000,35.00000,277.3042,2.8000,917.3205,595.3790,158.1193
228.7850,644.7219,576.9833,112.0295,0.00263744,-0.08374971,0.03136558,0.99598957,9.61304,3.60751,-0.00000,35.00000,277.3626,2.8000,917.5729,597.4096,158.2387
229.0350,644.9495,578.9554,111.9815,0.00264757,-0.08374727,0.03148695,0.99598592,9.61280,3.62147,-0.00000,35.00000,277.4191,2.8000,917.8147,599.4278,158.3760
229.2850,645.1754,580.9296,111.9487,0.00265780,-0.08374978,0.03160747,0.99598187,9.61312,3.63534,-0.00000,35.00000,277.4666,2.8000,917.9951,601.3556,158.6239
229.5350,645.3965,582.9024,111.9423,0.00266793,-0.08375996,0.03172397,0.99597728,9.61433,3.64875,-0.00000,35.00000,277.4669,2.8000,918.1750,603.2856,158.8714
229.7850,645.6130,584.8739,111.9605,0.00267796,-0.08377691,0.03183664,0.99597223,9.61631,3.66172,-0.00000,35.00000,277.4671,2.8000,918.3543,605.2178,159.1184
230.0350,645.8253,586.8444,112.0012,0.00268788,-0.08379982,0.03194568,0.99596679,9.61898,3.67427,0.00000,35.00000,277.4672,2.8000,918.5297,607.1467,159.3564
230.2850,646.0332,588.8139,112.0616,0.00269767,-0.08382776,0.03205108,0.99596102,9.62223,3.68641,-0.00000,35.00000,277.4630,2.8000,918.6842,609.0448,159.5425
230.5350,646.2342,590.7812,112.1323,0.00270717,-0.08385890,0.03215187,0.99595513,9.62584,3.69801,-0.00000,35.00000,277.4327,2.8000,918.8386,610.9450,159.7281
230.7850,646.4287,592.7467,112.2127,0.00271640,-0.08389284,0.03224828,0.99594913,9.62978,3.70912,-0.00000,35.00000,277.4070,2.8000,918.9927,612.8472,159.9133
231.0350,646.6174,594.7107,112.3023,0.00272537,-0.08392922,0.03234052,0.99594304,9.63400,3.71974,-0.00000,35.00000,277.3856,2.8000,919.1461,614.7515,160.0983
231.2850,646.8003,596.6734,112.4006,0.00273408,-0.08396773,0.03242879,0.99593690,9.63845,3.72991,-0.00000,35.00000,277.3678,2.8000,919.2964,616.6582,160.2844
231.5350,646.9767,598.6356,112.5083,0.00274254,-0.08400806,0.03251326,0.99593073,9.64312,3.73964,-0.00000,35.00000,277.3520,2.8000,919.4467,618.5667,160.4701
231.7850,647.1470,600.5977,112.6155,0.00275075,-0.08405016,0.03259407,0.99592451,9.64799,3.74895,-0.00000,35.00000,277.3425,2.8000,919.5971,620.4770,160.6553
232.0350,647.3113,602.5597,112.7209,0.00275872,-0.08409400,0.03267135,0.99591826,9.65306,3.75786,-0.00000,35.00000,277.3391,2.8000,919.7481,622.3909,160.8355
232.2850,647.4705,604.5217,112.8241,0.00276648,-0.08413943,0.03274529,0.99591197,9.65831,3.76638,-0.00000,35.00000,277.3413,2.8000,919.9028,624.3183,160.9872
232.5350,647.6272,606.4826,112.9230,0.00277404,-0.08418569,0.03281648,0.99590569,9.66366,3.77459,-0.00000,35.00000,277.3463,2.8000,920.0571,626.2469,161.1385
232.7850,647.7818,608.4426,113.0179,0.00278141,-0.08423284,0.03288507,0.99589942,9.66910,3.78249,-0.00000,35.00000,277.3537,2.8000,920.2109,628.1766,161.2891
233.0350,647.9343,610.4019,113.1093,0.00278861,-0.08428097,0.03295117,0.99589315,9.67466,3.79011,-0.00000,35.00000,277.3632,2.8000,920.3614,630.1083,161.4281
233.2850,648.0850,612.3606,113.1970,0.00279564,-0.08432981,0.03301491,0.99588688,9.68030,3.79746,-0.00000,35.00000,277.3701,2.8000,920.4942,632.0466,161.4982
233.5350,648.2332,614.3186,113.2775,0.00280248,-0.08437762,0.03307669,0.99588076,9.68582,3.80459,-0.00000,35.00000,277.3521,2.8000,920.6275,633.9863,161.5677
233.7850,648.3776,616.2764,113.3516,0.00280913,-0.08442457,0.03313657,0.99587478,9.69125,3.81149,0.00000,35.00000,277.3394,2.8000,920.7613,635.9272,161.6368
234.0350,648.5186,618.2340,113.4203,0.00281561,-0.08447080,0.03319465,0.99586890,9.69658,3.81819,0.00000,35.00000,277.3315,2.8000,920.8933,637.8718,161.6908
234.2850,648.6563,620.1914,113.4837,0.00282192,-0.08451601,0.03325110,0.99586317,9.70180,3.82470,-0.00000,35.00000,277.3236,2.8000,921.0124,639.8335,161.6548
234.5350,648.7894,622.1488,113.5381,0.00282805,-0.08455788,0.03330662,0.99585774,9.70664,3.83110,-0.00000,35.00000,277.2950,2.8000,921.1330,641.7968,161.6185
234.7850,648.9182,624.1064,113.5845,0.00283401,-0.08459666,0.03336127,0.99585260,9.71112,3.83741,-0.00000,35.00000,277.2734,2.8000,921.2551,643.7616,161.5821
235.0350,649.0430,626.0641,113.6241,0.00283980,-0.08463257,0.03341510,0.99584773,9.71527,3.84361,-0.00000,35.00000,277.2585,2.8000,921.3813,645.7337,161.5336
235.2850,649.1659,628.0213,113.6573,0.00284545,-0.08466546,0.03346841,0.99584312,9.71907,3.84976,0.00000,35.00000,277.2489,2.8000,921.5238,647.7423,161.4123
235.5350,649.2966,629.9750,113.6821,0.00285101,-0.08469341,0.03352270,0.99583891,9.72231,3.85601,-0.00000,35.00000,277.2394,2.8000,921.6665,649.7516,161.2910
235.7851,649.4345,631.9257,113.6991,0.00285653,-0.08471678,0.03357810,0.99583504,9.72501,3.86240,-0.00000,35.00000,277.2245,2.8000,921.8094,651.7617,161.1697
236.0351,649.5792,633.8736,113.7093,0.00286200,-0.08473587,0.03363474,0.99583148,9.72723,3.86892,-0.00000,35.00000,277.2046,2.8000,921.9512,653.7687,161.0450
236.2851,649.7298,635.8192,113.7130,0.00286744,-0.08475088,0.03369258,0.99582824,9.72898,3.87558,-0.00000,35.00000,277.1782,2.8000,922.0851,655.7549,160.8988
236.5351,649.8842,637.7653,113.7085,0.00287277,-0.08476156,0.03375083,0.99582534,9.73022,3.88229,-0.00000,35.00000,277.1367,2.8000,922.2192,657.7415,160.7526
236.7851,650.0420,639.7117,113.6968,0.00287799,-0.08476820,0.03380948,0.99582277,9.73101,3.88904,-0.00000,35.00000,277.0932,2.8000,922.3534,659.7286,160.6064
237.0351,650.2033,641.6584,113.6786,0.00288312,-0.08477107,0.03386854,0.99582050,9.73136,3.89584,-0.00000,35.00000,277.0475,2.8000,922.4832,661.7116,160.4588
237.2851,650.3672,643.6048,113.6544,0.00288816,-0.08477042,0.03392788,0.99581852,9.73130,3.90266,-0.00000,35.00000,276.9955,2.8000,922.5854,663.6677,160.3019
237.5351,650.5310,645.5475,113.6218,0.00289303,-0.08476642,0.03398668,0.99581685,9.73086,3.90943,-0.00000,35.00000,276.9147,2.8000,922.6878,665.6242,160.1449
237.7851,650.6948,647.4868,113.5817,0.00289777,-0.08475934,0.03404510,0.99581544,9.73007,3.91615,0.00000,35.00000,276.8356,2.8000,922.7902,667.5811,159.9879
238.0351,650.8585,649.4229,113.5353,0.00290238,-0.08474942,0.03410328,0.99581428,9.72894,3.92284,-0.00000,35.00000,276.7579,2.8000,922.9126,669.5295,159.8246
238.2851,651.0222,651.3559,113.4829,0.00290685,-0.08473658,0.03416096,0.99581338,9.72749,3.92947,-0.00000,35.00000,276.6996,2.8000,923.1563,671.4246,159.6227
238.5351,651.1845,653.2854,113.4243,0.00291094,-0.08471934,0.03421594,0.99581295,9.72552,3.93580,-0.00000,35.00000,276.7531,2.8000,923.3993,673.3199,159.4206
238.7851,651.3457,655.2115,113.3603,0.00291467,-0.08469792,0.03426841,0.99581296,9.72307,3.94183,-0.00000,35.00000,276.8081,2.8000,923.6416,675.2154,159.2180
239.0351,651.5060,657.1345,113.2921,0.00291805,-0.08467250,0.03431853,0.99581338,9.72017,3.94759,-0.00000,35.00000,276.8641,2.8000,923.9046,677.1065,159.0172
239.2851,651.6656,659.0553,113.2207,0.00292109,-0.08464319,0.03436622,0.99581422,9.71681,3.95306,-0.00000,35.00000,276.9417,2.8000,924.2974,678.9702,158.8278
239.5351,651.8256,660.9772,113.1488,0.00292366,-0.08460979,0.03441009,0.99581554,9.71298,3.95810,-0.00000,35.00000,277.1469,2.8000,924.6895,680.8339,158.6368
239.7851,651.9862,662.9003,113.0771,0.00292577,-0.08457232,0.03445019,0.99581733,9.70868,3.96270,-0.00000,35.00000,277.3503,2.8000,925.0809,682.6975,158.4441
240.0351,652.1357,664.8260,113.0063,0.00292740,-0.08453073,0.03448646,0.99581960,9.70391,3.96686,0.00000,35.00000,277.5634,2.8000,925.4601,684.5726,158.2775
240.2851,652.2676,666.7552,112.9379,0.00292862,-0.08448577,0.03451927,0.99582227,9.69875,3.97062,0.00000,35.00000,277.7862,2.8000,925.7691,686.5201,158.2790
240.5351,652.3903,668.6857,112.8791,0.00292985,-0.08444242,0.03455152,0.99582483,9.69377,3.97432,-0.00000,35.00000,277.9806,2.8000,926.0777,688.4674,158.2800
240.7851,652.5041,670.6174,112.8296,0.00293106,-0.08440033,0.03458313,0.99582729,9.68894,3.97794,-0.00000,35.00000,278.1815,2.8000,926.3860,690.4144,158.2805
241.0351,652.6099,672.5502,112.7892,0.00293224,-0.08435915,0.03461404,0.99582971,9.68421,3.98148,-0.00000,35.00000,278.3883,2.8000,926.6873,692.3597,158.2850
241.2851,652.7089,674.4847,112.7573,0.00293338,-0.08431874,0.03464415,0.99583208,9.67957,3.98494,-0.00000,35.00000,278.5940,2.8000,926.9474,694.2955,158.3161
241.5351,652.8043,676.4269,112.7324,0.00293445,-0.08427985,0.03467292,0.99583437,9.67510,3.98823,-0.00000,35.00000,278.7646,2.8000,927.2070,696.2309,158.3467
241.7851,652.8965,678.3761,112.7144,0.00293543,-0.08424224,0.03470009,0.99583660,9.67078,3.99135,-0.00000,35.00000,278.9363,2.8000,927.4663,698.1658,158.3770
242.0351,652.9858,680.3314,112.7029,0.00293630,-0.08420566,0.03472543,0.99583881,9.66658,3.99425,0.00000,35.00000,279.1089,2.8000,927.7060,700.1066,158.4216
242.2851,653.0737,682.2920,112.6977,0.00293706,-0.08417043,0.03474907,0.99584096,9.66254,3.99696,-0.00000,35.00000,279.2649,2.8000,927.8289,702.0866,158.5563
242.5351,653.1689,684.2557,112.6971,0.00293797,-0.08413960,0.03477269,0.99584274,9.65900,3.99967,-0.00000,35.00000,279.3156,2.8000,927.9512,704.0656,158.6908
242.7851,653.2705,686.2225,112.7011,0.00293902,-0.08411300,0.03479617,0.99584416,9.65594,4.00236,0.00000,35.00000,279.3583,2.8000,928.0730,706.0435,158.8252
243.0351,653.3780,688.1918,112.7094,0.00294019,-0.08409046,0.03481938,0.99584525,9.65336,4.00502,-0.00000,35.00000,279.3938,2.8000,928.1873,708.0220,158.9646
243.2851,653.4914,690.1637,112.7222,0.00294148,-0.08407199,0.03484230,0.99584600,9.65124,4.00765,-0.00000,35.00000,279.4158,2.8000,928.2573,710.0109,159.1351
243.5351,653.6139,692.1397,112.7416,0.00294295,-0.08405849,0.03486529,0.99584633,9.64970,4.01029,-0.00000,35.00000,279.3900,2.8000,928.3270,711.9982,159.3052
243.7852,653.7446,694.1194,112.7673,0.00294457,-0.08404975,0.03488819,0.99584627,9.64870,4.01293,0.00000,35.00000,279.3542,2.8000,928.3962,713.9839,159.4751
244.0352,653.8828,696.1026,112.7987,0.00294634,-0.08404554,0.03491082,0.99584582,9.64822,4.01553,-0.00000,35.00000,279.3093,2.8000,928.4667,715.9679,159.6437
244.2852,654.0281,698.0889,112.8357,0.00294822,-0.08404562,0.03493302,0.99584503,9.64824,4.01808,-0.00000,35.00000,279.2572,2.8000,928.5467,717.9509,159.8063
244.5352,654.1807,700.0789,112.8800,0.00295018,-0.08404953,0.03495462,0.99584394,9.64870,4.02057,-0.00000,35.00000,279.2046,2.8000,928.6262,719.9320,159.9685
244.7852,654.3402,702.0723,112.9312,0.00295221,-0.08405702,0.03497545,0.99584257,9.64956,4.02297,0.00000,35.00000,279.1433,2.8000,928.7054,721.9114,160.1305
245.0352,654.5059,704.0689,112.9890,0.00295427,-0.08406788,0.03499536,0.99584095,9.65082,4.02526,0.00000,35.00000,279.0739,2.8000,928.7840,723.8886,160.2922
245.2852,654.6776,706.0681,113.0531,0.00295636,-0.08408190,0.03501420,0.99583909,9.65244,4.02744,0.00000,35.00000,278.9969,2.8000,928.8616,725.8630,160.4541
245.5352,654.8554,708.0690,113.1226,0.00295846,-0.08409890,0.03503185,0.99583703,9.65440,4.02947,0.00000,35.00000,278.9113,2.8000,928.9388,727.8354,160.6156
245.7852,655.0391,710.0715,113.1902,0.00296055,-0.08411892,0.03504821,0.99583476,9.65671,4.03136,-0.00000,35.00000,278.8198,2.8000,929.0155,729.8057,160.7769
246.0352,655.2281,712.0754,113.2558,0.00296263,-0.08414200,0.03506318,0.99583228,9.65937,4.03309,-0.00000,35.00000,278.7226,2.8000,929.0945,731.7820,160.9345
246.2852,655.4228,714.0804,113.3199,0.00296472,-0.08416803,0.03507699,0.99582958,9.66237,4.03469,-0.00000,35.00000,278.6220,2.8000,929.1934,733.8009,161.0699
246.5352,655.6279,716.0847,113.3843,0.00296693,-0.08419624,0.03509125,0.99582669,9.66562,4.03634,-0.00000,35.00000,278.5299,2.8000,929.2925,735.8173,161.2051
246.7852,655.8428,718.0882,113.4490,0.00296925,-0.08422663,0.03510593,0.99582359,9.66913,4.03804,-0.00000,35.00000,278.4283,2.8000,929.3916,737.8312,161.3398
247.0352,656.0511,720.0924,113.5139,0.00297167,-0.08425912,0.03512086,0.99582031,9.67287,4.03977,-0.00000,35.00000,278.3327,2.8000,929.4893,739.8437,161.4677
247.2852,656.2485,722.0980,113.5789,0.00297417,-0.08429342,0.03513592,0.99581687,9.67682,4.04152,-0.00000,35.00000,278.2452,2.8000,929.5772,741.8602,161.5557
247.5352,656.4358,724.1074,113.6422,0.00297670,-0.08432838,0.03515111,0.99581337,9.68085,4.04328,-0.00000,35.00000,278.1515,2.8000,929.6649,743.8742,161.6433
247.7852,656.6141,726.1198,113.7039,0.00297924,-0.08436399,0.03516618,0.99580981,9.68495,4.04502,-0.00000,35.00000,278.0663,2.8000,929.7525,745.8854,161.7305
248.0352,656.7844,728.1348,113.7642,0.00298178,-0.08440022,0.03518093,0.99580621,9.68913,4.04673,0.00000,35.00000,277.9887,2.8000,929.8312,747.8946,161.7993
248.2852,656.9470,730.1517,113.8225,0.00298429,-0.08443660,0.03519521,0.99580262,9.69332,4.04839,-0.00000,35.00000,277.9068,2.8000,929.8561,749.9057,161.7564
248.5352,657.0997,732.1699,113.8743,0.00298667,-0.08447025,0.03520918,0.99579926,9.69720,4.05001,-0.00000,35.00000,277.7642,2.8000,929.8820,751.9128,161.7130
248.7852,657.2439,734.1890,113.9201,0.00298892,-0.08450133,0.03522262,0.99579614,9.70078,4.05157,-0.00000,35.00000,277.6314,2.8000,929.9089,753.9159,161.6691
249.0352,657.3809,736.2088,113.9603,0.00299103,-0.08453001,0.03523536,0.99579325,9.70408,4.05304,-0.00000,35.00000,277.5071,2.8000,929.9319,755.9145,161.6095
249.2852,657.5113,738.2288,113.9948,0.00299296,-0.08455599,0.03524721,0.99579062,9.70708,4.05441,-0.00000,35.00000,277.3836,2.8000,929.9266,757.9058,161.4567
249.5352,657.6331,740.2485,114.0194,0.00299463,-0.08457699,0.03525799,0.99578845,9.70950,4.05566,0.00000,35.00000,277.2260,2.8000,929.9228,759.8929,161.3034
249.7852,657.7481,742.2677,114.0352,0.00299602,-0.08459329,0.03526755,0.99578672,9.71138,4.05677,-0.00000,35.00000,277.0778,2.8000,929.9203,761.8755,161.1497
250.0352,657.8575,744.2854,114.0431,0.00299714,-0.08460514,0.03527579,0.99578542,9.71274,4.05772,-0.00000,35.00000,276.9374,2.8000,929.9275,763.8541,160.9943
250.2852,657.9621,746.2988,114.0436,0.00299800,-0.08461271,0.03528270,0.99578453,9.71362,4.05852,-0.00000,35.00000,276.8121,2.8000,929.9855,765.8319,160.8312
250.5352,658.0623,748.3106,114.0353,0.00299858,-0.08461583,0.03528818,0.99578407,9.71398,4.05915,-0.00000,35.00000,276.7414,2.8000,930.0430,767.8061,160.6681
250.7852,658.1641,750.3202,114.0195,0.00299889,-0.08461478,0.03529223,0.99578401,9.71386,4.05961,-0.00000,35.00000,276.6697,2.8000,930.1001,769.7766,160.5048
251.0353,658.2706,752.3271,113.9973,0.00299893,-0.08460987,0.03529483,0.99578434,9.71329,4.05991,0.00000,35.00000,276.5941,2.8000,930.1511,771.7509,160.3377
251.2853,658.3822,754.3312,113.9689,0.00299875,-0.08460126,0.03529630,0.99578502,9.71230,4.06008,-0.00000,35.00000,276.5083,2.8000,930.1666,773.7660,160.1482
251.5353,658.5010,756.3308,113.9294,0.00299849,-0.08458887,0.03529848,0.99578600,9.71088,4.06032,-0.00000,35.00000,276.3817,2.8000,930.1813,775.7770,159.9584
251.7853,658.6264,758.3261,113.8809,0.00299818,-0.08457307,0.03530138,0.99578724,9.70906,4.06065,-0.00000,35.00000,276.2493,2.8000,930.1950,777.7836,159.7681
252.0353,658.7570,760.3174,113.8250,0.00299781,-0.08455413,0.03530499,0.99578872,9.70688,4.06106,-0.00000,35.00000,276.1121,2.8000,930.2092,779.7877,159.5782
252.2853,658.8912,762.3050,113.7627,0.00299740,-0.08453233,0.03530934,0.99579042,9.70437,4.06156,-0.00000,35.00000,275.9729,2.8000,930.2305,781.7972,159.3920
252.5353,659.0330,764.2888,113.6903,0.00299699,-0.08450811,0.03531477,0.99579228,9.70159,4.06217,-0.00000,35.00000,275.8363,2.8000,930.2509,783.8020,159.2054
252.7853,659.1814,766.2689,113.6095,0.00299660,-0.08448178,0.03532123,0.99579429,9.69856,4.06291,-0.00000,35.00000,275.6935,2.8000,930.2703,785.8022,159.0184
253.0353,659.3355,768.2453,113.5217,0.00299623,-0.08445361,0.03532868,0.99579641,9.69532,4.06375,-0.00000,35.00000,275.5452,2.8000,930.3063,787.7911,158.8315
253.2853,659.4872,770.2186,113.4280,0.00299585,-0.08442372,0.03533675,0.99579866,9.69189,4.06467,-0.00000,35.00000,275.4161,2.8000,930.4482,789.7358,158.6468
253.5353,659.6440,772.1866,113.3286,0.00299529,-0.08439188,0.03534366,0.99580112,9.68822,4.06546,-0.00000,35.00000,275.3847,2.8000,930.5891,791.6759,158.4617
253.7853,659.8055,774.1494,113.2247,0.00299459,-0.08435828,0.03534948,0.99580376,9.68436,4.06611,-0.00000,35.00000,275.3484,2.8000,930.7289,793.6114,158.2761
254.0353,659.9711,776.1070,113.1173,0.00299373,-0.08432306,0.03535426,0.99580658,9.68031,4.06665,-0.00000,35.00000,275.3076,2.8000,930.8831,795.5383,158.1017
254.2853,660.1418,778.0592,113.0077,0.00299274,-0.08428660,0.03535788,0.99580954,9.67611,4.06706,-0.00000,35.00000,275.2780,2.8000,931.1298,797.4371,157.9977
254.5353,660.3164,780.0055,112.8989,0.00299157,-0.08425056,0.03535927,0.99581254,9.67197,4.06720,-0.00000,35.00000,275.3456,2.8000,931.3757,799.3316,157.8930
254.7853,660.4917,781.9443,112.7913,0.00299023,-0.08421488,0.03535860,0.99581559,9.66786,4.06711,0.00000,35.00000,275.4117,2.8000,931.6207,801.2217,157.7876
255.0353,660.6673,783.8747,112.6851,0.00298875,-0.08417951,0.03535607,0.99581867,9.66379,4.06681,-0.00000,35.00000,275.4766,2.8000,931.8643,803.1097,157.7061
255.2853,660.8430,785.7976,112.5820,0.00298717,-0.08414505,0.03535192,0.99582174,9.65982,4.06632,-0.00000,35.00000,275.5438,2.8000,932.1032,805.0068,157.7736
255.5353,661.0178,787.7153,112.4892,0.00298568,-0.08411562,0.03534673,0.99582441,9.65643,4.06571,-0.00000,35.00000,275.6315,2.8000,932.3414,806.8994,157.8408
255.7853,661.1914,789.6282,112.4064,0.00298427,-0.08409082,0.03534053,0.99582673,9.65358,4.06499,0.00000,35.00000,275.7179,2.8000,932.5788,808.7873,157.9077
256.0353,661.3638,791.5362,112.3329,0.00298293,-0.08407028,0.03533334,0.99582872,9.65121,4.06416,-0.00000,35.00000,275.8032,2.8000,932.8052,810.6670,157.9793
256.2853,661.5348,793.4392,112.2693,0.00298164,-0.08405383,0.03532508,0.99583041,9.64932,4.06320,-0.00000,35.00000,275.8778,2.8000,932.9683,812.5211,158.0799
256.5353,661.7036,795.3361,112.2223,0.00298039,-0.08404208,0.03531520,0.99583175,9.64796,4.06206,-0.00000,35.00000,275.8932,2.8000,933.1307,814.3703,158.1802
256.7853,661.8703,797.2271,112.1907,0.00297915,-0.08403447,0.03530376,0.99583281,9.64708,4.06074,-0.00000,35.00000,275.9073,2.8000,933.2921,816.2144,158.2803
257.0353,662.0349,799.1122,112.1734,0.00297791,-0.08403051,0.03529082,0.99583360,9.64662,4.05925,-0.00000,35.00000,275.9201,2.8000,933.4485,818.0537,158.3848
257.2853,662.1972,800.9917,112.1706,0.00297667,-0.08402984,0.03527645,0.99583417,9.64654,4.05760,-0.00000,35.00000,275.9287,2.8000,933.5787,819.8890,158.5175
257.5353,662.3549,802.8663,112.1883,0.00297545,-0.08403274,0.03526076,0.99583449,9.64687,4.05579,0.00000,35.00000,275.9173,2.8000,933.7081,821.7191,158.6500
257.7853,662.5083,804.7359,112.2248,0.00297422,-0.08403859,0.03524376,0.99583460,9.64754,4.05384,0.00000,35.00000,275.9061,2.8000,933.8366,823.5439,158.7824
258.0353,662.6576,806.6007,112.2787,0.00297297,-0.08404679,0.03522545,0.99583456,9.64847,4.05173,-0.00000,35.00000,275.8951,2.8000,933.9592,825.3603,158.9340
258.2854,662.8030,808.4606,112.3477,0.00297168,-0.08405743,0.03520574,0.99583436,9.64969,4.04947,0.00000,35.00000,275.8827,2.8000,934.0515,827.1534,159.2027
258.5354,662.9438,810.3161,112.4250,0.00297043,-0.08407385,0.03518398,0.99583375,9.65157,4.04697,0.00000,35.00000,275.8619,2.8000,934.1444,828.9421,159.4713
258.7854,663.0799,812.1670,112.5105,0.00296919,-0.08409565,0.03516020,0.99583275,9.65407,4.04424,-0.00000,35.00000,275.8450,2.8000,934.2381,830.7262,159.7396
259.0354,663.2115,814.0133,112.6022,0.00296797,-0.08412256,0.03513445,0.99583139,9.65716,4.04129,-0.00000,35.00000,275.8321,2.8000,934.3325,832.5044,160.0082
259.2854,663.3389,815.8550,112.6984,0.00296675,-0.08415432,0.03510669,0.99582969,9.66080,4.03810,-0.00000,35.00000,275.8234,2.8000,934.4288,834.2695,160.2794
259.5354,663.4616,817.6917,112.7977,0.00296550,-0.08419081,0.03507663,0.99582767,9.66499,4.03466,-0.00000,35.00000,275.8205,2.8000,934.5266,836.0303,160.5502
259.7854,663.5797,819.5235,112.8971,0.00296423,-0.08423190,0.03504433,0.99582533,9.66971,4.03096,-0.00000,35.00000,275.8236,2.8000,934.6259,837.7867,160.8205
260.0354,663.6934,821.3503,112.9978,0.00296292,-0.08427744,0.03500984,0.99582270,9.67494,4.02700,0.00000,35.00000,275.8324,2.8000,934.7297,839.5391,161.0720
260.2854,663.8026,823.1720,113.1005,0.00296156,-0.08432670,0.03497323,0.99581982,9.68060,4.02281,0.00000,35.00000,275.8466,2.8000,934.8522,841.2896,161.2120
260.5354,663.9069,824.9868,113.2029,0.00296004,-0.08437618,0.03493467,0.99581699,9.68628,4.01839,0.00000,35.00000,275.8657,2.8000,934.9745,843.0339,161.3515
260.7854,664.0064,826.7950,113.3060,0.00295836,-0.08442583,0.03489420,0.99581420,9.69198,4.01375,-0.00000,35.00000,275.8890,2.8000,935.0964,844.7720,161.4907
261.0354,664.1014,828.5967,113.4058,0.00295652,-0.08447572,0.03485187,0.99581146,9.69770,4.00889,-0.00000,35.00000,275.9170,2.8000,935.2182,846.5043,161.6125
261.2854,664.1922,830.3915,113.5022,0.00295452,-0.08452540,0.03480774,0.99580879,9.70340,4.00383,0.00000,35.00000,275.9467,2.8000,935.3402,848.2341,161.6317
261.5354,664.2790,832.1761,113.5914,0.00295229,-0.08457203,0.03476214,0.99580643,9.70875,3.99860,-0.00000,35.00000,275.9651,2.8000,935.4618,849.9576,161.6506
261.7854,664.3620,833.9510,113.6742,0.00294983,-0.08461582,0.03471521,0.99580436,9.71378,3.99321,-0.00000,35.00000,275.9881,2.8000,935.5832,851.6748,161.6693
262.0354,664.4414,835.7166,113.7520,0.00294718,-0.08465695,0.03466708,0.99580254,9.71850,3.98769,-0.00000,35.00000,276.0153,2.8000,935.7032,853.3852,161.6793
262.2854,664.5173,837.4728,113.8243,0.00294434,-0.08469535,0.03461788,0.99580100,9.72290,3.98204,0.00000,35.00000,276.0442,2.8000,935.8168,855.0865,161.6377
262.5354,664.5904,839.2192,113.8839,0.00294127,-0.08472994,0.03456766,0.99579981,9.72686,3.97627,-0.00000,35.00000,276.0630,2.8000,935.9298,856.7814,161.5961
262.7854,664.6609,840.9561,113.9329,0.00293800,-0.08476108,0.03451654,0.99579894,9.73043,3.97040,-0.00000,35.00000,276.0858,2.8000,936.0422,858.4699,161.5543
263.0354,664.7292,842.6837,113.9730,0.00293456,-0.08478908,0.03446465,0.99579837,9.73363,3.96444,-0.00000,35.00000,276.1119,2.8000,936.1520,860.1500,161.4845
263.2854,664.7956,844.4025,114.0039,0.00293092,-0.08481344,0.03441203,0.99579812,9.73642,3.95839,-0.00000,35.00000,276.1341,2.8000,936.2489,861.8135,161.2453
263.5354,664.8702,846.1141,114.0153,0.00292692,-0.08482989,0.03435839,0.99579859,9.73829,3.95222,-0.00000,35.00000,276.1096,2.8000,936.3452,863.4702,161.0060
263.7854,664.9531,847.8185,114.0107,0.00292258,-0.08483910,0.03430378,0.99579970,9.73933,3.94594,-0.00000,35.00000,276.0789,2.8000,936.4407,865.1203,160.7666
264.0354,665.0442,849.5155,113.9931,0.00291793,-0.08484159,0.03424828,0.99580141,9.73960,3.93956,-0.00000,35.00000,276.0417,2.8000,936.5322,866.7632,160.5250
264.2854,665.1430,851.2051,113.9648,0.00291299,-0.08483780,0.03419193,0.99580368,9.73915,3.93307,0.00000,35.00000,275.9944,2.8000,936.6027,868.3979,160.2697
264.5354,665.2476,852.8857,113.9224,0.00290778,-0.08482797,0.03413484,0.99580649,9.73799,3.92650,-0.00000,35.00000,275.9208,2.8000,936.6726,870.0259,160.0143
264.7854,665.3581,854.5576,113.8686,0.00290233,-0.08481256,0.03407712,0.99580980,9.73620,3.91985,0.00000,35.00000,275.8431,2.8000,936.7421,871.6472,159.7588
265.0354,665.4744,856.2208,113.8056,0.00289665,-0.08479197,0.03401886,0.99581356,9.73381,3.91314,0.00000,35.00000,275.7608,2.8000,936.8110,873.2595,159.5132
265.2855,665.5964,857.8756,113.7355,0.00289078,-0.08476681,0.03396007,0.99581773,9.73090,3.90637,-0.00000,35.00000,275.6753,2.8000,936.8791,874.8525,159.3278
265.5355,665.7225,859.5226,113.6602,0.00288474,-0.08473911,0.03390033,0.99582214,9.72769,3.89948,-0.00000,35.00000,275.5952,2.8000,936.9468,876.4388,159.1422
265.7855,665.8527,861.1618,113.5810,0.00287854,-0.08470907,0.03383970,0.99582677,9.72421,3.89250,-0.00000,35.00000,275.5113,2.8000,937.0139,878.0185,158.9566
266.0355,665.9871,862.7933,113.4989,0.00287221,-0.08467681,0.03377825,0.99583162,9.72048,3.88541,-0.00000,35.00000,275.4235,2.8000,937.0975,879.5879,158.7795
266.2855,666.1251,864.4174,113.4152,0.00286573,-0.08464262,0.03371585,0.99583666,9.71653,3.87822,-0.00000,35.00000,275.3497,2.8000,937.2828,881.1287,158.6543
266.5355,666.2615,866.0367,113.3324,0.00285905,-0.08460753,0.03365137,0.99584184,9.71247,3.87079,-0.00000,35.00000,275.3847,2.8000,937.4674,882.6623,158.5288
266.7855,666.3935,867.6512,113.2510,0.00285216,-0.08457150,0.03358477,0.99584717,9.70830,3.86312,0.00000,35.00000,275.4229,2.8000,937.6512,884.1885,158.4030
267.0355,666.5214,869.2605,113.1715,0.00284505,-0.08453447,0.03351598,0.99585265,9.70402,3.85519,-0.00000,35.00000,275.4638,2.8000,937.8425,885.7034,158.2869
267.2855,666.6467,870.8646,113.0944,0.00283772,-0.08449661,0.03344480,0.99585828,9.69964,3.84698,-0.00000,35.00000,275.5154,2.8000,938.0824,887.1880,158.2305
267.5355,666.7675,872.4648,113.0207,0.00283013,-0.08445936,0.03337015,0.99586397,9.69532,3.83838,0.00000,35.00000,275.6272,2.8000,938.3217,888.6652,158.1735
267.7855,666.8776,874.0609,112.9506,0.00282225,-0.08442254,0.03329196,0.99586973,9.69106,3.82937,-0.00000,35.00000,275.7480,2.8000,938.5602,890.1347,158.1158
268.0355,666.9779,875.6526,112.8840,0.00281408,-0.08438597,0.03321016,0.99587558,9.68683,3.81995,-0.00000,35.00000,275.8768,2.8000,938.7955,891.5959,158.0646
268.2855,667.0695,877.2388,112.8211,0.00280561,-0.08434971,0.03312471,0.99588152,9.68263,3.81010,0.00000,35.00000,276.0112,2.8000,939.0140,893.0449,158.0553
268.5355,667.1559,878.8141,112.7628,0.00279690,-0.08431492,0.03303565,0.99588745,9.67860,3.79985,-0.00000,35.00000,276.1406,2.8000,939.2319,894.4861,158.0456
268.7855,667.2373,880.3787,112.7088,0.00278795,-0.08428140,0.03294319,0.99589338,9.67471,3.78920,0.00000,35.00000,276.2737,2.8000,939.4492,895.9196,158.0356
269.0355,667.3141,881.9328,112.6591,0.00277876,-0.08424897,0.03284747,0.99589931,9.67095,3.77817,-0.00000,35.00000,276.4102,2.8000,939.6581,897.3435,158.0400
269.2855,667.3874,883.4767,112.6137,0.00276936,-0.08421795,0.03274860,0.99590522,9.66735,3.76679,-0.00000,35.00000,276.5435,2.8000,939.8187,898.7493,158.1327
269.5355,667.4621,885.0117,112.5751,0.00275982,-0.08419095,0.03264640,0.99591088,9.66421,3.75502,-0.00000,35.00000,276.6412,2.8000,939.9777,900.1473,158.2249
269.7855,667.5380,886.5378,112.5429,0.00275013,-0.08416773,0.03254100,0.99591632,9.66150,3.74288,0.00000,35.00000,276.7351,2.8000,940.1351,901.5373,158.3166
270.0355,667.6150,888.0584,112.5167,0.00274030,-0.08414803,0.03243236,0.99592155,9.65920,3.73038,0.00000,35.00000,276.8252,2.8000,940.2814,902.9199,158.4227
270.2855,667.6940,889.5742,112.4966,0.00273031,-0.08413211,0.03232049,0.99592656,9.65733,3.71750,0.00000,35.00000,276.9036,2.8000,940.3677,904.2978,158.6188
270.5355,667.7809,891.0914,112.4853,0.00272027,-0.08412263,0.03220537,0.99593112,9.65621,3.70425,0.00000,35.00000,276.9284,2.8000,940.4518,905.6680,158.8139
270.7855,667.8747,892.6092,112.4824,0.00271013,-0.08411927,0.03208675,0.99593526,9.65578,3.69060,-0.00000,35.00000,276.9422,2.8000,940.5335,907.0304,159.0082
271.0355,667.9748,894.1268,112.4873,0.00269987,-0.08412170,0.03196444,0.99593902,9.65602,3.67653,-0.00000,35.00000,276.9457,2.8000,940.6054,908.3949,159.1966
271.2855,668.0806,895.6428,112.5002,0.00268948,-0.08412950,0.03183868,0.99594241,9.65688,3.66206,-0.00000,35.00000,276.9318,2.8000,940.6305,909.8110,159.3543
271.5355,668.1922,897.1521,112.5250,0.00267915,-0.08414156,0.03171185,0.99594547,9.65823,3.64747,-0.00000,35.00000,276.8628,2.8000,940.6556,911.2182,159.5118
271.7855,668.3092,898.6548,112.5609,0.00266883,-0.08415752,0.03158388,0.99594822,9.66003,3.63275,0.00000,35.00000,276.7865,2.8000,940.6807,912.6165,159.6689
272.0355,668.4309,900.1508,112.6071,0.00265853,-0.08417701,0.03145472,0.99595068,9.66223,3.61790,-0.00000,35.00000,276.7037,2.8000,940.7015,914.0151,159.8268
272.2855,668.5577,901.6402,112.6621,0.00264825,-0.08419979,0.03132468,0.99595288,9.66481,3.60294,-0.00000,35.00000,276.6107,2.8000,940.6957,915.4617,159.9902
272.5355,668.6943,903.1248,112.7208,0.00263817,-0.08422603,0.03119582,0.99595474,9.66779,3.58812,-0.00000,35.00000,276.4855,2.8000,940.6895,916.8989,160.1532
272.7856,668.8397,904.6044,112.7832,0.00262828,-0.08425559,0.03106798,0.99595626,9.67115,3.57342,-0.00000,35.00000,276.3502,2.8000,940.6829,918.3267,160.3156
273.0356,668.9932,906.0788,112.8495,0.00261855,-0.08428834,0.03094097,0.99595747,9.67488,3.55882,-0.00000,35.00000,276.2056,2.8000,940.6760,919.7469,160.4739
273.2856,669.1544,907.5476,112.9191,0.00260897,-0.08432405,0.03081473,0.99595838,9.67895,3.54431,0.00000,35.00000,276.0518,2.8000,940.6695,921.1699,160.6092
273.5356,669.3251,909.0113,112.9883,0.00259954,-0.08436206,0.03068955,0.99595905,9.68329,3.52991,-0.00000,35.00000,275.8857,2.8000,940.6625,922.5835,160.7441
273.7856,669.4942,910.4699,113.0578,0.00259024,-0.08440230,0.03056523,0.99595949,9.68788,3.51562,-0.00000,35.00000,275.7204,2.8000,940.6550,923.9877,160.8785
274.0356,669.6523,911.9231,113.1281,0.00258106,-0.08444466,0.03044158,0.99595971,9.69272,3.50141,-0.00000,35.00000,275.5649,2.8000,940.6398,925.3842,161.0016
274.2856,669.8001,913.3706,113.1991,0.00257196,-0.08448871,0.03031849,0.99595975,9.69775,3.48726,-0.00000,35.00000,275.4099,2.8000,940.5813,926.7817,161.0588
274.5356,669.9359,914.8111,113.2679,0.00256293,-0.08453273,0.03019633,0.99595975,9.70278,3.47322,-0.00000,35.00000,275.2138,2.8000,940.5236,928.1687,161.1152
274.7856,670.0609,916.2444,113.3353,0.00255395,-0.08457665,0.03007491,0.99595972,9.70780,3.45926,-0.00000,35.00000,275.0289,2.8000,940.4667,929.5450,161.1708
275.0356,670.1765,917.6701,113.4021,0.00254501,-0.08462044,0.02995408,0.99595967,9.71280,3.44537,0.00000,35.00000,274.8539,2.8000,940.4052,930.9114,161.2114
275.2856,670.2830,919.0876,113.4685,0.00253608,-0.08466364,0.02983374,0.99595963,9.71773,3.43154,-0.00000,35.00000,274.6808,2.8000,940.3128,932.2707,161.1649
275.5356,670.3776,920.4945,113.5318,0.00252710,-0.08470385,0.02971405,0.99595981,9.72232,3.41778,0.00000,35.00000,274.4751,2.8000,940.2223,933.6182,161.1174
275.7856,670.4618,921.8909,113.5928,0.00251808,-0.08474110,0.02959492,0.99596021,9.72658,3.40408,0.00000,35.00000,274.2815,2.8000,940.1335,934.9539,161.0688
276.0356,670.5370,923.2762,113.6515,0.00250900,-0.08477541,0.02947629,0.99596083,9.73049,3.39044,0.00000,35.00000,274.0987,2.8000,940.0613,936.2715,161.0101
276.2856,670.6035,924.6482,113.7025,0.00249984,-0.08480664,0.02935791,0.99596170,9.73405,3.37683,-0.00000,35.00000,273.9399,2.8000,940.0780,937.5411,160.8953
276.5356,670.6575,926.0087,113.7408,0.00249042,-0.08483301,0.02923820,0.99596299,9.73705,3.36307,0.00000,35.00000,273.8715,2.8000,940.0936,938.8010,160.7803
276.7856,670.7003,927.3577,113.7688,0.00248075,-0.08485486,0.02911722,0.99596470,9.73953,3.34915,-0.00000,35.00000,273.8150,2.8000,940.1084,940.0511,160.6651
277.0356,670.7332,928.6954,113.7889,0.00247085,-0.08487245,0.02899505,0.99596679,9.74152,3.33510,0.00000,35.00000,273.7686,2.8000,940.1258,941.2884,160.5441
277.2856,670.7571,930.0218,113.8017,0.00246071,-0.08488583,0.02887163,0.99596926,9.74302,3.32090,-0.00000,35.00000,273.7339,2.8000,940.1643,942.4981,160.3895
277.5356,670.7726,931.3377,113.8006,0.00245026,-0.08489433,0.02874626,0.99597219,9.74396,3.30648,-0.00000,35.00000,273.7242,2.8000,940.2025,943.6974,160.2349
277.7856,670.7806,932.6432,113.7887,0.00243952,-0.08489832,0.02861899,0.99597554,9.74439,3.29184,0.00000,35.00000,273.7231,2.8000,940.2404,944.8863,160.0803
278.0356,670.7825,933.9381,113.7691,0.00242850,-0.08489807,0.02848985,0.99597929,9.74432,3.27698,-0.00000,35.00000,273.7293,2.8000,940.2727,946.0686,159.9231
278.2856,670.7927,935.2225,113.7432,0.00241722,-0.08489384,0.02835903,0.99598341,9.74380,3.26193,-0.00000,35.00000,273.7226,2.8000,940.2730,947.2625,159.7502
278.5356,670.8150,936.4978,113.7066,0.00240576,-0.08488576,0.02822745,0.99598787,9.74283,3.24679,0.00000,35.00000,273.6729,2.8000,940.2722,948.4448,159.5772
278.7856,670.8481,937.7641,113.6613,0.00239414,-0.08487421,0.02809504,0.99599262,9.74147,3.23155,-0.00000,35.00000,273.6129,2.8000,940.2705,949.6155,159.4041
279.0356,670.8749,939.0215,113.6094,0.00238235,-0.08485940,0.02796170,0.99599767,9.73973,3.21621,0.00000,35.00000,273.5590,2.8000,940.2755,950.7802,159.2230
279.2856,670.8956,940.2704,113.5516,0.00237040,-0.08484128,0.02782751,0.99600300,9.73760,3.20076,0.00000,35.00000,273.5177,2.8000,940.3259,951.9673,158.9957
279.5356,670.9168,941.5129,113.4825,0.00235834,-0.08481860,0.02769353,0.99600869,9.73496,3.18534,-0.00000,35.00000,273.5163,2.8000,940.3753,953.1431,158.7683
279.7856,670.9385,942.7487,113.4037,0.00234617,-0.08479175,0.02755957,0.99601472,9.73183,3.16992,0.00000,35.00000,273.5148,2.8000,940.4237,954.3072,158.5408
280.0356,670.9606,943.9774,113.3169,0.00233390,-0.08476103,0.02742546,0.99602107,9.72826,3.15448,-0.00000,35.00000,273.5130,2.8000,940.4868,955.4645,158.3155
280.2857,670.9847,945.1991,113.2227,0.00232151,-0.08472673,0.02729118,0.99602770,9.72428,3.13903,-0.00000,35.00000,273.5254,2.8000,940.6433,956.6390,158.1040
280.5357,671.0213,946.4161,113.1189,0.00230910,-0.08468921,0.02715745,0.99603458,9.71993,3.12363,0.00000,35.00000,273.6225,2.8000,940.7988,957.8027,157.8921
280.7857,671.0693,947.6277,113.0068,0.00229665,-0.08464882,0.02702407,0.99604167,9.71524,3.10827,-0.00000,35.00000,273.7085,2.8000,940.9535,958.9555,157.6799
281.0357,671.1278,948.8325,112.8875,0.00228415,-0.08460587,0.02689089,0.99604895,9.71027,3.09294,-0.00000,35.00000,273.7844,2.8000,941.1138,960.0987,157.4970
281.2857,671.1965,950.0283,112.7636,0.00227164,-0.08456143,0.02675790,0.99605633,9.70512,3.07763,-0.00000,35.00000,273.8615,2.8000,941.3119,961.2391,157.4921
281.5357,671.2790,951.2156,112.6442,0.00225928,-0.08452060,0.02662526,0.99606338,9.70039,3.06236,-0.00000,35.00000,273.9917,2.8000,941.5089,962.3683,157.4868
281.7857,671.3739,952.3942,112.5293,0.00224704,-0.08448323,0.02649290,0.99607011,9.69606,3.04712,-0.00000,35.00000,274.1076,2.8000,941.7048,963.4862,157.4810
282.0357,671.4802,953.5639,112.4187,0.00223491,-0.08444919,0.02636074,0.99607653,9.69210,3.03191,-0.00000,35.00000,274.2104,2.8000,941.8960,964.5908,157.4819
282.2857,671.5978,954.7253,112.3134,0.00222289,-0.08441852,0.02622861,0.99608264,9.68854,3.01670,0.00000,35.00000,274.2973,2.8000,942.0643,965.6721,157.5245
282.5357,671.7278,955.8819,112.2189,0.00221094,-0.08439229,0.02609585,0.99608838,9.68549,3.00142,-0.00000,35.00000,274.3538,2.8000,942.2318,966.7415,157.5669
282.7857,671.8561,957.0335,112.1348,0.00219902,-0.08437009,0.02596221,0.99609378,9.68290,2.98604,-0.00000,35.00000,274.4090,2.8000,942.3986,967.7992,157.6092
283.0357,671.9828,958.1796,112.0605,0.00218712,-0.08435157,0.02582747,0.99609888,9.68074,2.97054,-0.00000,35.00000,274.4631,2.8000,942.5555,968.8384,157.6546
283.2857,672.1075,959.3189,111.9966,0.00217518,-0.08433648,0.02569121,0.99610370,9.67897,2.95486,-0.00000,35.00000,274.5076,2.8000,942.6563,969.8261,157.7201
283.5357,672.2288,960.4447,111.9487,0.00216310,-0.08432517,0.02555210,0.99610827,9.67763,2.93885,0.00000,35.00000,274.4991,2.8000,942.7561,970.8016,157.7855
283.7857,672.3468,961.5574,111.9157,0.00215088,-0.08431711,0.02541021,0.99611260,9.67667,2.92253,-0.00000,35.00000,274.4905,2.8000,942.8550,971.7649,157.8506
284.0357,672.4616,962.6569,111.8968,0.00213850,-0.08431181,0.02526564,0.99611676,9.67602,2.90589,-0.00000,35.00000,274.4818,2.8000,942.9516,972.7043,157.9391
284.2857,672.5731,963.7432,111.8918,0.00212594,-0.08430950,0.02511803,0.99612071,9.67572,2.88891,-0.00000,35.00000,274.4753,2.8000,943.0391,973.5612,158.1687
284.5357,672.6794,964.8141,111.9034,0.00211308,-0.08431389,0.02496488,0.99612422,9.67619,2.87129,-0.00000,35.00000,274.4826,2.8000,943.1250,974.4057,158.3978
284.7857,672.7806,965.8697,111.9306,0.00209992,-0.08432436,0.02480643,0.99612732,9.67735,2.85307,-0.00000,35.00000,274.4910,2.8000,943.2095,975.2377,158.6265
285.0357,672.8772,966.9102,111.9721,0.00208646,-0.08434035,0.02464285,0.99613005,9.67915,2.83426,0.00000,35.00000,274.5004,2.8000,943.2942,976.0493,158.8688
285.2857,672.9690,967.9361,112.0265,0.00207269,-0.08436177,0.02447404,0.99613243,9.68158,2.81484,0.00000,35.00000,274.5147,2.8000,943.3881,976.8013,159.1948
285.5357,673.0540,968.9468,112.0921,0.00205851,-0.08439060,0.02429839,0.99613432,9.68485,2.79464,-0.00000,35.00000,274.5549,2.8000,943.4806,977.5410,159.5198
285.7857,673.1326,969.9426,112.1688,0.00204394,-0.08442635,0.02411613,0.99613575,9.68892,2.77368,0.00000,35.00000,274.5987,2.8000,943.5719,978.2684,159.8437
286.0357,673.2050,970.9238,112.2562,0.00202896,-0.08446851,0.02392747,0.99613675,9.69373,2.75199,-0.00000,35.00000,274.6455,2.8000,943.6601,978.9890,160.1421
286.2857,673.2713,971.8900,112.3528,0.00201358,-0.08451592,0.02373287,0.99613742,9.69914,2.72962,-0.00000,35.00000,274.6901,2.8000,943.7373,979.7310,160.2922
286.5357,673.3305,972.8382,112.4526,0.00199784,-0.08456401,0.02353393,0.99613809,9.70462,2.70674,-0.00000,35.00000,274.7075,2.8000,943.8145,980.4607,160.4420
286.7857,673.3830,973.7690,112.5559,0.00198174,-0.08461260,0.02333094,0.99613877,9.71017,2.68340,-0.00000,35.00000,274.7312,2.8000,943.8917,981.1780,160.5915
287.0357,673.4290,974.6829,112.6634,0.00196531,-0.08466153,0.02312414,0.99613947,9.71575,2.65962,-0.00000,35.00000,274.7610,2.8000,943.9678,981.8850,160.7347
287.2858,673.4688,975.5800,112.7707,0.00194857,-0.08471056,0.02291384,0.99614019,9.72134,2.63544,-0.00000,35.00000,274.7950,2.8000,944.0371,982.5921,160.8411
287.5358,673.5027,976.4599,112.8739,0.00193154,-0.08475873,0.02270079,0.99614100,9.72683,2.61094,0.00000,35.00000,274.8238,2.8000,944.1066,983.2866,160.9472
287.7858,673.5308,977.3228,112.9734,0.00191427,-0.08480613,0.02248521,0.99614189,9.73224,2.58615,-0.00000,35.00000,274.8593,2.8000,944.1762,983.9685,161.0531
288.0358,673.5533,978.1692,113.0694,0.00189676,-0.08485282,0.02226727,0.99614285,9.73756,2.56110,-0.00000,35.00000,274.9012,2.8000,944.2433,984.6394,161.1510
288.2858,673.5702,978.9991,113.1619,0.00187903,-0.08489867,0.02204725,0.99614387,9.74279,2.53579,-0.00000,35.00000,274.9458,2.8000,944.2955,985.3070,161.2026
288.5358,673.5820,979.8118,113.2493,0.00186111,-0.08494252,0.02182571,0.99614504,9.74778,2.51032,-0.00000,35.00000,274.9745,2.8000,944.3475,985.9616,161.2541
288.7858,673.5885,980.6075,113.3319,0.00184301,-0.08498450,0.02160284,0.99614635,9.75257,2.48469,-0.00000,35.00000,275.0091,2.8000,944.3992,986.6029,161.3054
289.0358,673.5901,981.3865,113.4101,0.00182476,-0.08502476,0.02137880,0.99614778,9.75715,2.45893,-0.00000,35.00000,275.0495,2.8000,944.4471,987.2331,161.3349
289.2858,673.5868,982.1491,113.4834,0.00180636,-0.08506281,0.02115379,0.99614937,9.76148,2.43305,-0.00000,35.00000,275.0881,2.8000,944.4727,987.8625,161.2348
289.5358,673.5799,982.8957,113.5464,0.00178779,-0.08509524,0.02092843,0.99615140,9.76516,2.40713,-0.00000,35.00000,275.0888,2.8000,944.4984,988.4787,161.1347
289.7858,673.5723,983.6265,113.6000,0.00176908,-0.08512242,0.02070282,0.99615382,9.76824,2.38119,0.00000,35.00000,275.0922,2.8000,944.5243,989.0817,161.0346
290.0358,673.5737,984.3414,113.6453,0.00175024,-0.08514474,0.02047708,0.99615661,9.77076,2.35522,-0.00000,35.00000,275.0883,2.8000,944.5474,989.6720,160.9199
290.2858,673.5831,985.0405,113.6819,0.00173130,-0.08516213,0.02025133,0.99615977,9.77272,2.32926,-0.00000,35.00000,275.0730,2.8000,944.5534,990.2528,160.7182
290.5358,673.5971,985.7239,113.7047,0.00171222,-0.08517264,0.02002582,0.99616347,9.77388,2.30332,0.00000,35.00000,275.0241,2.8000,944.5593,990.8201,160.5164
290.7858,673.6158,986.3915,113.7160,0.00169304,-0.08517673,0.01980063,0.99616765,9.77431,2.27741,-0.00000,35.00000,274.9727,2.8000,944.5652,991.3740,160.3147
291.0358,673.6388,987.0435,113.7178,0.00167378,-0.08517481,0.01957585,0.99617229,9.77405,2.25156,0.00000,35.00000,274.9186,2.8000,944.5697,991.9120,160.1205
291.2858,673.6656,987.6796,113.7115,0.00165444,-0.08516747,0.01935145,0.99617734,9.77316,2.22574,0.00000,35.00000,274.8621,2.8000,944.5659,992.4230,159.9714
291.5358,673.6949,988.2984,113.6947,0.00163504,-0.08515650,0.01912708,0.99618264,9.77185,2.19993,-0.00000,35.00000,274.8043,2.8000,944.5615,992.9202,159.8223
291.7858,673.7268,988.9002,113.6697,0.00161559,-0.08514223,0.01890286,0.99618817,9.77017,2.17414,-0.00000,35.00000,274.7448,2.8000,944.5565,993.4037,159.6733
292.0358,673.7614,989.4851,113.6387,0.00159611,-0.08512490,0.01867889,0.99619391,9.76814,2.14837,-0.00000,35.00000,274.6830,2.8000,944.5511,993.8709,159.5223
292.2858,673.7988,990.0532,113.6028,0.00157662,-0.08510467,0.01845520,0.99619984,9.76577,2.12263,-0.00000,35.00000,274.6190,2.8000,944.5474,994.3100,159.3596
292.5358,673.8378,990.6039,113.5585,0.00155706,-0.08508148,0.01823137,0.99620597,9.76306,2.09688,0.00000,35.00000,274.5540,2.8000,944.5431,994.7352,159.1968
292.7859,673.8790,991.1375,113.5080,0.00153746,-0.08505558,0.01800749,0.99621228,9.76004,2.07113,-0.00000,35.00000,274.4875,2.8000,944.5379,995.1465,159.0341
293.0359,673.9225,991.6541,113.4531,0.00151784,-0.08502716,0.01778374,0.99621876,9.75673,2.04538,-0.00000,35.00000,274.4188,2.8000,944.5489,995.5392,158.8848
293.2859,673.9689,992.1541,113.3957,0.00149820,-0.08499667,0.01755999,0.99622536,9.75318,2.01964,0.00000,35.00000,274.3658,2.8000,944.6589,995.8906,158.8159
293.5359,674.0192,992.6387,113.3371,0.00147848,-0.08496610,0.01733522,0.99623193,9.74963,1.99378,-0.00000,35.00000,274.4197,2.8000,944.7679,996.2274,158.7468
293.7859,674.0733,993.1077,113.2783,0.00145869,-0.08493548,0.01710948,0.99623848,9.74607,1.96781,-0.00000,35.00000,274.4687,2.8000,944.8758,996.5497,158.6773
294.0359,674.1313,993.5613,113.2203,0.00143884,-0.08490479,0.01688282,0.99624499,9.74250,1.94174,-0.00000,35.00000,274.5128,2.8000,944.9987,996.8555,158.6145
294.2859,674.1936,993.9999,113.1631,0.00141892,-0.08487416,0.01665522,0.99625146,9.73894,1.91555,0.00000,35.00000,274.5686,2.8000,945.2174,997.1358,158.5923
294.5359,674.2613,994.4258,113.1033,0.00139890,-0.08484443,0.01642616,0.99625782,9.73548,1.88920,-0.00000,35.00000,274.7203,2.8000,945.4349,997.4013,158.5691
294.7859,674.3258,994.8388,113.0416,0.00137879,-0.08481559,0.01619560,0.99626408,9.73213,1.86267,-0.00000,35.00000,274.8741,2.8000,945.6511,997.6522,158.5451
295.0359,674.3767,995.2388,112.9788,0.00135858,-0.08478758,0.01596352,0.99627024,9.72887,1.83598,-0.00000,35.00000,275.0402,2.8000,945.8703,997.8892,158.5223
295.2859,674.4151,995.6259,112.9159,0.00133825,-0.08476034,0.01572990,0.99627630,9.72570,1.80910,-0.00000,35.00000,275.2220,2.8000,946.1136,998.1164,158.5118
295.5359,674.4426,996.0013,112.8545,0.00131784,-0.08473401,0.01549484,0.99628225,9.72264,1.78206,0.00000,35.00000,275.4401,2.8000,946.3558,998.3288,158.5001
295.7859,674.4602,996.3649,112.7949,0.00129732,-0.08470844,0.01525828,0.99628810,9.71966,1.75485,0.00000,35.00000,275.6664,2.8000,946.5968,998.5263,158.4874
296.0359,674.4686,996.7162,112.7377,0.00127669,-0.08468347,0.01502013,0.99629387,9.71675,1.72745,0.00000,35.00000,275.9000,2.8000,946.8256,998.7109,158.4771
296.2859,674.4693,997.0553,112.6833,0.00125594,-0.08465911,0.01478042,0.99629955,9.71392,1.69988,-0.00000,35.00000,276.1294,2.8000,946.9882,998.8923,158.4879
296.5359,674.4661,997.3834,112.6342,0.00123513,-0.08463611,0.01453951,0.99630508,9.71124,1.67216,0.00000,35.00000,276.3003,2.8000,947.1498,999.0587,158.4980
296.7859,674.4593,997.7002,112.5900,0.00121423,-0.08461427,0.01429727,0.99631046,9.70869,1.64430,-0.00000,35.00000,276.4727,2.8000,947.3102,999.2099,158.5075
297.0359,674.4493,998.0053,112.5506,0.00119324,-0.08459341,0.01405361,0.99631573,9.70626,1.61627,-0.00000,35.00000,276.6463,2.8000,947.4522,999.3495,158.5330
297.2859,674.4369,998.2987,112.5172,0.00117216,-0.08457389,0.01380857,0.99632084,9.70398,1.58809,-0.00000,35.00000,276.8058,2.8000,947.4892,999.4952,158.6569
297.5359,674.4268,998.5823,112.4985,0.00115108,-0.08455867,0.01356282,0.99632553,9.70220,1.55982,0.00000,35.00000,276.8743,2.8000,947.5250,999.6257,158.7806
297.7859,674.4184,998.8555,112.4936,0.00112999,-0.08454729,0.01331618,0.99632984,9.70085,1.53145,-0.00000,35.00000,276.9375,2.8000,947.5596,999.7408,158.9041
298.0359,674.4116,999.1180,112.5013,0.00110887,-0.08453932,0.01306850,0.99633382,9.69990,1.50296,-0.00000,35.00000,276.9958,2.8000,947.5906,999.8467,159.0335
298.2859,674.4068,999.3702,112.5208,0.00108770,-0.08453454,0.01281984,0.99633748,9.69932,1.47436,-0.00000,35.00000,277.0478,2.8000,947.6062,999.9749,159.1997
298.5359,674.4078,999.6174,112.5522,0.00106660,-0.08453376,0.01257125,0.99634074,9.69920,1.44577,0.00000,35.00000,277.0837,2.8000,947.6205,1000.0873,159.3656
298.7859,674.4141,999.8586,112.5946,0.00104551,-0.08453659,0.01232236,0.99634363,9.69950,1.41715,-0.00000,35.00000,277.1111,2.8000,947.6336,1000.1841,159.5312
299.0359,674.4252,1000.0932,112.6473,0.00102441,-0.08454270,0.01207283,0.99634619,9.70017,1.38845,-0.00000,35.00000,277.1308,2.8000,947.6388,1000.2716,159.7142
299.2859,674.4425,1000.3200,112.7091,0.00100329,-0.08455235,0.01182262,0.99634839,9.70125,1.35967,-0.00000,35.00000,277.1378,2.8000,947.6036,1000.3818,160.0006
299.5359,674.4781,1000.5359,112.7784,0.00098230,-0.08456859,0.01157301,0.99634997,9.70309,1.33097,-0.00000,35.00000,277.1041,2.8000,947.5686,1000.4754,160.2861
299.7859,674.5303,1000.7405,112.8555,0.00096140,-0.08459116,0.01132380,0.99635093,9.70566,1.30231,-0.00000,35.00000,277.0526,2.8000,947.5336,1000.5525,160.5706
