frame,x,y,z,qx,qy,qz,qw,pitch,yaw,roll,focal,focus,aperture
0.6358,-272.1159,1.2212,114.0783,0.00041092,-0.08507023,0.00481283,0.99636325,9.76024,0.55352,-0.00000,18.35000,276.1411,2.8000
0.9108,-272.0995,1.1801,114.0929,0.00040859,-0.08508104,0.00478493,0.99636246,9.76148,0.55031,-0.00000,18.35000,276.3209,2.8000
1.1608,-272.0785,1.1548,114.1112,0.00040680,-0.08509415,0.00476321,0.99636145,9.76299,0.54781,-0.00000,18.35000,276.4168,2.8000
1.4108,-272.0489,1.1380,114.1323,0.00040530,-0.08510909,0.00474479,0.99636026,9.76471,0.54569,-0.00000,18.35000,276.5094,2.8000
1.6608,-272.0094,1.1287,114.1551,0.00040407,-0.08512527,0.00472946,0.99635895,9.76657,0.54393,-0.00000,18.35000,276.6038,2.8000
1.9108,-271.9597,1.1261,114.1796,0.00040308,-0.08514259,0.00471689,0.99635753,9.76856,0.54249,-0.00000,18.35000,276.7003,2.8000
2.1608,-271.8997,1.1294,114.2056,0.00040230,-0.08516096,0.00470678,0.99635601,9.77067,0.54133,-0.00000,18.35000,276.7987,2.8000
2.4108,-271.8297,1.1401,114.2296,0.00040183,-0.08517795,0.00470032,0.99635459,9.77262,0.54058,0.00000,18.35000,276.8852,2.8000
2.6608,-271.7497,1.1585,114.2498,0.00040169,-0.08519232,0.00469792,0.99635337,9.77428,0.54031,-0.00000,18.35000,276.9658,2.8000
2.9108,-271.6592,1.1835,114.2664,0.00040186,-0.08520419,0.00469920,0.99635235,9.77564,0.54046,-0.00000,18.35000,277.0480,2.8000
3.1608,-271.5580,1.2139,114.2798,0.00040230,-0.08521368,0.00470380,0.99635152,9.77673,0.54099,0.00000,18.35000,277.1317,2.8000
3.4108,-271.4464,1.2510,114.2868,0.00040304,-0.08521897,0.00471217,0.99635102,9.77734,0.54195,-0.00000,18.35000,277.2012,2.8000
3.6608,-271.3243,1.2948,114.2861,0.00040408,-0.08521923,0.00472435,0.99635094,9.77737,0.54335,0.00000,18.35000,277.2639,2.8000
3.9108,-271.1913,1.3438,114.2787,0.00040539,-0.08521473,0.00473998,0.99635125,9.77686,0.54515,0.00000,18.35000,277.3281,2.8000
4.1608,-271.0501,1.3967,114.2653,0.00040696,-0.08520568,0.00475876,0.99635194,9.77582,0.54731,-0.00000,18.35000,277.3964,2.8000
4.4108,-270.8993,1.4532,114.2449,0.00040862,-0.08519217,0.00477901,0.99635299,9.77426,0.54963,-0.00000,18.35000,277.4726,2.8000
4.6608,-270.7375,1.5116,114.2176,0.00041032,-0.08517435,0.00479983,0.99635442,9.77222,0.55203,0.00000,18.35000,277.5538,2.8000
4.9108,-270.5647,1.5643,114.1844,0.00041206,-0.08515247,0.00482142,0.99635618,9.76970,0.55451,-0.00000,18.35000,277.6368,2.8000
5.1608,-270.3807,1.6115,114.1465,0.00041386,-0.08512673,0.00484397,0.99635827,9.76674,0.55710,-0.00000,18.35000,277.7213,2.8000
5.4109,-270.1862,1.6513,114.1004,0.00041583,-0.08509677,0.00486882,0.99636071,9.76330,0.55996,-0.00000,18.35000,277.8364,2.8000
5.6609,-269.9817,1.6832,114.0450,0.00041806,-0.08506258,0.00489684,0.99636349,9.75937,0.56318,-0.00000,18.35000,277.9699,2.8000
5.9109,-269.7668,1.7081,113.9823,0.00042055,-0.08502443,0.00492822,0.99636659,9.75498,0.56679,-0.00000,18.35000,278.1058,2.8000
6.1609,-269.5415,1.7286,113.9138,0.00042331,-0.08498254,0.00496306,0.99636999,9.75016,0.57079,0.00000,18.35000,278.2436,2.8000
6.4109,-269.3053,1.7424,113.8373,0.00042635,-0.08493725,0.00500134,0.99637366,9.74496,0.57519,0.00000,18.35000,278.3916,2.8000
6.6609,-269.0578,1.7484,113.7521,0.00042967,-0.08488889,0.00504318,0.99637757,9.73940,0.58000,-0.00000,18.35000,278.5456,2.8000
6.9109,-268.7992,1.7475,113.6598,0.00043329,-0.08483772,0.00508876,0.99638169,9.73351,0.58524,-0.00000,18.35000,278.7007,2.8000
7.1609,-268.5293,1.7436,113.5616,0.00043721,-0.08478395,0.00513813,0.99638601,9.72733,0.59092,-0.00000,18.35000,278.8566,2.8000
7.4109,-268.2490,1.7387,113.4581,0.00044117,-0.08472794,0.00518815,0.99639052,9.72089,0.59667,-0.00000,18.35000,278.9921,2.8000
7.6609,-267.9590,1.7280,113.3499,0.00044505,-0.08466994,0.00523732,0.99639519,9.71423,0.60232,-0.00000,18.35000,279.1174,2.8000
7.9109,-267.6590,1.7120,113.2380,0.00044885,-0.08461007,0.00528587,0.99640002,9.70734,0.60790,0.00000,18.35000,279.2441,2.8000
8.1609,-267.3490,1.6912,113.1236,0.00045261,-0.08454843,0.00533402,0.99640499,9.70026,0.61343,0.00000,18.35000,279.3722,2.8000
8.4109,-267.0294,1.6630,113.0089,0.00045612,-0.08448665,0.00537938,0.99640999,9.69315,0.61865,-0.00000,18.35000,279.4987,2.8000
8.6609,-266.7008,1.6328,112.8957,0.00045929,-0.08442555,0.00542062,0.99641494,9.68613,0.62339,-0.00000,18.35000,279.6254,2.8000
8.9109,-266.3656,1.6007,112.7840,0.00046211,-0.08436503,0.00545791,0.99641986,9.67917,0.62767,0.00000,18.35000,279.7562,2.8000
9.1609,-266.0236,1.5669,112.6743,0.00046461,-0.08430499,0.00549140,0.99642476,9.67227,0.63152,-0.00000,18.35000,279.8906,2.8000
9.4109,-265.6727,1.5325,112.5722,0.00046683,-0.08424840,0.00552134,0.99642938,9.66576,0.63496,0.00000,18.35000,280.0542,2.8000
9.6609,-265.3118,1.4980,112.4806,0.00046878,-0.08419665,0.00554788,0.99643360,9.65981,0.63801,0.00000,18.35000,280.2328,2.8000
9.9109,-264.9410,1.4636,112.3988,0.00047048,-0.08414937,0.00557111,0.99643747,9.65438,0.64068,-0.00000,18.35000,280.4105,2.8000
10.1609,-264.5600,1.4293,112.3262,0.00047193,-0.08410619,0.00559110,0.99644100,9.64941,0.64297,-0.00000,18.35000,280.5872,2.8000
10.4109,-264.1698,1.3957,112.2676,0.00047327,-0.08406736,0.00560960,0.99644417,9.64495,0.64510,-0.00000,18.35000,280.7477,2.8000
10.6609,-263.7705,1.3631,112.2252,0.00047458,-0.08403272,0.00562755,0.99644699,9.64096,0.64716,0.00000,18.35000,280.8988,2.8000
10.9109,-263.3622,1.3315,112.1978,0.00047587,-0.08400173,0.00564493,0.99644951,9.63740,0.64916,-0.00000,18.35000,281.0488,2.8000
11.1739,-262.9216,1.2995,112.1838,0.00047720,-0.08397248,0.00566266,0.99645187,9.63404,0.65120,-0.00000,18.35000,281.2026,2.8000
11.4239,-262.4936,1.2720,112.1896,0.00047848,-0.08394806,0.00567953,0.99645383,9.63123,0.65314,0.00000,18.35000,281.3541,2.8000
11.6739,-262.0556,1.2481,112.2152,0.00047981,-0.08392651,0.00569671,0.99645555,9.62875,0.65511,-0.00000,18.35000,281.5023,2.8000
11.9239,-261.6074,1.2275,112.2588,0.00048116,-0.08390726,0.00571408,0.99645707,9.62654,0.65711,-0.00000,18.35000,281.6478,2.8000
12.1739,-261.1489,1.2101,112.3192,0.00048252,-0.08388977,0.00573152,0.99645844,9.62453,0.65911,-0.00000,18.35000,281.7906,2.8000
12.4240,-260.6799,1.1963,112.3904,0.00048398,-0.08387653,0.00574977,0.99645945,9.62301,0.66121,-0.00000,18.35000,281.9311,2.8000
12.6740,-260.2002,1.1865,112.4699,0.00048556,-0.08386846,0.00576901,0.99646002,9.62208,0.66342,0.00000,18.35000,282.0706,2.8000
12.9240,-259.7100,1.1804,112.5571,0.00048722,-0.08386523,0.00578905,0.99646017,9.62171,0.66572,0.00000,18.35000,282.2098,2.8000
13.1740,-259.2092,1.1778,112.6491,0.00048897,-0.08386661,0.00580968,0.99645993,9.62187,0.66810,0.00000,18.35000,282.3488,2.8000
13.4240,-258.6980,1.1789,112.7447,0.00049077,-0.08387251,0.00583067,0.99645931,9.62255,0.67051,0.00000,18.35000,282.4818,2.8000
13.6740,-258.1765,1.1839,112.8418,0.00049261,-0.08388282,0.00585178,0.99645832,9.62374,0.67294,0.00000,18.35000,282.6130,2.8000
13.9240,-257.6446,1.1925,112.9397,0.00049447,-0.08389744,0.00587281,0.99645697,9.62542,0.67536,0.00000,18.35000,282.7452,2.8000
14.1740,-257.1022,1.2048,113.0395,0.00049632,-0.08391620,0.00589354,0.99645526,9.62758,0.67774,-0.00000,18.35000,282.8781,2.8000
14.4240,-256.5507,1.2209,113.1399,0.00049810,-0.08393638,0.00591324,0.99645345,9.62990,0.68001,-0.00000,18.35000,283.0015,2.8000
14.6740,-255.9904,1.2411,113.2407,0.00049977,-0.08395678,0.00593154,0.99645162,9.63225,0.68212,-0.00000,18.35000,283.1208,2.8000
14.9240,-255.4211,1.2651,113.3399,0.00050130,-0.08397743,0.00594830,0.99644978,9.63462,0.68405,-0.00000,18.35000,283.2409,2.8000
15.1740,-254.8426,1.2928,113.4363,0.00050270,-0.08399838,0.00596342,0.99644792,9.63703,0.68579,0.00000,18.35000,283.3618,2.8000
15.4240,-254.2574,1.3237,113.5267,0.00050395,-0.08401738,0.00597679,0.99644624,9.63922,0.68732,0.00000,18.35000,283.4757,2.8000
15.6740,-253.6663,1.3575,113.6105,0.00050502,-0.08403358,0.00598832,0.99644480,9.64108,0.68865,-0.00000,18.35000,283.5895,2.8000
15.9240,-253.0689,1.3942,113.6886,0.00050591,-0.08404715,0.00599794,0.99644360,9.64264,0.68976,0.00000,18.35000,283.7076,2.8000
16.1740,-252.4648,1.4338,113.7622,0.00050662,-0.08405826,0.00600557,0.99644262,9.64392,0.69064,-0.00000,18.35000,283.8294,2.8000
16.4240,-251.8544,1.4756,113.8256,0.00050715,-0.08406603,0.00601134,0.99644192,9.64482,0.69130,-0.00000,18.35000,283.9467,2.8000
16.6740,-251.2376,1.5195,113.8774,0.00050751,-0.08407032,0.00601528,0.99644154,9.64531,0.69175,0.00000,18.35000,284.0649,2.8000
16.9240,-250.6141,1.5650,113.9196,0.00050770,-0.08407145,0.00601738,0.99644143,9.64544,0.69200,-0.00000,18.35000,284.1877,2.8000
17.1740,-249.9839,1.6119,113.9539,0.00050771,-0.08406968,0.00601762,0.99644158,9.64524,0.69202,-0.00000,18.35000,284.3145,2.8000
17.4240,-249.3448,1.6546,113.9721,0.00050757,-0.08406162,0.00601654,0.99644227,9.64431,0.69190,-0.00000,18.35000,284.4130,2.8000
17.6740,-248.6961,1.6886,113.9726,0.00050731,-0.08404617,0.00601466,0.99644358,9.64253,0.69168,-0.00000,18.35000,284.5006,2.8000
17.9240,-248.0377,1.7141,113.9590,0.00050698,-0.08402387,0.00601231,0.99644547,9.63997,0.69141,-0.00000,18.35000,284.5905,2.8000
18.1740,-247.3697,1.7312,113.9341,0.00050659,-0.08399517,0.00600981,0.99644791,9.63667,0.69112,-0.00000,18.35000,284.6822,2.8000
18.4240,-246.6933,1.7415,113.8962,0.00050623,-0.08396023,0.00600803,0.99645087,9.63265,0.69091,0.00000,18.35000,284.7732,2.8000
18.6740,-246.0089,1.7456,113.8457,0.00050593,-0.08391937,0.00600744,0.99645431,9.62795,0.69084,0.00000,18.35000,284.8662,2.8000
18.9306,-245.2973,1.7435,113.7835,0.00050572,-0.08387180,0.00600827,0.99645831,9.62248,0.69094,-0.00000,18.35000,284.9660,2.8000
19.1806,-244.5966,1.7351,113.7146,0.00050561,-0.08382007,0.00601071,0.99646265,9.61653,0.69121,-0.00000,18.35000,285.0637,2.8000
19.4307,-243.8873,1.7217,113.6398,0.00050562,-0.08376489,0.00601487,0.99646726,9.61019,0.69169,0.00000,18.35000,285.1628,2.8000
19.6807,-243.1692,1.7039,113.5606,0.00050577,-0.08370703,0.00602088,0.99647209,9.60353,0.69238,-0.00000,18.35000,285.2628,2.8000
19.9307,-242.4423,1.6816,113.4781,0.00050608,-0.08364661,0.00602886,0.99647712,9.59658,0.69329,-0.00000,18.35000,285.3642,2.8000
20.1807,-241.7067,1.6549,113.3932,0.00050654,-0.08358375,0.00603893,0.99648233,9.58936,0.69444,0.00000,18.35000,285.4669,2.8000
20.4307,-240.9602,1.6263,113.3084,0.00050690,-0.08351981,0.00604793,0.99648764,9.58200,0.69548,-0.00000,18.35000,285.5613,2.8000
20.6807,-240.2025,1.6018,113.2248,0.00050706,-0.08345529,0.00605451,0.99649300,9.57458,0.69623,-0.00000,18.35000,285.6503,2.8000
20.9307,-239.4336,1.5810,113.1429,0.00050700,-0.08339015,0.00605860,0.99649843,9.56709,0.69670,-0.00000,18.35000,285.7368,2.8000
21.1807,-238.6539,1.5635,113.0631,0.00050673,-0.08332436,0.00606013,0.99650392,9.55953,0.69687,-0.00000,18.35000,285.8206,2.8000
21.4307,-237.8623,1.5458,112.9865,0.00050612,-0.08325936,0.00605763,0.99650937,9.55205,0.69658,0.00000,18.35000,285.8918,2.8000
21.6807,-237.0588,1.5386,112.9134,0.00050511,-0.08319562,0.00605021,0.99651474,9.54472,0.69572,-0.00000,18.35000,285.9554,2.8000
21.9307,-236.2436,1.5408,112.8439,0.00050368,-0.08313303,0.00603764,0.99652004,9.53753,0.69427,-0.00000,18.35000,286.0153,2.8000
22.1807,-235.4169,1.5516,112.7780,0.00050181,-0.08307145,0.00601972,0.99652529,9.53044,0.69221,0.00000,18.35000,286.0715,2.8000
22.4307,-234.5833,1.5679,112.7164,0.00049954,-0.08301177,0.00599685,0.99653040,9.52358,0.68957,-0.00000,18.35000,286.1301,2.8000
22.6807,-233.7443,1.5883,112.6594,0.00049689,-0.08295419,0.00596918,0.99653536,9.51696,0.68639,-0.00000,18.35000,286.1914,2.8000
22.9307,-232.8996,1.6124,112.6066,0.00049385,-0.08289854,0.00593669,0.99654019,9.51056,0.68265,0.00000,18.35000,286.2547,2.8000
23.1807,-232.0492,1.6399,112.5580,0.00049042,-0.08284464,0.00589934,0.99654489,9.50436,0.67835,0.00000,18.35000,286.3199,2.8000
23.4307,-231.1915,1.6666,112.5154,0.00048675,-0.08279446,0.00585873,0.99654930,9.49858,0.67368,0.00000,18.35000,286.3876,2.8000
23.6807,-230.3262,1.6911,112.4794,0.00048290,-0.08274857,0.00581560,0.99655337,9.49330,0.66872,-0.00000,18.35000,286.4561,2.8000
23.9307,-229.4515,1.7137,112.4496,0.00047888,-0.08270669,0.00577011,0.99655711,9.48849,0.66348,-0.00000,18.35000,286.5224,2.8000
24.1807,-228.5660,1.7344,112.4256,0.00047470,-0.08266861,0.00572241,0.99656055,9.48410,0.65800,0.00000,18.35000,286.5854,2.8000
24.4327,-227.6570,1.7486,112.4095,0.00047052,-0.08263595,0.00567426,0.99656354,9.48035,0.65246,0.00000,18.35000,286.6538,2.8000
24.6827,-226.7377,1.7547,112.4022,0.00046649,-0.08260980,0.00562746,0.99656597,9.47734,0.64707,-0.00000,18.35000,286.7161,2.8000
24.9327,-225.8016,1.7538,112.4029,0.00046260,-0.08258950,0.00558193,0.99656791,9.47500,0.64184,-0.00000,18.35000,286.7694,2.8000
25.1827,-224.8495,1.7466,112.4110,0.00045887,-0.08257477,0.00553794,0.99656938,9.47330,0.63678,-0.00000,18.35000,286.8141,2.8000
25.4327,-223.8858,1.7329,112.4299,0.00045544,-0.08256423,0.00549722,0.99657048,9.47209,0.63210,-0.00000,18.35000,286.8990,2.8000
25.6827,-222.9121,1.7130,112.4602,0.00045235,-0.08255712,0.00546047,0.99657127,9.47127,0.62787,-0.00000,18.35000,286.9966,2.8000
25.9327,-221.9286,1.6876,112.5011,0.00044962,-0.08255308,0.00542778,0.99657179,9.47080,0.62411,0.00000,18.35000,287.0902,2.8000
26.1827,-220.9352,1.6571,112.5519,0.00044725,-0.08255178,0.00539921,0.99657205,9.47065,0.62083,-0.00000,18.35000,287.1801,2.8000
26.4327,-219.9305,1.6179,112.6078,0.00044532,-0.08255296,0.00537585,0.99657208,9.47079,0.61814,0.00000,18.35000,287.3136,2.8000
26.6827,-218.9139,1.5690,112.6675,0.00044388,-0.08255644,0.00535825,0.99657189,9.47119,0.61612,0.00000,18.35000,287.4599,2.8000
26.9327,-217.8859,1.5113,112.7309,0.00044294,-0.08256208,0.00534660,0.99657148,9.47184,0.61478,-0.00000,18.35000,287.6015,2.8000
27.1827,-216.8466,1.4456,112.7981,0.00044253,-0.08256973,0.00534104,0.99657088,9.47271,0.61414,-0.00000,18.35000,287.7386,2.8000
27.4327,-215.7958,1.3706,112.8660,0.00044263,-0.08257875,0.00534175,0.99657013,9.47375,0.61422,-0.00000,18.35000,287.8785,2.8000
27.6827,-214.7337,1.2883,112.9339,0.00044328,-0.08258892,0.00534886,0.99656925,9.47492,0.61504,-0.00000,18.35000,288.0172,2.8000
27.9327,-213.6607,1.2171,113.0022,0.00044441,-0.08260019,0.00536181,0.99656824,9.47622,0.61653,-0.00000,18.35000,288.1520,2.8000
28.1827,-212.5769,1.1558,113.0717,0.00044599,-0.08261252,0.00538010,0.99656712,9.47764,0.61863,0.00000,18.35000,288.2831,2.8000
28.4327,-211.4836,1.1056,113.1397,0.00044809,-0.08262432,0.00540455,0.99656601,9.47899,0.62144,0.00000,18.35000,288.4113,2.8000
28.6827,-210.3812,1.0664,113.2059,0.00045068,-0.08263503,0.00543508,0.99656495,9.48023,0.62496,-0.00000,18.35000,288.5367,2.8000
28.9327,-209.2699,1.0368,113.2711,0.00045372,-0.08264469,0.00547115,0.99656395,9.48134,0.62910,-0.00000,18.35000,288.6595,2.8000
29.1827,-208.1499,1.0156,113.3362,0.00045718,-0.08265333,0.00551228,0.99656301,9.48234,0.63383,0.00000,18.35000,288.7798,2.8000
29.4328,-207.0233,1.0053,113.3988,0.00046108,-0.08265891,0.00555889,0.99656229,9.48298,0.63919,-0.00000,18.35000,288.8907,2.8000
29.6828,-205.8909,1.0055,113.4588,0.00046539,-0.08266076,0.00561077,0.99656184,9.48320,0.64516,-0.00000,18.35000,288.9978,2.8000
29.9328,-204.7524,1.0150,113.5171,0.00047007,-0.08265897,0.00566737,0.99656167,9.48299,0.65167,-0.00000,18.35000,289.1043,2.8000
30.1828,-203.6102,1.0324,113.5699,0.00047509,-0.08265373,0.00572819,0.99656175,9.48239,0.65866,-0.00000,18.35000,289.2128,2.8000
30.4328,-202.4635,1.0608,113.6112,0.00048016,-0.08264421,0.00578994,0.99656218,9.48130,0.66576,-0.00000,18.35000,289.2860,2.8000
30.6828,-201.3115,1.1005,113.6412,0.00048515,-0.08263033,0.00585117,0.99656297,9.47971,0.67280,-0.00000,18.35000,289.3488,2.8000
30.9328,-200.1542,1.1500,113.6624,0.00049005,-0.08261241,0.00591155,0.99656410,9.47765,0.67974,-0.00000,18.35000,289.4146,2.8000
31.1828,-198.9914,1.2082,113.6769,0.00049483,-0.08259070,0.00597077,0.99656554,9.47516,0.68655,-0.00000,18.35000,289.4831,2.8000
31.4328,-197.8225,1.2746,113.6792,0.00049941,-0.08256486,0.00602791,0.99656734,9.47219,0.69312,-0.00000,18.35000,289.5349,2.8000
31.6828,-196.6472,1.3482,113.6696,0.00050375,-0.08253502,0.00608248,0.99656948,9.46876,0.69939,-0.00000,18.35000,289.5818,2.8000
31.9328,-195.4653,1.4279,113.6510,0.00050783,-0.08250150,0.00613429,0.99657193,9.46491,0.70535,0.00000,18.35000,289.6302,2.8000
32.1828,-194.2769,1.5057,113.6263,0.00051167,-0.08246455,0.00618346,0.99657468,9.46067,0.71100,0.00000,18.35000,289.6796,2.8000
32.4328,-193.0806,1.5710,113.5921,0.00051539,-0.08242402,0.00623147,0.99657774,9.45601,0.71652,0.00000,18.35000,289.7457,2.8000
32.6828,-191.8760,1.6244,113.5484,0.00051905,-0.08238009,0.00627913,0.99658107,9.45096,0.72199,-0.00000,18.35000,289.8168,2.8000
32.9328,-190.6632,1.6760,113.4973,0.00052267,-0.08233304,0.00632652,0.99658465,9.44555,0.72744,0.00000,18.35000,289.8865,2.8000
33.1828,-189.4423,1.7345,113.4407,0.00052622,-0.08228307,0.00637341,0.99658848,9.43981,0.73283,-0.00000,18.35000,289.9543,2.8000
33.4328,-188.2114,1.7940,113.3744,0.00052958,-0.08222930,0.00641835,0.99659263,9.43363,0.73799,0.00000,18.35000,290.0415,2.8000
33.6828,-186.9698,1.8525,113.2978,0.00053272,-0.08217163,0.00646092,0.99659711,9.42700,0.74288,-0.00000,18.35000,290.1338,2.8000
33.9328,-185.7180,1.9100,113.2124,0.00053564,-0.08211041,0.00650120,0.99660189,9.41997,0.74751,-0.00000,18.35000,290.2228,2.8000
34.1828,-184.4562,1.9666,113.1198,0.00053835,-0.08204591,0.00653929,0.99660695,9.41255,0.75189,0.00000,18.35000,290.3087,2.8000
34.4328,-183.1826,2.0133,113.0182,0.00054065,-0.08197869,0.00657269,0.99661226,9.40483,0.75572,0.00000,18.35000,290.4163,2.8000
34.6828,-181.8967,2.0474,112.9078,0.00054251,-0.08190916,0.00660092,0.99661779,9.39683,0.75897,0.00000,18.35000,290.5290,2.8000
34.9328,-180.5992,2.0699,112.7898,0.00054397,-0.08183759,0.00662449,0.99662351,9.38860,0.76167,-0.00000,18.35000,290.6376,2.8000
35.1828,-179.2931,2.0817,112.6654,0.00054507,-0.08176418,0.00664389,0.99662941,9.38017,0.76390,0.00000,18.35000,290.7449,2.8000
35.4328,-177.9783,2.0799,112.5426,0.00054579,-0.08169319,0.00665852,0.99663513,9.37200,0.76558,0.00000,18.35000,290.8812,2.8000
35.6828,-176.6551,2.0640,112.4243,0.00054616,-0.08162600,0.00666856,0.99664057,9.36428,0.76673,0.00000,18.35000,291.0260,2.8000
35.9328,-175.3236,2.0352,112.3105,0.00054623,-0.08156242,0.00667459,0.99664574,9.35697,0.76741,-0.00000,18.35000,291.1675,2.8000
36.1828,-173.9839,1.9946,112.2011,0.00054603,-0.08150227,0.00667711,0.99665064,9.35005,0.76770,-0.00000,18.35000,291.3061,2.8000
36.4328,-172.6330,1.9379,112.1007,0.00054568,-0.08144629,0.00667748,0.99665521,9.34362,0.76774,0.00000,18.35000,291.4336,2.8000
36.6829,-171.2701,1.8787,112.0109,0.00054522,-0.08139453,0.00667607,0.99665945,9.33767,0.76757,-0.00000,18.35000,291.5511,2.8000
36.9329,-169.8955,1.8201,111.9311,0.00054463,-0.08134666,0.00667289,0.99666338,9.33216,0.76721,0.00000,18.35000,291.6606,2.8000
37.1829,-168.5097,1.7623,111.8610,0.00054393,-0.08130236,0.00666797,0.99666703,9.32707,0.76664,-0.00000,18.35000,291.7625,2.8000
37.4329,-167.1182,1.7063,111.8051,0.00054325,-0.08126180,0.00666296,0.99667037,9.32240,0.76606,-0.00000,18.35000,291.8312,2.8000
37.6829,-165.7230,1.6527,111.7646,0.00054263,-0.08122471,0.00665840,0.99667343,9.31814,0.76553,-0.00000,18.35000,291.8875,2.8000
37.9329,-164.3239,1.6014,111.7386,0.00054206,-0.08119061,0.00665420,0.99667623,9.31422,0.76505,-0.00000,18.35000,291.9422,2.8000
38.1829,-162.9206,1.5522,111.7261,0.00054153,-0.08115907,0.00665029,0.99667883,9.31059,0.76460,-0.00000,18.35000,291.9955,2.8000
38.4329,-161.5149,1.5067,111.7295,0.00054107,-0.08113323,0.00664678,0.99668096,9.30762,0.76419,-0.00000,18.35000,292.0091,2.8000
38.6829,-160.1075,1.4652,111.7490,0.00054068,-0.08111386,0.00664362,0.99668255,9.30539,0.76383,-0.00000,18.35000,292.0086,2.8000
38.9329,-158.6981,1.4275,111.7833,0.00054036,-0.08110041,0.00664071,0.99668367,9.30385,0.76349,-0.00000,18.35000,292.0082,2.8000
39.1829,-157.2863,1.3931,111.8311,0.00054008,-0.08109238,0.00663793,0.99668434,9.30292,0.76317,-0.00000,18.35000,292.0079,2.8000
39.4329,-155.8724,1.3638,111.8908,0.00053982,-0.08109153,0.00663482,0.99668443,9.30283,0.76281,0.00000,18.35000,291.9800,2.8000
39.6829,-154.4563,1.3400,111.9616,0.00053956,-0.08109819,0.00663107,0.99668391,9.30359,0.76238,-0.00000,18.35000,291.9425,2.8000
39.9329,-153.0377,1.3213,112.0432,0.00053928,-0.08111190,0.00662656,0.99668283,9.30517,0.76186,-0.00000,18.35000,291.9056,2.8000
40.1829,-151.6164,1.3073,112.1353,0.00053898,-0.08113221,0.00662113,0.99668121,9.30750,0.76124,-0.00000,18.35000,291.8690,2.8000
40.4329,-150.1950,1.2989,112.2324,0.00053862,-0.08115516,0.00661493,0.99667938,9.31014,0.76053,-0.00000,18.35000,291.8442,2.8000
40.6829,-148.7739,1.2965,112.3329,0.00053821,-0.08117924,0.00660785,0.99667747,9.31291,0.75972,-0.00000,18.35000,291.8270,2.8000
40.9329,-147.3524,1.2998,112.4373,0.00053771,-0.08120428,0.00659969,0.99667548,9.31579,0.75878,0.00000,18.35000,291.8136,2.8000
41.1829,-145.9302,1.3084,112.5447,0.00053711,-0.08123017,0.00659024,0.99667344,9.31876,0.75770,0.00000,18.35000,291.8038,2.8000
41.4329,-144.5077,1.3221,112.6484,0.00053641,-0.08125602,0.00657951,0.99667140,9.32173,0.75646,-0.00000,18.35000,291.8047,2.8000
41.6829,-143.0848,1.3408,112.7481,0.00053559,-0.08128160,0.00656741,0.99666940,9.32468,0.75507,-0.00000,18.35000,291.8127,2.8000
41.9329,-141.6611,1.3644,112.8444,0.00053465,-0.08130698,0.00655374,0.99666742,9.32759,0.75350,-0.00000,18.35000,291.8250,2.8000
42.1829,-140.2363,1.3927,112.9374,0.00053356,-0.08133222,0.00653835,0.99666546,9.33049,0.75174,-0.00000,18.35000,291.8414,2.8000
42.4329,-138.8110,1.4254,113.0258,0.00053234,-0.08135629,0.00652153,0.99666360,9.33326,0.74980,-0.00000,18.35000,291.8645,2.8000
42.6829,-137.3853,1.4625,113.1093,0.00053100,-0.08137891,0.00650330,0.99666188,9.33586,0.74771,0.00000,18.35000,291.8929,2.8000
42.9329,-135.9588,1.5039,113.1882,0.00052953,-0.08140020,0.00648351,0.99666027,9.33831,0.74543,0.00000,18.35000,291.9255,2.8000
43.1830,-134.5313,1.5494,113.2630,0.00052790,-0.08142029,0.00646203,0.99665877,9.34061,0.74297,-0.00000,18.35000,291.9618,2.8000
43.4330,-133.1023,1.5981,113.3292,0.00052616,-0.08143627,0.00643942,0.99665761,9.34245,0.74037,-0.00000,18.35000,291.9950,2.8000
43.6830,-131.6716,1.6497,113.3856,0.00052430,-0.08144732,0.00641582,0.99665686,9.34372,0.73766,-0.00000,18.35000,292.0296,2.8000
43.9330,-130.2389,1.6940,113.4333,0.00052236,-0.08145376,0.00639149,0.99665649,9.34446,0.73486,0.00000,18.35000,292.0681,2.8000
44.1830,-128.8042,1.7290,113.4732,0.00052035,-0.08145586,0.00636674,0.99665648,9.34470,0.73201,-0.00000,18.35000,292.1102,2.8000
44.4330,-127.3675,1.7578,113.5005,0.00051832,-0.08145195,0.00634228,0.99665696,9.34425,0.72920,-0.00000,18.35000,292.1479,2.8000
44.6830,-125.9287,1.7814,113.5154,0.00051631,-0.08144169,0.00631847,0.99665795,9.34307,0.72646,-0.00000,18.35000,292.1866,2.8000
44.9330,-124.4878,1.8002,113.5200,0.00051433,-0.08142547,0.00629543,0.99665942,9.34120,0.72381,-0.00000,18.35000,292.2291,2.8000
45.1830,-123.0446,1.8142,113.5163,0.00051238,-0.08140362,0.00627329,0.99666134,9.33869,0.72126,0.00000,18.35000,292.2748,2.8000
45.4330,-121.6005,1.8249,113.5027,0.00051051,-0.08137763,0.00625237,0.99666360,9.33570,0.71886,-0.00000,18.35000,292.3202,2.8000
45.6830,-120.1557,1.8326,113.4801,0.00050873,-0.08134821,0.00623283,0.99666612,9.33231,0.71661,-0.00000,18.35000,292.3686,2.8000
45.9330,-118.7101,1.8371,113.4505,0.00050705,-0.08131561,0.00621475,0.99666890,9.32856,0.71453,-0.00000,18.35000,292.4211,2.8000
46.1830,-117.2635,1.8380,113.4161,0.00050547,-0.08128000,0.00619822,0.99667191,9.32447,0.71263,0.00000,18.35000,292.4774,2.8000
46.4330,-115.8163,1.8364,113.3742,0.00050401,-0.08124141,0.00618322,0.99667515,9.32003,0.71090,0.00000,18.35000,292.5245,2.8000
46.6830,-114.3687,1.8323,113.3252,0.00050266,-0.08119998,0.00616977,0.99667861,9.31527,0.70935,-0.00000,18.35000,292.5712,2.8000
46.9330,-112.9202,1.8253,113.2710,0.00050142,-0.08115590,0.00615795,0.99668227,9.31020,0.70799,-0.00000,18.35000,292.6217,2.8000
47.1830,-111.4706,1.8151,113.2136,0.00050030,-0.08110928,0.00614783,0.99668613,9.30484,0.70682,-0.00000,18.35000,292.6755,2.8000
47.4330,-110.0192,1.8008,113.1545,0.00049909,-0.08106225,0.00613646,0.99669003,9.29943,0.70551,-0.00000,18.35000,292.7188,2.8000
47.6830,-108.5655,1.7818,113.0948,0.00049770,-0.08101555,0.00612293,0.99669391,9.29406,0.70395,-0.00000,18.35000,292.7586,2.8000
47.9330,-107.1095,1.7579,113.0356,0.00049615,-0.08096916,0.00610746,0.99669777,9.28872,0.70217,0.00000,18.35000,292.7992,2.8000
48.1830,-105.6511,1.7291,112.9776,0.00049448,-0.08092302,0.00609029,0.99670162,9.28342,0.70020,-0.00000,18.35000,292.8405,2.8000
48.4330,-104.1883,1.6944,112.9180,0.00049245,-0.08087821,0.00606871,0.99670539,9.27827,0.69771,-0.00000,18.35000,292.8764,2.8000
48.6830,-102.7206,1.6537,112.8563,0.00049001,-0.08083511,0.00604195,0.99670905,9.27331,0.69463,0.00000,18.35000,292.9092,2.8000
48.9330,-101.2481,1.6259,112.7932,0.00048715,-0.08079373,0.00600969,0.99671261,9.26855,0.69092,-0.00000,18.35000,292.9402,2.8000
49.1830,-99.7709,1.6101,112.7295,0.00048382,-0.08075403,0.00597161,0.99671605,9.26398,0.68654,-0.00000,18.35000,292.9696,2.8000
49.4330,-98.2880,1.6045,112.6668,0.00047996,-0.08071624,0.00592673,0.99671938,9.25964,0.68138,-0.00000,18.35000,293.0017,2.8000
49.6830,-96.7990,1.6080,112.6059,0.00047552,-0.08068037,0.00587458,0.99672260,9.25551,0.67538,-0.00000,18.35000,293.0325,2.8000
49.9330,-95.3044,1.6196,112.5471,0.00047050,-0.08064631,0.00581503,0.99672571,9.25159,0.66853,-0.00000,18.35000,293.0600,2.8000
50.1830,-93.8043,1.6387,112.4909,0.00046489,-0.08061393,0.00574800,0.99672872,9.24787,0.66083,-0.00000,18.35000,293.0844,2.8000
50.4330,-92.2977,1.6616,112.4392,0.00045885,-0.08058355,0.00567549,0.99673159,9.24437,0.65249,-0.00000,18.35000,293.1180,2.8000
50.6831,-90.7843,1.6869,112.3927,0.00045245,-0.08055515,0.00559827,0.99673433,9.24110,0.64361,-0.00000,18.35000,293.1520,2.8000
50.9331,-89.2647,1.7145,112.3510,0.00044568,-0.08052857,0.00551637,0.99673694,9.23804,0.63419,-0.00000,18.35000,293.1817,2.8000
51.1831,-87.7390,1.7440,112.3140,0.00043855,-0.08050364,0.00542982,0.99673943,9.23517,0.62424,0.00000,18.35000,293.2073,2.8000
51.4331,-86.2059,1.7715,112.2891,0.00043134,-0.08048227,0.00534198,0.99674163,9.23271,0.61414,-0.00000,18.35000,293.2589,2.8000
51.6831,-84.6651,1.7960,112.2784,0.00042416,-0.08046485,0.00525414,0.99674351,9.23070,0.60404,0.00000,18.35000,293.3152,2.8000
51.9331,-83.1171,1.8178,112.2808,0.00041700,-0.08045097,0.00516642,0.99674509,9.22910,0.59396,0.00000,18.35000,293.3648,2.8000
52.1831,-81.5622,1.8371,112.2953,0.00040988,-0.08044024,0.00507891,0.99674641,9.22786,0.58390,-0.00000,18.35000,293.4084,2.8000
52.4331,-79.9961,1.8507,112.3216,0.00040285,-0.08043304,0.00499226,0.99674743,9.22703,0.57393,0.00000,18.35000,293.4785,2.8000
52.6831,-78.4177,1.8577,112.3593,0.00039594,-0.08042930,0.00490685,0.99674816,9.22660,0.56411,-0.00000,18.35000,293.5507,2.8000
52.9331,-76.8279,1.8589,112.4076,0.00038916,-0.08042870,0.00482288,0.99674862,9.22652,0.55446,-0.00000,18.35000,293.6123,2.8000
53.1831,-75.2272,1.8546,112.4656,0.00038253,-0.08043095,0.00474052,0.99674884,9.22678,0.54499,-0.00000,18.35000,293.6639,2.8000
53.4331,-73.6186,1.8346,112.5315,0.00037619,-0.08043812,0.00466152,0.99674863,9.22760,0.53591,0.00000,18.35000,293.7559,2.8000
53.6831,-72.0032,1.7964,112.6050,0.00037022,-0.08045077,0.00458686,0.99674796,9.22905,0.52733,-0.00000,18.35000,293.8591,2.8000
53.9331,-70.3815,1.7413,112.6864,0.00036466,-0.08046857,0.00451702,0.99674685,9.23109,0.51930,-0.00000,18.35000,293.9563,2.8000
54.1831,-68.7539,1.6709,112.7762,0.00035955,-0.08049119,0.00445241,0.99674531,9.23369,0.51187,-0.00000,18.35000,294.0477,2.8000
54.4331,-67.1219,1.5801,112.8667,0.00035499,-0.08051775,0.00439443,0.99674342,9.23674,0.50521,0.00000,18.35000,294.1347,2.8000
54.6831,-65.4864,1.4940,112.9569,0.00035097,-0.08054788,0.00434307,0.99674122,9.24020,0.49930,-0.00000,18.35000,294.2188,2.8000
54.9331,-63.8474,1.4206,113.0486,0.00034745,-0.08058144,0.00429770,0.99673870,9.24406,0.49409,-0.00000,18.35000,294.3006,2.8000
55.1831,-62.2051,1.3582,113.1437,0.00034438,-0.08061827,0.00425779,0.99673590,9.24829,0.48950,-0.00000,18.35000,294.3799,2.8000
55.4331,-60.5585,1.3090,113.2366,0.00034173,-0.08065386,0.00422310,0.99673317,9.25238,0.48552,-0.00000,18.35000,294.4218,2.8000
55.6831,-58.9071,1.2726,113.3258,0.00033945,-0.08068668,0.00419326,0.99673064,9.25616,0.48209,-0.00000,18.35000,294.4488,2.8000
55.9331,-57.2510,1.2476,113.4123,0.00033752,-0.08071685,0.00416781,0.99672830,9.25962,0.47916,-0.00000,18.35000,294.4738,2.8000
56.1831,-55.5907,1.2324,113.4970,0.00033589,-0.08074446,0.00414635,0.99672615,9.26280,0.47669,-0.00000,18.35000,294.4968,2.8000
56.4331,-53.9281,1.2263,113.5786,0.00033456,-0.08076869,0.00412864,0.99672427,9.26558,0.47466,-0.00000,18.35000,294.4837,2.8000
56.6831,-52.2640,1.2283,113.6521,0.00033349,-0.08078949,0.00411433,0.99672264,9.26797,0.47302,0.00000,18.35000,294.4583,2.8000
56.9331,-50.5984,1.2373,113.7182,0.00033265,-0.08080711,0.00410312,0.99672126,9.27000,0.47173,-0.00000,18.35000,294.4336,2.8000
57.1831,-48.9312,1.2522,113.7773,0.00033203,-0.08082178,0.00409473,0.99672010,9.27169,0.47076,-0.00000,18.35000,294.4095,2.8000
57.4331,-47.2642,1.2714,113.8289,0.00033158,-0.08083297,0.00408852,0.99671922,9.27297,0.47005,-0.00000,18.35000,294.3689,2.8000
57.6832,-45.5979,1.2940,113.8731,0.00033125,-0.08084064,0.00408418,0.99671862,9.27385,0.46955,0.00000,18.35000,294.3244,2.8000
57.9332,-43.9320,1.3193,113.9106,0.00033106,-0.08084502,0.00408153,0.99671827,9.27436,0.46925,0.00000,18.35000,294.2824,2.8000
58.1832,-42.2664,1.3467,113.9419,0.00033097,-0.08084633,0.00408043,0.99671817,9.27451,0.46912,-0.00000,18.35000,294.2426,2.8000
58.4332,-40.6011,1.3782,113.9614,0.00033117,-0.08084121,0.00408308,0.99671857,9.27392,0.46942,-0.00000,18.35000,294.1772,2.8000
58.6832,-38.9358,1.4142,113.9680,0.00033168,-0.08082877,0.00409008,0.99671955,9.27249,0.47023,-0.00000,18.35000,294.1035,2.8000
58.9332,-37.2704,1.4541,113.9633,0.00033250,-0.08080942,0.00410117,0.99672108,9.27026,0.47150,-0.00000,18.35000,294.0314,2.8000
59.1832,-35.6047,1.4972,113.9487,0.00033361,-0.08078355,0.00411612,0.99672311,9.26729,0.47322,-0.00000,18.35000,293.9604,2.8000
59.4332,-33.9374,1.5437,113.9198,0.00033499,-0.08075089,0.00413480,0.99672568,9.26354,0.47537,0.00000,18.35000,293.9077,2.8000
59.6832,-32.2679,1.5934,113.8764,0.00033662,-0.08071169,0.00415702,0.99672876,9.25903,0.47792,-0.00000,18.35000,293.8615,2.8000
59.9332,-30.5965,1.6482,113.8204,0.00033850,-0.08066640,0.00418254,0.99673232,9.25383,0.48085,0.00000,18.35000,293.8150,2.8000
60.1832,-28.9230,1.7094,113.7537,0.00034059,-0.08061542,0.00421102,0.99673633,9.24797,0.48412,0.00000,18.35000,293.7679,2.8000
60.4332,-27.2482,1.7709,113.6763,0.00034265,-0.08056205,0.00423940,0.99674052,9.24183,0.48739,-0.00000,18.35000,293.7856,2.8000
60.6832,-25.5725,1.8303,113.5894,0.00034462,-0.08050763,0.00426666,0.99674480,9.23558,0.49052,-0.00000,18.35000,293.8279,2.8000
60.9332,-23.8960,1.8765,113.4947,0.00034653,-0.08045242,0.00429329,0.99674914,9.22923,0.49358,-0.00000,18.35000,293.8709,2.8000
61.1832,-22.2188,1.9108,113.3936,0.00034842,-0.08039659,0.00431974,0.99675353,9.22281,0.49661,-0.00000,18.35000,293.9144,2.8000
61.4332,-20.5409,1.9322,113.2849,0.00035021,-0.08034104,0.00434495,0.99675790,9.21643,0.49951,0.00000,18.35000,293.9775,2.8000
61.6832,-18.8626,1.9424,113.1695,0.00035189,-0.08028618,0.00436878,0.99676222,9.21012,0.50225,-0.00000,18.35000,294.0484,2.8000
61.9332,-17.1839,1.9426,113.0490,0.00035349,-0.08023213,0.00439163,0.99676647,9.20391,0.50487,-0.00000,18.35000,294.1201,2.8000
62.1832,-15.5047,1.9337,112.9250,0.00035504,-0.08017897,0.00441383,0.99677065,9.19780,0.50742,-0.00000,18.35000,294.1922,2.8000
62.4332,-13.8213,1.9164,112.7993,0.00035641,-0.08012769,0.00443373,0.99677468,9.19190,0.50971,-0.00000,18.35000,294.3371,2.8000
62.6832,-12.1325,1.8916,112.6735,0.00035758,-0.08007863,0.00445092,0.99677855,9.18626,0.51168,0.00000,18.35000,294.5047,2.8000
62.9332,-10.4388,1.8599,112.5485,0.00035855,-0.08003173,0.00446569,0.99678225,9.18087,0.51338,-0.00000,18.35000,294.6675,2.8000
63.1881,-8.7059,1.8217,112.4233,0.00035938,-0.07998611,0.00447859,0.99678585,9.17563,0.51486,-0.00000,18.35000,294.8242,2.8000
63.4381,-7.0031,1.7799,112.3056,0.00036001,-0.07994428,0.00448882,0.99678916,9.17082,0.51603,-0.00000,18.35000,294.9862,2.8000
63.6882,-5.2963,1.7350,112.1944,0.00036047,-0.07990553,0.00449672,0.99679223,9.16636,0.51694,0.00000,18.35000,295.1417,2.8000
63.9382,-3.5855,1.6876,112.0901,0.00036076,-0.07986962,0.00450242,0.99679508,9.16224,0.51760,-0.00000,18.35000,295.2920,2.8000
64.1882,-1.8712,1.6381,111.9930,0.00036090,-0.07983632,0.00450606,0.99679774,9.15841,0.51801,0.00000,18.35000,295.4374,2.8000
64.4382,-0.1565,1.5881,111.9095,0.00036098,-0.07980807,0.00450859,0.99679999,9.15516,0.51830,-0.00000,18.35000,295.5276,2.8000
64.6882,1.5574,1.5383,111.8410,0.00036101,-0.07978533,0.00451036,0.99680180,9.15255,0.51850,-0.00000,18.35000,295.5985,2.8000
64.9382,3.2707,1.4890,111.7869,0.00036101,-0.07976760,0.00451136,0.99680321,9.15051,0.51862,-0.00000,18.35000,295.6674,2.8000
65.1882,4.9834,1.4402,111.7463,0.00036098,-0.07975440,0.00451162,0.99680427,9.14899,0.51865,0.00000,18.35000,295.7343,2.8000
65.4382,6.6919,1.3940,111.7291,0.00036101,-0.07974808,0.00451236,0.99680477,9.14827,0.51873,-0.00000,18.35000,295.7278,2.8000
65.6882,8.3954,1.3508,111.7373,0.00036113,-0.07974881,0.00451389,0.99680471,9.14835,0.51891,0.00000,18.35000,295.6977,2.8000
65.9382,10.0940,1.3106,111.7687,0.00036134,-0.07975578,0.00451612,0.99680414,9.14915,0.51916,0.00000,18.35000,295.6678,2.8000
66.1882,11.7883,1.2731,111.8216,0.00036162,-0.07976827,0.00451894,0.99680313,9.15059,0.51949,0.00000,18.35000,295.6381,2.8000
66.4382,13.4768,1.2403,111.8877,0.00036199,-0.07978470,0.00452261,0.99680179,9.15247,0.51991,-0.00000,18.35000,295.5727,2.8000
66.6882,15.1595,1.2128,111.9637,0.00036244,-0.07980430,0.00452709,0.99680020,9.15473,0.52043,-0.00000,18.35000,295.4984,2.8000
66.9382,16.8367,1.1900,112.0491,0.00036295,-0.07982675,0.00453219,0.99679838,9.15731,0.52102,0.00000,18.35000,295.4272,2.8000
67.1882,18.5090,1.1717,112.1433,0.00036351,-0.07985172,0.00453774,0.99679636,9.16018,0.52165,-0.00000,18.35000,295.3588,2.8000
67.4382,20.1768,1.1586,112.2466,0.00036411,-0.07987893,0.00454364,0.99679415,9.16331,0.52233,-0.00000,18.35000,295.2927,2.8000
67.6882,21.8406,1.1509,112.3540,0.00036473,-0.07990820,0.00454973,0.99679178,9.16667,0.52303,-0.00000,18.35000,295.2292,2.8000
67.9382,23.5008,1.1483,112.4595,0.00036536,-0.07993955,0.00455581,0.99678924,9.17028,0.52374,-0.00000,18.35000,295.1689,2.8000
68.1882,25.1574,1.1506,112.5632,0.00036599,-0.07997295,0.00456170,0.99678653,9.17412,0.52441,-0.00000,18.35000,295.1115,2.8000
68.4382,26.8101,1.1552,112.6632,0.00036660,-0.08000772,0.00456727,0.99678371,9.17812,0.52506,-0.00000,18.35000,295.0643,2.8000
68.6882,28.4590,1.1611,112.7590,0.00036718,-0.08004370,0.00457248,0.99678080,9.18225,0.52566,0.00000,18.35000,295.0225,2.8000
68.9382,30.1044,1.1682,112.8512,0.00036774,-0.08008093,0.00457728,0.99677779,9.18653,0.52621,-0.00000,18.35000,294.9833,2.8000
69.1882,31.7464,1.1765,112.9402,0.00036827,-0.08011946,0.00458166,0.99677467,9.19096,0.52671,0.00000,18.35000,294.9464,2.8000
69.4382,33.3848,1.1858,113.0228,0.00036881,-0.08015774,0.00458617,0.99677157,9.19536,0.52723,-0.00000,18.35000,294.9050,2.8000
69.6882,35.0199,1.1981,113.0988,0.00036936,-0.08019541,0.00459085,0.99676852,9.19969,0.52777,0.00000,18.35000,294.8644,2.8000
69.9382,36.6518,1.2134,113.1691,0.00036991,-0.08023260,0.00459558,0.99676551,9.20397,0.52832,-0.00000,18.35000,294.8268,2.8000
70.1882,38.2805,1.2312,113.2344,0.00037046,-0.08026942,0.00460025,0.99676252,9.20820,0.52886,0.00000,18.35000,294.7920,2.8000
70.4382,39.9062,1.2527,113.2918,0.00037102,-0.08030387,0.00460519,0.99675972,9.21216,0.52943,0.00000,18.35000,294.7590,2.8000
70.6883,41.5289,1.2782,113.3407,0.00037158,-0.08033545,0.00461039,0.99675715,9.21579,0.53003,-0.00000,18.35000,294.7294,2.8000
70.9383,43.1488,1.3075,113.3824,0.00037214,-0.08036441,0.00461564,0.99675479,9.21912,0.53063,0.00000,18.35000,294.7032,2.8000
71.1883,44.7658,1.3402,113.4179,0.00037268,-0.08039094,0.00462076,0.99675263,9.22217,0.53122,0.00000,18.35000,294.6802,2.8000
71.4383,46.3788,1.3669,113.4455,0.00037317,-0.08041337,0.00462562,0.99675080,9.22475,0.53178,-0.00000,18.35000,294.6839,2.8000
71.6883,47.9877,1.3855,113.4651,0.00037364,-0.08043133,0.00463039,0.99674933,9.22682,0.53233,-0.00000,18.35000,294.6988,2.8000
71.9383,49.5927,1.3964,113.4775,0.00037411,-0.08044510,0.00463534,0.99674819,9.22840,0.53290,-0.00000,18.35000,294.7173,2.8000
72.1883,51.1939,1.4004,113.4835,0.00037458,-0.08045492,0.00464068,0.99674738,9.22953,0.53351,-0.00000,18.35000,294.7391,2.8000
72.4383,52.7932,1.3998,113.4817,0.00037510,-0.08046063,0.00464669,0.99674689,9.23019,0.53421,-0.00000,18.35000,294.7399,2.8000
72.6883,54.3912,1.3954,113.4724,0.00037566,-0.08046236,0.00465352,0.99674671,9.23039,0.53499,-0.00000,18.35000,294.7341,2.8000
72.9383,55.9879,1.3876,113.4563,0.00037627,-0.08046039,0.00466127,0.99674684,9.23016,0.53588,-0.00000,18.35000,294.7291,2.8000
73.1883,57.5832,1.3766,113.4344,0.00037695,-0.08045492,0.00467001,0.99674724,9.22953,0.53689,-0.00000,18.35000,294.7247,2.8000
73.4383,59.1737,1.3643,113.4046,0.00037776,-0.08044613,0.00468048,0.99674790,9.22852,0.53809,-0.00000,18.35000,294.6963,2.8000
73.6883,60.7585,1.3513,113.3670,0.00037870,-0.08043423,0.00469290,0.99674880,9.22715,0.53952,-0.00000,18.35000,294.6638,2.8000
73.9383,62.3379,1.3378,113.3226,0.00037979,-0.08041945,0.00470722,0.99674992,9.22545,0.54116,0.00000,18.35000,294.6360,2.8000
74.1883,63.9122,1.3237,113.2723,0.00038101,-0.08040197,0.00472342,0.99675126,9.22345,0.54302,-0.00000,18.35000,294.6126,2.8000
74.4383,65.4808,1.3100,113.2156,0.00038204,-0.08038120,0.00473745,0.99675286,9.22106,0.54464,-0.00000,18.35000,294.5584,2.8000
74.6883,67.0438,1.2968,113.1534,0.00038278,-0.08035707,0.00474804,0.99675476,9.21829,0.54585,-0.00000,18.35000,294.4968,2.8000
74.9383,68.6015,1.2838,113.0865,0.00038323,-0.08032974,0.00475528,0.99675693,9.21514,0.54668,-0.00000,18.35000,294.4389,2.8000
75.1883,70.1541,1.2709,113.0158,0.00038341,-0.08029934,0.00475925,0.99675936,9.21165,0.54714,-0.00000,18.35000,294.3842,2.8000
75.4383,71.7050,1.2578,112.9439,0.00038298,-0.08026628,0.00475589,0.99676204,9.20785,0.54675,-0.00000,18.35000,294.3236,2.8000
75.6883,73.2552,1.2440,112.8720,0.00038185,-0.08023068,0.00474404,0.99676496,9.20376,0.54539,0.00000,18.35000,294.2590,2.8000
75.9383,74.8045,1.2332,112.8008,0.00038004,-0.08019253,0.00472379,0.99676813,9.19937,0.54306,-0.00000,18.35000,294.1920,2.8000
76.1883,76.3529,1.2417,112.7308,0.00037750,-0.08015179,0.00469465,0.99677154,9.19468,0.53971,-0.00000,18.35000,294.1226,2.8000
76.4383,77.8996,1.2616,112.6684,0.00037444,-0.08011215,0.00465888,0.99677490,9.19013,0.53559,-0.00000,18.35000,294.1277,2.8000
76.6883,79.4441,1.2901,112.6156,0.00037091,-0.08007459,0.00461715,0.99677811,9.18581,0.53079,-0.00000,18.35000,294.1560,2.8000
76.9383,80.9864,1.3264,112.5720,0.00036690,-0.08003881,0.00456929,0.99678121,9.18169,0.52529,-0.00000,18.35000,294.1824,2.8000
77.1883,82.5263,1.3697,112.5372,0.00036240,-0.08000452,0.00451520,0.99678421,9.17775,0.51907,-0.00000,18.35000,294.2069,2.8000
77.4383,84.0696,1.4179,112.5100,0.00035751,-0.07997221,0.00445606,0.99678707,9.17403,0.51227,0.00000,18.35000,294.2154,2.8000
77.6883,85.6174,1.4698,112.4897,0.00035225,-0.07994192,0.00439224,0.99678978,9.17054,0.50493,-0.00000,18.35000,294.2125,2.8000
77.9383,87.1692,1.5253,112.4761,0.00034664,-0.07991343,0.00432372,0.99679237,9.16727,0.49705,0.00000,18.35000,294.2019,2.8000
78.1884,88.7244,1.5838,112.4690,0.00034065,-0.07988656,0.00425050,0.99679484,9.16417,0.48863,-0.00000,18.35000,294.1841,2.8000
78.4384,90.2821,1.6377,112.4671,0.00033463,-0.07986325,0.00417663,0.99679702,9.16149,0.48014,0.00000,18.35000,294.1937,2.8000
78.6884,91.8417,1.6848,112.4698,0.00032870,-0.07984403,0.00410360,0.99679887,9.15928,0.47175,-0.00000,18.35000,294.2087,2.8000
78.9384,93.4027,1.7260,112.4770,0.00032287,-0.07982871,0.00403161,0.99680039,9.15752,0.46347,-0.00000,18.35000,294.2186,2.8000
79.1884,94.9649,1.7617,112.4882,0.00031716,-0.07981714,0.00396084,0.99680160,9.15618,0.45533,0.00000,18.35000,294.2237,2.8000
79.4384,96.5298,1.7894,112.5056,0.00031169,-0.07980984,0.00389296,0.99680246,9.15534,0.44753,-0.00000,18.35000,294.2316,2.8000
79.6884,98.0976,1.8089,112.5293,0.00030653,-0.07980683,0.00382865,0.99680295,9.15499,0.44014,0.00000,18.35000,294.2354,2.8000
79.9384,99.6679,1.8210,112.5589,0.00030169,-0.07980789,0.00376811,0.99680310,9.15511,0.43318,-0.00000,18.35000,294.2325,2.8000
80.1884,101.2402,1.8262,112.5940,0.00029718,-0.07981282,0.00371151,0.99680291,9.15568,0.42667,-0.00000,18.35000,294.2234,2.8000
80.4384,102.8150,1.8243,112.6358,0.00029298,-0.07982122,0.00365870,0.99680244,9.15664,0.42060,-0.00000,18.35000,294.2081,2.8000
80.6884,104.3922,1.8158,112.6847,0.00028910,-0.07983283,0.00360975,0.99680169,9.15797,0.41497,-0.00000,18.35000,294.1861,2.8000
80.9384,105.9714,1.8011,112.7402,0.00028555,-0.07984741,0.00356481,0.99680068,9.15965,0.40981,-0.00000,18.35000,294.1575,2.8000
81.1884,107.5524,1.7807,112.8022,0.00028235,-0.07986476,0.00352398,0.99679944,9.16164,0.40511,-0.00000,18.35000,294.1226,2.8000
81.4384,109.1342,1.7543,112.8699,0.00027949,-0.07988470,0.00348743,0.99679797,9.16393,0.40091,-0.00000,18.35000,294.0816,2.8000
81.6884,110.7164,1.7220,112.9386,0.00027699,-0.07990717,0.00345526,0.99679628,9.16652,0.39722,-0.00000,18.35000,294.0361,2.8000
81.9384,112.2989,1.6844,113.0051,0.00027486,-0.07993220,0.00342760,0.99679437,9.16939,0.39404,0.00000,18.35000,293.9870,2.8000
82.1884,113.8815,1.6418,113.0699,0.00027310,-0.07995981,0.00340452,0.99679224,9.17257,0.39138,-0.00000,18.35000,293.9344,2.8000
82.4384,115.4632,1.5900,113.1344,0.00027170,-0.07998926,0.00338585,0.99678994,9.17595,0.38924,-0.00000,18.35000,293.9178,2.8000
82.6884,117.0433,1.5281,113.1991,0.00027067,-0.08002026,0.00337165,0.99678750,9.17951,0.38761,0.00000,18.35000,293.9105,2.8000
82.9384,118.6217,1.4643,113.2641,0.00027000,-0.08005279,0.00336189,0.99678492,9.18325,0.38649,-0.00000,18.35000,293.9008,2.8000
83.1884,120.1979,1.4119,113.3293,0.00026964,-0.08008681,0.00335605,0.99678221,9.18716,0.38582,0.00000,18.35000,293.8891,2.8000
83.4384,121.7741,1.3701,113.3933,0.00026959,-0.08012135,0.00335397,0.99677944,9.19113,0.38558,0.00000,18.35000,293.8727,2.8000
83.6884,123.3506,1.3379,113.4556,0.00026982,-0.08015615,0.00335533,0.99677664,9.19513,0.38573,-0.00000,18.35000,293.8517,2.8000
83.9384,124.9270,1.3143,113.5165,0.00027029,-0.08019124,0.00335973,0.99677380,9.19917,0.38624,-0.00000,18.35000,293.8268,2.8000
84.1884,126.5029,1.2982,113.5759,0.00027098,-0.08022667,0.00336683,0.99677092,9.20324,0.38706,0.00000,18.35000,293.7982,2.8000
84.4384,128.0776,1.2917,113.6302,0.00027199,-0.08025987,0.00337792,0.99676821,9.20706,0.38833,-0.00000,18.35000,293.7510,2.8000
84.6884,129.6506,1.2943,113.6782,0.00027331,-0.08029016,0.00339308,0.99676572,9.21054,0.39008,-0.00000,18.35000,293.6958,2.8000
84.9384,131.2219,1.3047,113.7205,0.00027493,-0.08031777,0.00341190,0.99676343,9.21372,0.39224,-0.00000,18.35000,293.6378,2.8000
85.1884,132.7915,1.3217,113.7576,0.00027679,-0.08034287,0.00343401,0.99676133,9.21660,0.39479,-0.00000,18.35000,293.5772,2.8000
85.4384,134.3585,1.3468,113.7858,0.00027895,-0.08036351,0.00345991,0.99675958,9.21898,0.39776,-0.00000,18.35000,293.4968,2.8000
85.6885,135.9228,1.3796,113.8048,0.00028139,-0.08037929,0.00348946,0.99675820,9.22079,0.40116,-0.00000,18.35000,293.4091,2.8000
85.9385,137.4845,1.4184,113.8156,0.00028408,-0.08039051,0.00352232,0.99675718,9.22208,0.40494,-0.00000,18.35000,293.3198,2.8000
86.1885,139.0403,1.4620,113.8190,0.00028700,-0.08039744,0.00355816,0.99675649,9.22288,0.40906,0.00000,18.35000,293.2319,2.8000
86.4385,140.5919,1.5101,113.8139,0.00028999,-0.08040018,0.00359515,0.99675614,9.22320,0.41331,0.00000,18.35000,293.1502,2.8000
86.6885,142.1402,1.5597,113.8008,0.00029302,-0.08039893,0.00363269,0.99675610,9.22305,0.41763,-0.00000,18.35000,293.0701,2.8000
86.9385,143.6852,1.6045,113.7808,0.00029608,-0.08039397,0.00367094,0.99675636,9.22249,0.42203,-0.00000,18.35000,292.9894,2.8000
87.1885,145.2266,1.6444,113.7552,0.00029921,-0.08038551,0.00371006,0.99675690,9.22151,0.42652,0.00000,18.35000,292.9082,2.8000
87.4385,146.7635,1.6771,113.7198,0.00030250,-0.08037317,0.00375149,0.99675774,9.22010,0.43129,-0.00000,18.35000,292.8607,2.8000
87.6885,148.2955,1.7026,113.6745,0.00030602,-0.08035706,0.00379585,0.99675887,9.21825,0.43638,-0.00000,18.35000,292.8250,2.8000
87.9385,149.8225,1.7218,113.6213,0.00030977,-0.08033745,0.00384332,0.99676027,9.21599,0.44184,-0.00000,18.35000,292.7899,2.8000
88.1885,151.3448,1.7373,113.5617,0.00031376,-0.08031457,0.00389397,0.99676191,9.21337,0.44766,-0.00000,18.35000,292.7553,2.8000
88.4385,152.8625,1.7460,113.4929,0.00031799,-0.08028878,0.00394776,0.99676378,9.21040,0.45385,0.00000,18.35000,292.7308,2.8000
88.6885,154.3759,1.7475,113.4151,0.00032247,-0.08026039,0.00400481,0.99676583,9.20714,0.46040,0.00000,18.35000,292.7095,2.8000
88.9385,155.8848,1.7424,113.3297,0.00032722,-0.08022966,0.00406531,0.99676806,9.20361,0.46736,-0.00000,18.35000,292.6881,2.8000
89.1885,157.3892,1.7362,113.2381,0.00033222,-0.08019679,0.00412923,0.99677044,9.19983,0.47470,-0.00000,18.35000,292.6664,2.8000
89.4385,158.8878,1.7278,113.1406,0.00033722,-0.08016216,0.00419313,0.99677296,9.19585,0.48205,-0.00000,18.35000,292.6198,2.8000
89.6885,160.3803,1.7139,113.0382,0.00034213,-0.08012598,0.00425611,0.99677560,9.19170,0.48929,-0.00000,18.35000,292.5658,2.8000
89.9385,161.8667,1.6950,112.9319,0.00034697,-0.08008836,0.00431837,0.99677835,9.18738,0.49644,-0.00000,18.35000,292.5124,2.8000
90.1885,163.3471,1.6716,112.8227,0.00035176,-0.08004941,0.00438010,0.99678121,9.18290,0.50354,0.00000,18.35000,292.4594,2.8000
90.4385,164.8208,1.6413,112.7134,0.00035628,-0.08001093,0.00443858,0.99678404,9.17848,0.51026,-0.00000,18.35000,292.4034,2.8000
90.6885,166.2869,1.6092,112.6051,0.00036048,-0.07997345,0.00449297,0.99678680,9.17417,0.51651,0.00000,18.35000,292.3476,2.8000
90.9385,167.7433,1.5754,112.4983,0.00036436,-0.07993687,0.00454344,0.99678951,9.16997,0.52231,-0.00000,18.35000,292.2953,2.8000
91.1885,169.1902,1.5401,112.3932,0.00036793,-0.07990111,0.00459011,0.99679216,9.16586,0.52768,-0.00000,18.35000,292.2461,2.8000
91.4385,170.6301,1.5045,112.2964,0.00037124,-0.07986951,0.00463323,0.99679449,9.16223,0.53263,-0.00000,18.35000,292.2290,2.8000
91.6885,172.0634,1.4691,112.2097,0.00037430,-0.07984290,0.00467294,0.99679644,9.15917,0.53720,-0.00000,18.35000,292.2212,2.8000
91.9386,173.4902,1.4338,112.1327,0.00037711,-0.07982092,0.00470929,0.99679802,9.15665,0.54137,0.00000,18.35000,292.2122,2.8000
92.1886,174.9107,1.3987,112.0646,0.00037967,-0.07980322,0.00474236,0.99679928,9.15461,0.54517,-0.00000,18.35000,292.2018,2.8000
92.4386,176.3238,1.3646,112.0113,0.00038215,-0.07979014,0.00477409,0.99680018,9.15311,0.54882,-0.00000,18.35000,292.1722,2.8000
92.6886,177.7293,1.3316,111.9738,0.00038459,-0.07978140,0.00480511,0.99680073,9.15211,0.55239,-0.00000,18.35000,292.1356,2.8000
92.9448,179.1631,1.2989,111.9506,0.00038705,-0.07977643,0.00483618,0.99680097,9.15154,0.55596,0.00000,18.35000,292.0946,2.8000
93.1948,180.5536,1.2682,111.9420,0.00038941,-0.07977503,0.00486571,0.99680094,9.15138,0.55935,-0.00000,18.35000,292.0563,2.8000
93.4448,181.9373,1.2407,111.9524,0.00039178,-0.07977713,0.00489523,0.99680063,9.15162,0.56275,0.00000,18.35000,292.0179,2.8000
93.6948,183.3145,1.2169,111.9822,0.00039418,-0.07978234,0.00492486,0.99680006,9.15222,0.56615,-0.00000,18.35000,291.9775,2.8000
93.9448,184.6852,1.1964,112.0300,0.00039659,-0.07979010,0.00495448,0.99679930,9.15311,0.56956,-0.00000,18.35000,291.9343,2.8000
94.1948,186.0494,1.1791,112.0943,0.00039900,-0.07979989,0.00498398,0.99679836,9.15424,0.57295,-0.00000,18.35000,291.8884,2.8000
94.4448,187.4076,1.1657,112.1686,0.00040149,-0.07981448,0.00501419,0.99679704,9.15592,0.57643,0.00000,18.35000,291.8393,2.8000
94.6948,188.7596,1.1562,112.2512,0.00040407,-0.07983441,0.00504516,0.99679529,9.15821,0.57999,0.00000,18.35000,291.7891,2.8000
94.9448,190.1054,1.1504,112.3412,0.00040673,-0.07985938,0.00507672,0.99679313,9.16108,0.58362,-0.00000,18.35000,291.7384,2.8000
95.1948,191.4450,1.1481,112.4359,0.00040944,-0.07988916,0.00510868,0.99679058,9.16451,0.58729,0.00000,18.35000,291.6876,2.8000
95.4448,192.7782,1.1497,112.5340,0.00041220,-0.07992369,0.00514080,0.99678764,9.16848,0.59099,-0.00000,18.35000,291.6300,2.8000
95.6948,194.1050,1.1551,112.6333,0.00041497,-0.07996287,0.00517287,0.99678433,9.17299,0.59467,-0.00000,18.35000,291.5712,2.8000
95.9448,195.4253,1.1642,112.7334,0.00041775,-0.08000657,0.00520468,0.99678066,9.17801,0.59833,-0.00000,18.35000,291.5134,2.8000
96.1948,196.7393,1.1769,112.8356,0.00042052,-0.08005465,0.00523603,0.99677663,9.18354,0.60194,-0.00000,18.35000,291.4563,2.8000
96.4448,198.0455,1.1937,112.9381,0.00042321,-0.08010417,0.00526617,0.99677250,9.18923,0.60541,-0.00000,18.35000,291.3890,2.8000
96.6948,199.3436,1.2144,113.0409,0.00042578,-0.08015425,0.00529478,0.99676832,9.19499,0.60870,0.00000,18.35000,291.3192,2.8000
96.9448,200.6339,1.2390,113.1420,0.00042822,-0.08020494,0.00532175,0.99676410,9.20082,0.61180,-0.00000,18.35000,291.2502,2.8000
97.1948,201.9165,1.2672,113.2402,0.00043052,-0.08025628,0.00534697,0.99675983,9.20673,0.61470,-0.00000,18.35000,291.1819,2.8000
97.4448,203.1887,1.2986,113.3320,0.00043267,-0.08030580,0.00537034,0.99675571,9.21242,0.61739,-0.00000,18.35000,291.1061,2.8000
97.6948,204.4500,1.3330,113.4172,0.00043466,-0.08035295,0.00539178,0.99675180,9.21784,0.61986,-0.00000,18.35000,291.0318,2.8000
97.9448,205.7007,1.3703,113.4969,0.00043647,-0.08039789,0.00541121,0.99674807,9.22301,0.62210,-0.00000,18.35000,290.9615,2.8000
98.1948,206.9413,1.4104,113.5721,0.00043810,-0.08044076,0.00542857,0.99674451,9.22794,0.62409,-0.00000,18.35000,290.8948,2.8000
98.4449,208.1712,1.4527,113.6364,0.00043957,-0.08048059,0.00544398,0.99674121,9.23252,0.62587,-0.00000,18.35000,290.8228,2.8000
98.6949,209.3907,1.4970,113.6893,0.00044086,-0.08051736,0.00545749,0.99673817,9.23675,0.62742,-0.00000,18.35000,290.7529,2.8000
98.9449,210.5999,1.5430,113.7327,0.00044198,-0.08055138,0.00546906,0.99673536,9.24066,0.62875,-0.00000,18.35000,290.6873,2.8000
99.1949,211.7992,1.5904,113.7684,0.00044293,-0.08058288,0.00547868,0.99673276,9.24428,0.62986,-0.00000,18.35000,290.6256,2.8000
99.4449,212.9905,1.6328,113.7869,0.00044374,-0.08060811,0.00548696,0.99673067,9.24718,0.63082,-0.00000,18.35000,290.5327,2.8000
99.6949,214.1746,1.6664,113.7881,0.00044444,-0.08062644,0.00549435,0.99672915,9.24929,0.63167,0.00000,18.35000,290.4328,2.8000
99.9449,215.3514,1.6916,113.7753,0.00044506,-0.08063837,0.00550119,0.99672814,9.25066,0.63245,-0.00000,18.35000,290.3348,2.8000
100.1949,216.5212,1.7086,113.7515,0.00044564,-0.08064429,0.00550788,0.99672763,9.25134,0.63322,0.00000,18.35000,290.2414,2.8000
100.4449,217.6834,1.7198,113.7144,0.00044626,-0.08064431,0.00551560,0.99672758,9.25135,0.63411,-0.00000,18.35000,290.1557,2.8000
100.6949,218.8384,1.7264,113.6650,0.00044699,-0.08063871,0.00552500,0.99672798,9.25070,0.63519,-0.00000,18.35000,290.0807,2.8000
100.9449,219.9870,1.7290,113.6055,0.00044786,-0.08062782,0.00553651,0.99672880,9.24945,0.63651,-0.00000,18.35000,290.0166,2.8000
101.1949,221.1299,1.7280,113.5382,0.00044891,-0.08061192,0.00555051,0.99673001,9.24762,0.63812,-0.00000,18.35000,289.9623,2.8000
101.4449,222.2683,1.7255,113.4652,0.00045016,-0.08059279,0.00556731,0.99673146,9.24543,0.64005,-0.00000,18.35000,289.9135,2.8000
101.6949,223.4029,1.7220,113.3877,0.00045164,-0.08057105,0.00558720,0.99673311,9.24293,0.64234,0.00000,18.35000,289.8717,2.8000
101.9449,224.5340,1.7182,113.3070,0.00045338,-0.08054678,0.00561043,0.99673494,9.24014,0.64501,0.00000,18.35000,289.8367,2.8000
102.1949,225.6622,1.7143,113.2240,0.00045540,-0.08052008,0.00563723,0.99673694,9.23707,0.64809,-0.00000,18.35000,289.8081,2.8000
102.4449,226.7901,1.7138,113.1412,0.00045743,-0.08049235,0.00566434,0.99673903,9.23388,0.65120,-0.00000,18.35000,289.7749,2.8000
102.6949,227.9183,1.7225,113.0596,0.00045940,-0.08046397,0.00569077,0.99674117,9.23062,0.65424,-0.00000,18.35000,289.7414,2.8000
102.9449,229.0471,1.7402,112.9798,0.00046131,-0.08043487,0.00571652,0.99674337,9.22728,0.65720,-0.00000,18.35000,289.7093,2.8000
103.1949,230.1766,1.7669,112.9021,0.00046316,-0.08040500,0.00574159,0.99674563,9.22384,0.66008,-0.00000,18.35000,289.6784,2.8000
103.4449,231.3081,1.7996,112.8276,0.00046483,-0.08037590,0.00576443,0.99674785,9.22050,0.66270,-0.00000,18.35000,289.6374,2.8000
103.6949,232.4420,1.8487,112.7567,0.00046628,-0.08034790,0.00578435,0.99674999,9.21728,0.66499,0.00000,18.35000,289.5929,2.8000
103.9449,233.5781,1.9136,112.6893,0.00046747,-0.08032086,0.00580112,0.99675207,9.21417,0.66692,-0.00000,18.35000,289.5477,2.8000
104.1949,234.7165,1.9936,112.6255,0.00046840,-0.08029464,0.00581459,0.99675410,9.21116,0.66846,-0.00000,18.35000,289.5019,2.8000
104.4449,235.8527,2.0853,112.5661,0.00046911,-0.08027019,0.00582520,0.99675601,9.20835,0.66968,-0.00000,18.35000,289.4612,2.8000
104.6949,236.9856,2.1879,112.5111,0.00046961,-0.08024763,0.00583309,0.99675778,9.20576,0.67059,-0.00000,18.35000,289.4257,2.8000
104.9449,238.1157,2.3010,112.4605,0.00046990,-0.08022677,0.00583820,0.99675943,9.20336,0.67118,0.00000,18.35000,289.3945,2.8000
105.1949,239.2433,2.4245,112.4139,0.00046998,-0.08020744,0.00584053,0.99676097,9.20114,0.67144,-0.00000,18.35000,289.3673,2.8000
105.4449,240.3701,2.5539,112.3736,0.00046998,-0.08019174,0.00584175,0.99676223,9.19933,0.67158,0.00000,18.35000,289.3441,2.8000
105.6950,241.4966,2.6884,112.3398,0.00046997,-0.08018006,0.00584246,0.99676316,9.19799,0.67166,-0.00000,18.35000,289.3232,2.8000
105.9450,242.6249,2.8281,112.3122,0.00046995,-0.08017215,0.00584282,0.99676380,9.19708,0.67170,-0.00000,18.35000,289.3016,2.8000
106.1950,243.7564,2.9734,112.2903,0.00046994,-0.08016776,0.00584294,0.99676415,9.19658,0.67172,-0.00000,18.35000,289.2784,2.8000
106.4450,244.8970,3.1191,112.2766,0.00047011,-0.08016895,0.00584506,0.99676404,9.19671,0.67196,-0.00000,18.35000,289.2610,2.8000
106.6950,246.0478,3.2647,112.2714,0.00047056,-0.08017604,0.00585005,0.99676344,9.19753,0.67254,-0.00000,18.35000,289.2386,2.8000
106.9450,247.2082,3.4109,112.2742,0.00047128,-0.08018873,0.00585817,0.99676237,9.19899,0.67347,-0.00000,18.35000,289.2081,2.8000
107.1950,248.3775,3.5585,112.2845,0.00047232,-0.08020672,0.00586965,0.99676086,9.20106,0.67479,-0.00000,18.35000,289.1700,2.8000
107.4450,249.5512,3.7072,112.3057,0.00047379,-0.08022857,0.00588630,0.99675900,9.20357,0.67671,0.00000,18.35000,289.1760,2.8000
107.6950,250.7280,3.8576,112.3383,0.00047574,-0.08025360,0.00590868,0.99675685,9.20645,0.67928,-0.00000,18.35000,289.1923,2.8000
107.9450,251.9079,4.0101,112.3814,0.00047817,-0.08028147,0.00593684,0.99675444,9.20965,0.68252,-0.00000,18.35000,289.2054,2.8000
108.1950,253.0910,4.1654,112.4343,0.00048109,-0.08031184,0.00597082,0.99675179,9.21315,0.68643,0.00000,18.35000,289.2155,2.8000
108.4450,254.2792,4.3193,112.4921,0.00048459,-0.08034446,0.00601177,0.99674891,9.21690,0.69114,-0.00000,18.35000,289.2724,2.8000
108.6950,255.4727,4.4716,112.5536,0.00048870,-0.08037917,0.00606012,0.99674582,9.22089,0.69670,0.00000,18.35000,289.3392,2.8000
108.9450,256.6715,4.6230,112.6189,0.00049343,-0.08041583,0.00611605,0.99674252,9.22511,0.70313,0.00000,18.35000,289.4016,2.8000
109.1950,257.8752,4.7743,112.6880,0.00049881,-0.08045430,0.00617965,0.99673902,9.22954,0.71044,-0.00000,18.35000,289.4597,2.8000
109.4450,259.0844,4.9240,112.7575,0.00050482,-0.08049390,0.00625109,0.99673537,9.23409,0.71866,0.00000,18.35000,289.5215,2.8000
109.6950,260.2989,5.0754,112.8269,0.00051149,-0.08053446,0.00633042,0.99673159,9.23876,0.72778,-0.00000,18.35000,289.5816,2.8000
109.9450,261.5179,5.2458,112.8969,0.00051876,-0.08057594,0.00641706,0.99672768,9.24353,0.73775,0.00000,18.35000,289.6385,2.8000
110.1950,262.7411,5.4338,112.9681,0.00052659,-0.08061829,0.00651049,0.99672365,9.24841,0.74849,-0.00000,18.35000,289.6922,2.8000
110.4450,263.9673,5.6411,113.0376,0.00053504,-0.08065982,0.00661158,0.99671962,9.25319,0.76011,-0.00000,18.35000,289.7426,2.8000
110.6950,265.1963,5.8671,113.1053,0.00054410,-0.08070011,0.00672013,0.99671562,9.25783,0.77260,-0.00000,18.35000,289.7903,2.8000
110.9450,266.4279,6.1105,113.1721,0.00055372,-0.08073919,0.00683556,0.99671167,9.26233,0.78587,0.00000,18.35000,289.8358,2.8000
111.1950,267.6619,6.3701,113.2387,0.00056385,-0.08077708,0.00695738,0.99670775,9.26669,0.79988,-0.00000,18.35000,289.8791,2.8000
111.4450,268.8959,6.6485,113.3028,0.00057453,-0.08081161,0.00708606,0.99670404,9.27067,0.81467,0.00000,18.35000,289.9122,2.8000
111.6950,270.1296,6.9452,113.3642,0.00058572,-0.08084228,0.00722125,0.99670057,9.27421,0.83022,0.00000,18.35000,289.9422,2.8000
111.9450,271.3630,7.2587,113.4239,0.00059737,-0.08086917,0.00736242,0.99669735,9.27731,0.84645,-0.00000,18.35000,289.9717,2.8000
112.1950,272.5938,7.5876,113.4779,0.00060944,-0.08089246,0.00750903,0.99669436,9.28000,0.86331,-0.00000,18.35000,290.0038,2.8000
112.4450,273.8230,7.9355,113.5201,0.00062164,-0.08091123,0.00765753,0.99669170,9.28217,0.88038,-0.00000,18.35000,290.0017,2.8000
112.6950,275.0510,8.3021,113.5511,0.00063386,-0.08092551,0.00780666,0.99668938,9.28382,0.89753,-0.00000,18.35000,289.9932,2.8000
112.9450,276.2782,8.6861,113.5734,0.00064607,-0.08093558,0.00795603,0.99668737,9.28499,0.91470,-0.00000,18.35000,289.9882,2.8000
113.1950,277.5046,9.0862,113.5891,0.00065824,-0.08094170,0.00810533,0.99668566,9.28570,0.93187,-0.00000,18.35000,289.9864,2.8000
113.4451,278.7309,9.5022,113.5923,0.00067029,-0.08094347,0.00825351,0.99668430,9.28592,0.94891,-0.00000,18.35000,289.9681,2.8000
113.6951,279.9575,9.9329,113.5836,0.00068218,-0.08094109,0.00840011,0.99668326,9.28565,0.96576,-0.00000,18.35000,289.9470,2.8000
113.9451,281.1845,10.3771,113.5661,0.00069388,-0.08093486,0.00854492,0.99668252,9.28495,0.98241,-0.00000,18.35000,289.9278,2.8000
114.1951,282.4124,10.8261,113.5425,0.00070542,-0.08092502,0.00868804,0.99668208,9.28383,0.99886,-0.00000,18.35000,289.9099,2.8000
114.4451,283.6434,11.2702,113.5093,0.00071691,-0.08091142,0.00883101,0.99668192,9.28228,1.01530,0.00000,18.35000,289.9076,2.8000
114.6951,284.8777,11.7101,113.4666,0.00072841,-0.08089427,0.00897454,0.99668202,9.28032,1.03180,-0.00000,18.35000,289.9083,2.8000
114.9451,286.1146,12.1566,113.4166,0.00073992,-0.08087384,0.00911866,0.99668236,9.27798,1.04837,-0.00000,18.35000,289.9074,2.8000
115.1951,287.3535,12.6176,113.3611,0.00075142,-0.08085034,0.00926310,0.99668292,9.27529,1.06498,-0.00000,18.35000,289.9051,2.8000
115.4451,288.5969,13.0869,113.2956,0.00076278,-0.08082279,0.00940636,0.99668381,9.27214,1.08144,-0.00000,18.35000,289.9265,2.8000
115.6951,289.8455,13.5629,113.2199,0.00077397,-0.08079118,0.00954808,0.99668502,9.26851,1.09773,0.00000,18.35000,289.9522,2.8000
115.9451,291.0987,14.0455,113.1355,0.00078499,-0.08075585,0.00968833,0.99668652,9.26446,1.11386,0.00000,18.35000,289.9749,2.8000
116.1951,292.3564,14.5349,113.0440,0.00079586,-0.08071707,0.00982716,0.99668829,9.26002,1.12981,-0.00000,18.35000,289.9945,2.8000
116.4451,293.6213,15.0216,112.9433,0.00080635,-0.08067541,0.00996193,0.99669032,9.25524,1.14531,-0.00000,18.35000,290.0428,2.8000
116.6951,294.8940,15.5035,112.8338,0.00081646,-0.08063125,0.01009233,0.99669257,9.25018,1.16029,0.00000,18.35000,290.0960,2.8000
116.9451,296.1739,15.9818,112.7168,0.00082621,-0.08058484,0.01021884,0.99669503,9.24485,1.17483,-0.00000,18.35000,290.1447,2.8000
117.1951,297.4576,16.4570,112.5934,0.00083566,-0.08053642,0.01034192,0.99669766,9.23930,1.18898,-0.00000,18.35000,290.1922,2.8000
117.4451,298.7458,16.9259,112.4721,0.00084479,-0.08049049,0.01046088,0.99670012,9.23403,1.20265,-0.00000,18.35000,290.2725,2.8000
117.6951,300.0385,17.3884,112.3554,0.00085363,-0.08044817,0.01057596,0.99670232,9.22917,1.21588,0.00000,18.35000,290.3594,2.8000
117.9451,301.3354,17.8455,112.2431,0.00086223,-0.08040926,0.01068770,0.99670426,9.22471,1.22872,-0.00000,18.35000,290.4430,2.8000
118.1951,302.6363,18.2985,112.1351,0.00087063,-0.08037358,0.01079661,0.99670596,9.22062,1.24124,0.00000,18.35000,290.5233,2.8000
118.4451,303.9452,18.7429,112.0366,0.00087894,-0.08034197,0.01090401,0.99670733,9.21700,1.25359,-0.00000,18.35000,290.5895,2.8000
118.6951,305.2613,19.1936,111.9485,0.00088719,-0.08031440,0.01101016,0.99670838,9.21384,1.26579,-0.00000,18.35000,290.6461,2.8000
118.9451,306.5840,19.6529,111.8705,0.00089538,-0.08029054,0.01111504,0.99670913,9.21111,1.27784,-0.00000,18.35000,290.6953,2.8000
119.1951,307.9129,20.1207,111.8021,0.00090349,-0.08027007,0.01121863,0.99670961,9.20876,1.28975,-0.00000,18.35000,290.7377,2.8000
119.4451,309.2420,20.5977,111.7483,0.00091167,-0.08025323,0.01132257,0.99670978,9.20684,1.30170,-0.00000,18.35000,290.7413,2.8000
119.6951,310.5698,21.0840,111.7098,0.00091995,-0.08023970,0.01142725,0.99670967,9.20529,1.31373,-0.00000,18.35000,290.7337,2.8000
119.9451,311.8965,21.5796,111.6857,0.00092830,-0.08022901,0.01153255,0.99670931,9.20408,1.32584,-0.00000,18.35000,290.7252,2.8000
120.1951,313.2224,22.0844,111.6751,0.00093672,-0.08022073,0.01163839,0.99670874,9.20314,1.33800,-0.00000,18.35000,290.7157,2.8000
120.4451,314.5454,22.5997,111.6806,0.00094525,-0.08021825,0.01174466,0.99670768,9.20286,1.35022,-0.00000,18.35000,290.6640,2.8000
120.6951,315.8650,23.1257,111.7020,0.00095387,-0.08022210,0.01185122,0.99670610,9.20332,1.36247,-0.00000,18.35000,290.6012,2.8000
120.9452,317.1815,23.6621,111.7382,0.00096258,-0.08023175,0.01195794,0.99670404,9.20444,1.37474,-0.00000,18.35000,290.5393,2.8000
121.1952,318.4953,24.2085,111.7880,0.00097136,-0.08024668,0.01206471,0.99670155,9.20617,1.38702,-0.00000,18.35000,290.4780,2.8000
121.4452,319.8060,24.7667,111.8494,0.00098017,-0.08026881,0.01217083,0.99669846,9.20872,1.39922,0.00000,18.35000,290.3893,2.8000
121.6952,321.1135,25.3370,111.9219,0.00098901,-0.08029834,0.01227597,0.99669479,9.21213,1.41132,-0.00000,18.35000,290.2942,2.8000
121.9452,322.4183,25.9188,112.0052,0.00099784,-0.08033479,0.01237997,0.99669056,9.21633,1.42328,-0.00000,18.35000,290.2006,2.8000
122.1952,323.7205,26.5119,112.0991,0.00100666,-0.08037771,0.01248267,0.99668580,9.22128,1.43509,0.00000,18.35000,290.1082,2.8000
122.4452,325.0174,27.1169,112.1975,0.00101544,-0.08042290,0.01258436,0.99668087,9.22649,1.44679,0.00000,18.35000,290.0283,2.8000
122.6952,326.3087,27.7338,112.2993,0.00102415,-0.08046907,0.01268494,0.99667586,9.23181,1.45836,0.00000,18.35000,289.9563,2.8000
122.9452,327.5949,28.3624,112.4052,0.00103277,-0.08051607,0.01278420,0.99667079,9.23722,1.46977,-0.00000,18.35000,289.8892,2.8000
123.2008,328.9065,29.0173,112.5158,0.00104148,-0.08056476,0.01288412,0.99666556,9.24283,1.48127,-0.00000,18.35000,289.8251,2.8000
123.4509,330.1833,29.6688,112.6205,0.00104988,-0.08061225,0.01298038,0.99666046,9.24830,1.49234,-0.00000,18.35000,289.7741,2.8000
123.7009,331.4550,30.3309,112.7212,0.00105816,-0.08065930,0.01307507,0.99665541,9.25372,1.50323,0.00000,18.35000,289.7310,2.8000
123.9509,332.7222,31.0037,112.8183,0.00106631,-0.08070600,0.01316802,0.99665039,9.25911,1.51393,-0.00000,18.35000,289.6935,2.8000
124.2009,333.9854,31.6871,112.9123,0.00107430,-0.08075242,0.01325906,0.99664542,9.26445,1.52440,-0.00000,18.35000,289.6612,2.8000
124.4509,335.2437,32.3807,113.0014,0.00108217,-0.08079742,0.01334859,0.99664057,9.26964,1.53470,-0.00000,18.35000,289.6350,2.8000
124.7009,336.4973,33.0842,113.0857,0.00108989,-0.08084081,0.01343660,0.99663586,9.27464,1.54483,-0.00000,18.35000,289.6145,2.8000
124.9509,337.7465,33.7977,113.1655,0.00109747,-0.08088274,0.01352295,0.99663128,9.27947,1.55476,-0.00000,18.35000,289.5993,2.8000
125.2009,338.9916,34.5210,113.2411,0.00110489,-0.08092330,0.01360748,0.99662683,9.28415,1.56448,-0.00000,18.35000,289.5889,2.8000
125.4509,340.2331,35.2531,113.3076,0.00111216,-0.08095931,0.01369092,0.99662275,9.28830,1.57408,-0.00000,18.35000,289.5724,2.8000
125.7009,341.4714,35.9937,113.3645,0.00111929,-0.08099022,0.01377335,0.99661910,9.29186,1.58356,0.00000,18.35000,289.5582,2.8000
125.9509,342.7087,36.7319,113.4126,0.00112630,-0.08101638,0.01385506,0.99661583,9.29488,1.59296,-0.00000,18.35000,289.5470,2.8000
126.2009,343.9452,37.4666,113.4530,0.00113321,-0.08103806,0.01393635,0.99661293,9.29738,1.60231,-0.00000,18.35000,289.5384,2.8000
126.4509,345.1805,38.2011,113.4804,0.00114007,-0.08105339,0.01401802,0.99661053,9.29916,1.61170,0.00000,18.35000,289.5213,2.8000
126.7009,346.4145,38.9361,113.4955,0.00114690,-0.08106224,0.01410036,0.99660864,9.30019,1.62117,0.00000,18.35000,289.5049,2.8000
126.9509,347.6473,39.6718,113.5005,0.00115370,-0.08106502,0.01418351,0.99660722,9.30051,1.63073,0.00000,18.35000,289.4915,2.8000
127.2009,348.8790,40.4084,113.4973,0.00116050,-0.08106203,0.01426759,0.99660626,9.30018,1.64040,0.00000,18.35000,289.4809,2.8000
127.4509,350.1080,41.1472,113.4840,0.00116733,-0.08105491,0.01435288,0.99660561,9.29938,1.65021,-0.00000,18.35000,289.4680,2.8000
127.7009,351.3342,41.8880,113.4618,0.00117422,-0.08104427,0.01443949,0.99660521,9.29816,1.66016,-0.00000,18.35000,289.4579,2.8000
127.9509,352.5578,42.6307,113.4328,0.00118118,-0.08103035,0.01452753,0.99660506,9.29657,1.67028,-0.00000,18.35000,289.4514,2.8000
128.2009,353.7792,43.3751,113.3991,0.00118821,-0.08101332,0.01461709,0.99660512,9.29463,1.68058,0.00000,18.35000,289.4479,2.8000
128.4509,354.9976,44.1221,113.3576,0.00119531,-0.08099320,0.01470806,0.99660541,9.29233,1.69104,-0.00000,18.35000,289.4343,2.8000
128.7009,356.2131,44.8715,113.3091,0.00120248,-0.08097015,0.01480048,0.99660591,9.28969,1.70166,0.00000,18.35000,289.4212,2.8000
128.9509,357.4262,45.6229,113.2556,0.00120972,-0.08094436,0.01489441,0.99660659,9.28674,1.71246,-0.00000,18.35000,289.4114,2.8000
129.2009,358.6373,46.3761,113.1990,0.00121706,-0.08091594,0.01498996,0.99660746,9.28348,1.72344,-0.00000,18.35000,289.4043,2.8000
129.4509,359.8474,47.1303,113.1408,0.00122423,-0.08088715,0.01508372,0.99660837,9.28019,1.73422,-0.00000,18.35000,289.4037,2.8000
129.7009,361.0571,47.8849,113.0821,0.00123121,-0.08085854,0.01517503,0.99660930,9.27691,1.74471,-0.00000,18.35000,289.4053,2.8000
129.9509,362.2664,48.6399,113.0238,0.00123800,-0.08083007,0.01526413,0.99661024,9.27365,1.75495,-0.00000,18.35000,289.4074,2.8000
130.2009,363.4755,49.3953,112.9669,0.00124462,-0.08080170,0.01535124,0.99661120,9.27040,1.76496,0.00000,18.35000,289.4098,2.8000
130.4509,364.6870,50.1502,112.9081,0.00125086,-0.08077453,0.01543331,0.99661212,9.26729,1.77440,0.00000,18.35000,289.4252,2.8000
130.7085,365.9389,50.9302,112.8454,0.00125683,-0.08074812,0.01551215,0.99661303,9.26426,1.78346,-0.00000,18.35000,289.4435,2.8000
130.9585,367.1505,51.7051,112.7831,0.00126215,-0.08072393,0.01558248,0.99661389,9.26149,1.79154,-0.00000,18.35000,289.4629,2.8000
131.2085,368.3602,52.4968,112.7202,0.00126698,-0.08070115,0.01564657,0.99661472,9.25888,1.79891,-0.00000,18.35000,289.4858,2.8000
131.4585,369.5696,53.3040,112.6586,0.00127125,-0.08068001,0.01570334,0.99661554,9.25646,1.80543,-0.00000,18.35000,289.5214,2.8000
131.7085,370.7790,54.1257,112.5987,0.00127491,-0.08066047,0.01575245,0.99661634,9.25422,1.81108,-0.00000,18.35000,289.5598,2.8000
131.9585,371.9883,54.9610,112.5410,0.00127797,-0.08064239,0.01579376,0.99661714,9.25215,1.81582,-0.00000,18.35000,289.5987,2.8000
132.2085,373.1973,55.8090,112.4859,0.00128041,-0.08062565,0.01582717,0.99661796,9.25023,1.81966,-0.00000,18.35000,289.6380,2.8000
132.4585,374.4083,56.6662,112.4356,0.00128242,-0.08061067,0.01585503,0.99661873,9.24851,1.82286,0.00000,18.35000,289.6755,2.8000
132.7085,375.6216,57.5317,112.3904,0.00128405,-0.08059740,0.01587781,0.99661944,9.24699,1.82548,0.00000,18.35000,289.7104,2.8000
132.9640,376.8643,58.4250,112.3492,0.00128532,-0.08058543,0.01589590,0.99662012,9.24561,1.82756,-0.00000,18.35000,289.7432,2.8000
133.2235,378.1294,59.3412,112.3122,0.00128620,-0.08057472,0.01590888,0.99662077,9.24438,1.82905,-0.00000,18.35000,289.7735,2.8000
133.4735,379.3509,60.2262,112.2904,0.00128702,-0.08056831,0.01592027,0.99662111,9.24365,1.83036,-0.00000,18.35000,289.8088,2.8000
133.7235,380.5771,61.1146,112.2827,0.00128787,-0.08056566,0.01593132,0.99662115,9.24334,1.83163,-0.00000,18.35000,289.8391,2.8000
133.9735,381.8075,62.0067,112.2879,0.00128875,-0.08056638,0.01594210,0.99662091,9.24343,1.83287,0.00000,18.35000,289.8629,2.8000
134.2235,383.0418,62.9025,112.3050,0.00128967,-0.08057008,0.01595267,0.99662044,9.24386,1.83408,0.00000,18.35000,289.8807,2.8000
134.4735,384.2862,63.7998,112.3341,0.00129070,-0.08057735,0.01596406,0.99661967,9.24469,1.83539,-0.00000,18.35000,289.9261,2.8000
134.7236,385.5409,64.6987,112.3743,0.00129188,-0.08058796,0.01597650,0.99661861,9.24592,1.83683,-0.00000,18.35000,289.9637,2.8000
134.9736,386.8048,65.5996,112.4249,0.00129320,-0.08060160,0.01599010,0.99661729,9.24749,1.83839,-0.00000,18.35000,289.9899,2.8000
135.2236,388.0774,66.5028,112.4852,0.00129467,-0.08061799,0.01600496,0.99661573,9.24937,1.84010,-0.00000,18.35000,290.0053,2.8000
135.4736,389.3594,67.3955,112.5530,0.00129652,-0.08063984,0.01602344,0.99661366,9.25189,1.84223,-0.00000,18.35000,290.0547,2.8000
135.7236,390.6501,68.2773,112.6285,0.00129881,-0.08066719,0.01604623,0.99661108,9.25504,1.84486,-0.00000,18.35000,290.0984,2.8000
135.9736,391.9489,69.1498,112.7121,0.00130156,-0.08069975,0.01607374,0.99660799,9.25878,1.84802,0.00000,18.35000,290.1317,2.8000
136.2236,393.2553,70.0140,112.8039,0.00130481,-0.08073720,0.01610631,0.99660443,9.26309,1.85177,0.00000,18.35000,290.1552,2.8000
136.4736,394.5695,70.8635,112.8950,0.00130866,-0.08077859,0.01614555,0.99660044,9.26786,1.85629,0.00000,18.35000,290.1596,2.8000
136.7236,395.8812,71.7286,112.9860,0.00131309,-0.08082370,0.01619102,0.99659603,9.27305,1.86153,-0.00000,18.35000,290.1633,2.8000
136.9736,397.1894,72.6110,113.0789,0.00131803,-0.08087237,0.01624213,0.99659125,9.27866,1.86741,0.00000,18.35000,290.1680,2.8000
137.2236,398.4944,73.5089,113.1754,0.00132345,-0.08092441,0.01629834,0.99658610,9.28465,1.87388,-0.00000,18.35000,290.1730,2.8000
137.4736,399.7966,74.4257,113.2684,0.00132923,-0.08097428,0.01635937,0.99658104,9.29039,1.88091,-0.00000,18.35000,290.1333,2.8000
137.7236,401.0964,75.3602,113.3578,0.00133533,-0.08102145,0.01642473,0.99657612,9.29583,1.88843,-0.00000,18.35000,290.0890,2.8000
137.9736,402.3941,76.3110,113.4447,0.00134170,-0.08106601,0.01649398,0.99657135,9.30096,1.89640,-0.00000,18.35000,290.0452,2.8000
138.2236,403.6897,77.2765,113.5300,0.00134832,-0.08110803,0.01656672,0.99656671,9.30580,1.90477,-0.00000,18.35000,290.0016,2.8000
138.4736,404.9811,78.2553,113.6111,0.00135512,-0.08114649,0.01664231,0.99656231,9.31024,1.91347,0.00000,18.35000,289.9171,2.8000
138.7236,406.2684,79.2462,113.6842,0.00136207,-0.08118154,0.01672036,0.99655814,9.31428,1.92245,-0.00000,18.35000,289.8305,2.8000
138.9736,407.5521,80.2481,113.7498,0.00136915,-0.08121342,0.01680055,0.99655419,9.31796,1.93168,0.00000,18.35000,289.7465,2.8000
139.2236,408.8323,81.2600,113.8087,0.00137633,-0.08124235,0.01688264,0.99655043,9.32130,1.94112,0.00000,18.35000,289.6646,2.8000
139.4736,410.1076,82.2796,113.8598,0.00138354,-0.08126760,0.01696575,0.99654695,9.32422,1.95068,-0.00000,18.35000,289.5692,2.8000
139.7236,411.3784,83.3060,113.9036,0.00139076,-0.08128927,0.01704967,0.99654374,9.32672,1.96033,-0.00000,18.35000,289.4755,2.8000
139.9736,412.6451,84.3387,113.9408,0.00139798,-0.08130761,0.01713425,0.99654078,9.32884,1.97006,-0.00000,18.35000,289.3853,2.8000
140.2236,413.9080,85.3771,113.9719,0.00140519,-0.08132283,0.01721936,0.99653807,9.33061,1.97985,0.00000,18.35000,289.2980,2.8000
140.4736,415.1661,86.4236,113.9899,0.00141253,-0.08133085,0.01730753,0.99653587,9.33154,1.98999,-0.00000,18.35000,289.1525,2.8000
140.7236,416.4198,87.4780,113.9953,0.00141999,-0.08133157,0.01739881,0.99653421,9.33164,2.00049,-0.00000,18.35000,289.0027,2.8000
140.9736,417.6694,88.5397,113.9896,0.00142757,-0.08132543,0.01749293,0.99653306,9.33095,2.01131,-0.00000,18.35000,288.8553,2.8000
141.2236,418.9154,89.6083,113.9742,0.00143524,-0.08131279,0.01758967,0.99653237,9.32951,2.02243,0.00000,18.35000,288.7099,2.8000
141.4736,420.1591,90.6845,113.9435,0.00144302,-0.08129325,0.01768924,0.99653220,9.32728,2.03388,0.00000,18.35000,288.5846,2.8000
141.7237,421.4007,91.7681,113.8986,0.00145089,-0.08126721,0.01779148,0.99653249,9.32431,2.04563,-0.00000,18.35000,288.4621,2.8000
141.9737,422.6392,92.8616,113.8415,0.00145885,-0.08123511,0.01789605,0.99653322,9.32063,2.05765,-0.00000,18.35000,288.3410,2.8000
142.2237,423.8742,93.9653,113.7739,0.00146685,-0.08119733,0.01800266,0.99653437,9.31631,2.06990,-0.00000,18.35000,288.2213,2.8000
142.4737,425.1079,95.0722,113.6955,0.00147476,-0.08115772,0.01810854,0.99653566,9.31177,2.08207,0.00000,18.35000,288.2146,2.8000
142.7237,426.3411,96.1796,113.6080,0.00148256,-0.08111700,0.01821354,0.99653705,9.30710,2.09414,-0.00000,18.35000,288.2208,2.8000
142.9737,427.5777,97.2794,113.5128,0.00149031,-0.08107540,0.01831811,0.99653851,9.30234,2.10615,0.00000,18.35000,288.2229,2.8000
143.2237,428.8171,98.3725,113.4114,0.00149803,-0.08103314,0.01842266,0.99654001,9.29750,2.11817,-0.00000,18.35000,288.2210,2.8000
143.4737,430.0598,99.4579,113.3022,0.00150566,-0.08099121,0.01852612,0.99654149,9.29269,2.13006,-0.00000,18.35000,288.2568,2.8000
143.7237,431.3050,100.5373,113.1866,0.00151322,-0.08094989,0.01862872,0.99654292,9.28796,2.14185,-0.00000,18.35000,288.2946,2.8000
143.9737,432.5522,101.6119,113.0661,0.00152075,-0.08090932,0.01873081,0.99654429,9.28331,2.15358,-0.00000,18.35000,288.3295,2.8000
144.2237,433.8012,102.6824,112.9423,0.00152827,-0.08086957,0.01883272,0.99654559,9.27876,2.16529,-0.00000,18.35000,288.3615,2.8000
144.4737,435.0559,103.7516,112.8172,0.00153575,-0.08083180,0.01893367,0.99654673,9.27444,2.17689,-0.00000,18.35000,288.4995,2.8000
144.7237,436.3163,104.8204,112.6920,0.00154318,-0.08079611,0.01903376,0.99654770,9.27035,2.18840,0.00000,18.35000,288.6436,2.8000
144.9737,437.5816,105.8894,112.5680,0.00155060,-0.08076246,0.01913322,0.99654851,9.26650,2.19983,-0.00000,18.35000,288.7810,2.8000
145.2237,438.8513,106.9594,112.4461,0.00155801,-0.08073076,0.01923221,0.99654917,9.26287,2.21121,-0.00000,18.35000,288.9121,2.8000
145.4737,440.1244,108.0319,112.3300,0.00156540,-0.08070209,0.01933040,0.99654958,9.25959,2.22249,0.00000,18.35000,289.0499,2.8000
145.7237,441.4002,109.1077,112.2205,0.00157279,-0.08067635,0.01942781,0.99654975,9.25665,2.23369,-0.00000,18.35000,289.1834,2.8000
145.9737,442.6784,110.1872,112.1178,0.00158017,-0.08065332,0.01952453,0.99654972,9.25402,2.24481,-0.00000,18.35000,289.3117,2.8000
146.2237,443.9586,111.2707,112.0224,0.00158754,-0.08063275,0.01962061,0.99654948,9.25167,2.25585,-0.00000,18.35000,289.4350,2.8000
146.4737,445.2364,112.3580,111.9418,0.00159495,-0.08061772,0.01971583,0.99654881,9.24996,2.26680,-0.00000,18.35000,289.4888,2.8000
146.7237,446.5114,113.4494,111.8761,0.00160240,-0.08060810,0.01981021,0.99654770,9.24887,2.27765,-0.00000,18.35000,289.5331,2.8000
146.9737,447.7836,114.5449,111.8246,0.00160987,-0.08060341,0.01990377,0.99654620,9.24835,2.28840,0.00000,18.35000,289.5757,2.8000
147.2237,449.0529,115.6449,111.7866,0.00161737,-0.08060316,0.01999653,0.99654436,9.24834,2.29907,-0.00000,18.35000,289.6168,2.8000
147.4737,450.3146,116.7492,111.7739,0.00162493,-0.08061033,0.02008818,0.99654192,9.24918,2.30961,-0.00000,18.35000,289.5643,2.8000
147.7237,451.5684,117.8578,111.7862,0.00163254,-0.08062450,0.02017866,0.99653893,9.25083,2.32002,-0.00000,18.35000,289.5021,2.8000
147.9737,452.8148,118.9707,111.8215,0.00164019,-0.08064486,0.02026796,0.99653546,9.25318,2.33029,0.00000,18.35000,289.4414,2.8000
148.2237,454.0541,120.0878,111.8781,0.00164785,-0.08067068,0.02035607,0.99653156,9.25617,2.34043,-0.00000,18.35000,289.3818,2.8000
148.4737,455.2838,121.2103,111.9463,0.00165548,-0.08070016,0.02044276,0.99652739,9.25958,2.35040,-0.00000,18.35000,289.2794,2.8000
148.7241,456.5060,122.3402,112.0245,0.00166307,-0.08073281,0.02052808,0.99652298,9.26335,2.36022,-0.00000,18.35000,289.1769,2.8000
148.9742,457.7174,123.4734,112.1118,0.00167058,-0.08076819,0.02061168,0.99651837,9.26743,2.36984,0.00000,18.35000,289.0797,2.8000
149.2242,458.9204,124.6116,112.2080,0.00167802,-0.08080600,0.02069364,0.99651360,9.27180,2.37927,-0.00000,18.35000,288.9873,2.8000
149.4742,460.1152,125.7561,112.3133,0.00168537,-0.08084596,0.02077395,0.99650867,9.27641,2.38851,-0.00000,18.35000,288.8982,2.8000
149.7242,461.3020,126.9068,112.4211,0.00169264,-0.08088793,0.02085252,0.99650361,9.28125,2.39756,-0.00000,18.35000,288.8143,2.8000
149.9742,462.4812,128.0636,112.5270,0.00169979,-0.08093188,0.02092924,0.99649842,9.28632,2.40639,-0.00000,18.35000,288.7362,2.8000
150.2242,463.6532,129.2264,112.6311,0.00170684,-0.08097781,0.02100400,0.99649311,9.29161,2.41499,-0.00000,18.35000,288.6636,2.8000
150.4742,464.8190,130.3922,112.7311,0.00171378,-0.08102488,0.02107701,0.99648773,9.29704,2.42340,-0.00000,18.35000,288.6028,2.8000
150.7242,465.9791,131.5607,112.8271,0.00172061,-0.08107305,0.02114829,0.99648229,9.30259,2.43161,-0.00000,18.35000,288.5465,2.8000
150.9742,467.1338,132.7319,112.9194,0.00172733,-0.08112238,0.02121789,0.99647678,9.30828,2.43962,-0.00000,18.35000,288.4935,2.8000
151.2242,468.2834,133.9057,113.0086,0.00173395,-0.08117292,0.02128583,0.99647121,9.31411,2.44744,-0.00000,18.35000,288.4435,2.8000
151.4742,469.4277,135.0820,113.0908,0.00174048,-0.08122282,0.02135277,0.99646570,9.31986,2.45515,0.00000,18.35000,288.3783,2.8000
151.7242,470.5657,136.2628,113.1665,0.00174693,-0.08127202,0.02141871,0.99646026,9.32553,2.46274,0.00000,18.35000,288.3161,2.8000
151.9742,471.6978,137.4476,113.2366,0.00175328,-0.08132065,0.02148360,0.99645488,9.33113,2.47022,0.00000,18.35000,288.2587,2.8000
152.2242,472.8241,138.6362,113.3020,0.00175953,-0.08136883,0.02154738,0.99644956,9.33669,2.47756,-0.00000,18.35000,288.2057,2.8000
152.4742,473.9442,139.8297,113.3586,0.00176570,-0.08141412,0.02161074,0.99644448,9.34191,2.48486,-0.00000,18.35000,288.1460,2.8000
152.7242,475.0579,141.0281,113.4070,0.00177177,-0.08145645,0.02167365,0.99643964,9.34679,2.49210,-0.00000,18.35000,288.0912,2.8000
152.9742,476.1657,142.2313,113.4483,0.00177773,-0.08149605,0.02173599,0.99643504,9.35136,2.49928,-0.00000,18.35000,288.0425,2.8000
153.2242,477.2674,143.4389,113.4835,0.00178360,-0.08153311,0.02179765,0.99643065,9.35563,2.50638,-0.00000,18.35000,287.9995,2.8000
153.4742,478.3686,144.6411,113.5105,0.00178937,-0.08156556,0.02185938,0.99642663,9.35938,2.51348,-0.00000,18.35000,287.9828,2.8000
153.7242,479.4695,145.8374,113.5295,0.00179507,-0.08159344,0.02192151,0.99642297,9.36260,2.52063,0.00000,18.35000,287.9685,2.8000
153.9742,480.5700,147.0286,113.5415,0.00180074,-0.08161704,0.02198431,0.99641964,9.36532,2.52786,-0.00000,18.35000,287.9536,2.8000
154.2242,481.6700,148.2152,113.5471,0.00180640,-0.08163662,0.02204801,0.99641662,9.36759,2.53519,-0.00000,18.35000,287.9382,2.8000
154.4742,482.7698,149.4009,113.5448,0.00181202,-0.08165195,0.02211238,0.99641393,9.36936,2.54259,-0.00000,18.35000,287.8963,2.8000
154.7242,483.8695,150.5860,113.5349,0.00181761,-0.08166326,0.02217748,0.99641155,9.37068,2.55008,-0.00000,18.35000,287.8506,2.8000
154.9742,484.9687,151.7708,113.5185,0.00182318,-0.08167081,0.02224337,0.99640945,9.37156,2.55766,-0.00000,18.35000,287.8039,2.8000
155.2242,486.0676,152.9554,113.4962,0.00182875,-0.08167485,0.02231013,0.99640761,9.37204,2.56534,-0.00000,18.35000,287.7563,2.8000
155.4742,487.1613,154.1393,113.4657,0.00183432,-0.08167556,0.02237788,0.99640603,9.37214,2.57313,-0.00000,18.35000,287.6711,2.8000
155.7242,488.2498,155.3226,113.4276,0.00183991,-0.08167320,0.02244670,0.99640466,9.37188,2.58105,-0.00000,18.35000,287.5853,2.8000
155.9742,489.3332,156.5055,113.3828,0.00184553,-0.08166798,0.02251663,0.99640350,9.37129,2.58909,-0.00000,18.35000,287.5032,2.8000
156.2242,490.4119,157.6880,113.3322,0.00185118,-0.08166010,0.02258774,0.99640253,9.37040,2.59726,-0.00000,18.35000,287.4245,2.8000
156.4743,491.4846,158.8708,113.2752,0.00185645,-0.08164842,0.02265530,0.99640194,9.36907,2.60503,-0.00000,18.35000,287.3911,2.8000
156.7243,492.5515,160.0535,113.2127,0.00186131,-0.08163298,0.02271893,0.99640175,9.36731,2.61235,-0.00000,18.35000,287.3669,2.8000
156.9743,493.6130,161.2363,113.1457,0.00186578,-0.08161393,0.02277880,0.99640193,9.36513,2.61923,-0.00000,18.35000,287.3465,2.8000
157.2243,494.6695,162.4193,113.0750,0.00186987,-0.08159142,0.02283506,0.99640248,9.36256,2.62569,-0.00000,18.35000,287.3296,2.8000
157.4743,495.7242,163.6045,113.0035,0.00187325,-0.08156554,0.02288354,0.99640348,9.35959,2.63126,0.00000,18.35000,287.3891,2.8000
157.7243,496.7777,164.7918,112.9320,0.00187588,-0.08153631,0.02292394,0.99640494,9.35624,2.63590,0.00000,18.35000,287.4569,2.8000
157.9743,497.8255,165.9863,112.8613,0.00187777,-0.08150370,0.02295628,0.99640686,9.35249,2.63961,-0.00000,18.35000,287.5280,2.8000
158.2243,498.8594,167.1981,112.7918,0.00187889,-0.08146763,0.02298019,0.99640926,9.34835,2.64236,-0.00000,18.35000,287.6102,2.8000
158.4743,499.8843,168.4196,112.7311,0.00187965,-0.08143286,0.02299941,0.99641165,9.34436,2.64456,-0.00000,18.35000,287.7277,2.8000
158.7243,500.9008,169.6494,112.6799,0.00188009,-0.08139962,0.02301427,0.99641403,9.34054,2.64626,0.00000,18.35000,287.8530,2.8000
158.9758,501.9158,170.8949,112.6376,0.00188020,-0.08136740,0.02302472,0.99641642,9.33683,2.64746,-0.00000,18.35000,287.9825,2.8000
159.2258,502.9168,172.1395,112.6043,0.00187995,-0.08133628,0.02303056,0.99641882,9.33326,2.64812,-0.00000,18.35000,288.1161,2.8000
159.4758,503.9169,173.3935,112.5783,0.00187943,-0.08130681,0.02303257,0.99642118,9.32987,2.64835,0.00000,18.35000,288.2141,2.8000
159.7258,504.9166,174.6565,112.5591,0.00187863,-0.08127887,0.02303068,0.99642351,9.32665,2.64812,0.00000,18.35000,288.3051,2.8000
159.9758,505.9157,175.9279,112.5467,0.00187753,-0.08125224,0.02302477,0.99642582,9.32359,2.64744,0.00000,18.35000,288.3932,2.8000
160.2258,506.9138,177.2070,112.5406,0.00187611,-0.08122672,0.02301475,0.99642813,9.32065,2.64628,-0.00000,18.35000,288.4784,2.8000
160.4759,507.9166,178.4863,112.5395,0.00187481,-0.08120512,0.02300493,0.99643012,9.31817,2.64515,-0.00000,18.35000,288.5113,2.8000
160.7259,508.9237,179.7653,112.5430,0.00187366,-0.08118762,0.02299584,0.99643176,9.31615,2.64410,0.00000,18.35000,288.5311,2.8000
160.9759,509.9346,181.0443,112.5508,0.00187267,-0.08117403,0.02298755,0.99643306,9.31459,2.64314,0.00000,18.35000,288.5431,2.8000
161.2259,510.9486,182.3235,112.5628,0.00187184,-0.08116420,0.02298010,0.99643403,9.31346,2.64228,-0.00000,18.35000,288.5479,2.8000
161.4759,511.9695,183.6019,112.5812,0.00187130,-0.08115899,0.02297503,0.99643458,9.31285,2.64170,-0.00000,18.35000,288.5215,2.8000
161.7259,512.9967,184.8800,112.6059,0.00187108,-0.08115827,0.02297253,0.99643469,9.31277,2.64141,-0.00000,18.35000,288.4818,2.8000
161.9759,514.0296,186.1579,112.6364,0.00187117,-0.08116187,0.02297259,0.99643440,9.31319,2.64142,0.00000,18.35000,288.4316,2.8000
162.2259,515.0674,187.4361,112.6724,0.00187156,-0.08116957,0.02297523,0.99643371,9.31407,2.64172,-0.00000,18.35000,288.3719,2.8000
162.4759,516.1109,188.7146,112.7154,0.00187223,-0.08118094,0.02298019,0.99643267,9.31538,2.64230,-0.00000,18.35000,288.3086,2.8000
162.7259,517.1595,189.9938,112.7655,0.00187317,-0.08119574,0.02298745,0.99643129,9.31708,2.64313,-0.00000,18.35000,288.2359,2.8000
162.9759,518.2128,191.2739,112.8222,0.00187436,-0.08121374,0.02299697,0.99642960,9.31916,2.64423,-0.00000,18.35000,288.1537,2.8000
163.2259,519.2700,192.5550,112.8853,0.00187581,-0.08123476,0.02300873,0.99642762,9.32158,2.64559,-0.00000,18.35000,288.0625,2.8000
163.4759,520.3310,193.8363,112.9539,0.00187751,-0.08125862,0.02302274,0.99642534,9.32432,2.64720,-0.00000,18.35000,287.9618,2.8000
163.7259,521.3954,195.1177,113.0225,0.00187945,-0.08128532,0.02303897,0.99642279,9.32740,2.64908,-0.00000,18.35000,287.8538,2.8000
163.9759,522.4626,196.3997,113.0890,0.00188165,-0.08131489,0.02305743,0.99641994,9.33080,2.65121,-0.00000,18.35000,287.7393,2.8000
164.2259,523.5323,197.6825,113.1537,0.00188409,-0.08134736,0.02307808,0.99641681,9.33454,2.65359,-0.00000,18.35000,287.6186,2.8000
164.4759,524.6074,198.9616,113.2184,0.00188685,-0.08138185,0.02310196,0.99641344,9.33851,2.65634,-0.00000,18.35000,287.5313,2.8000
164.7259,525.6877,200.2370,113.2834,0.00188993,-0.08141826,0.02312923,0.99640982,9.34271,2.65949,0.00000,18.35000,287.4396,2.8000
164.9759,526.7647,201.5164,113.3487,0.00189331,-0.08145653,0.02315970,0.99640598,9.34711,2.66300,-0.00000,18.35000,287.3470,2.8000
165.2327,527.8610,202.8427,113.4159,0.00189707,-0.08149765,0.02319383,0.99640182,9.35185,2.66693,0.00000,18.35000,287.2566,2.8000
165.4827,528.9188,204.1450,113.4800,0.00190097,-0.08153836,0.02322986,0.99639764,9.35654,2.67109,0.00000,18.35000,287.1639,2.8000
165.7327,529.9690,205.4585,113.5424,0.00190508,-0.08157957,0.02326823,0.99639336,9.36129,2.67551,0.00000,18.35000,287.0732,2.8000
165.9827,531.0120,206.7821,113.6033,0.00190937,-0.08162129,0.02330857,0.99638900,9.36609,2.68016,-0.00000,18.35000,286.9853,2.8000
166.2327,532.0480,208.1148,113.6629,0.00191380,-0.08166354,0.02335051,0.99638454,9.37096,2.68499,0.00000,18.35000,286.8997,2.8000
166.4827,533.0745,209.4576,113.7163,0.00191841,-0.08170321,0.02339518,0.99638023,9.37554,2.69014,-0.00000,18.35000,286.7586,2.8000
166.7327,534.0923,210.8097,113.7637,0.00192315,-0.08174026,0.02344226,0.99637608,9.37981,2.69556,-0.00000,18.35000,286.6178,2.8000
166.9827,535.1021,212.1701,113.8054,0.00192800,-0.08177485,0.02349135,0.99637208,9.38380,2.70121,-0.00000,18.35000,286.4810,2.8000
167.2327,536.1048,213.5377,113.8419,0.00193293,-0.08180714,0.02354210,0.99636822,9.38752,2.70706,-0.00000,18.35000,286.3474,2.8000
167.4827,537.0979,214.9134,113.8688,0.00193792,-0.08183467,0.02359478,0.99636470,9.39070,2.71312,-0.00000,18.35000,286.1769,2.8000
167.7327,538.0826,216.2962,113.8867,0.00194292,-0.08185754,0.02364906,0.99636153,9.39334,2.71937,-0.00000,18.35000,286.0085,2.8000
167.9827,539.0598,217.6853,113.8964,0.00194793,-0.08187602,0.02370462,0.99635868,9.39548,2.72576,-0.00000,18.35000,285.8442,2.8000
168.2327,540.0279,219.0766,113.8991,0.00195294,-0.08189035,0.02376127,0.99635614,9.39714,2.73228,-0.00000,18.35000,285.6858,2.8000
168.4827,540.9889,220.4725,113.8929,0.00195781,-0.08190039,0.02381767,0.99635396,9.39831,2.73877,0.00000,18.35000,285.5745,2.8000
168.7327,541.9462,221.8701,113.8788,0.00196257,-0.08190640,0.02387368,0.99635212,9.39901,2.74521,-0.00000,18.35000,285.4665,2.8000
168.9827,542.9035,223.2664,113.8582,0.00196720,-0.08190864,0.02392938,0.99635059,9.39928,2.75162,-0.00000,18.35000,285.3549,2.8000
169.2327,543.8607,224.6611,113.8321,0.00197174,-0.08190736,0.02398486,0.99634935,9.39915,2.75800,0.00000,18.35000,285.2393,2.8000
169.4827,544.8192,226.0517,113.7951,0.00197636,-0.08190225,0.02404257,0.99634837,9.39857,2.76464,-0.00000,18.35000,285.1146,2.8000
169.7327,545.7784,227.4385,113.7486,0.00198110,-0.08189362,0.02410279,0.99634761,9.39759,2.77156,-0.00000,18.35000,284.9847,2.8000
169.9827,546.7378,228.8222,113.6945,0.00198598,-0.08188176,0.02416560,0.99634706,9.39624,2.77878,-0.00000,18.35000,284.8501,2.8000
170.2327,547.6952,230.2046,113.6344,0.00199099,-0.08186690,0.02423102,0.99634668,9.39455,2.78630,-0.00000,18.35000,284.7127,2.8000
170.4828,548.6543,231.5835,113.5643,0.00199617,-0.08184945,0.02429926,0.99634644,9.39256,2.79415,0.00000,18.35000,284.5834,2.8000
170.7328,549.6148,232.9593,113.4854,0.00200154,-0.08182975,0.02437042,0.99634631,9.39031,2.80233,0.00000,18.35000,284.4492,2.8000
170.9828,550.5760,234.3323,113.3993,0.00200709,-0.08180806,0.02444455,0.99634626,9.38783,2.81085,-0.00000,18.35000,284.3096,2.8000
171.2328,551.5320,235.7075,113.3071,0.00201284,-0.08178457,0.02452153,0.99634629,9.38515,2.81970,-0.00000,18.35000,284.1700,2.8000
171.4828,552.4865,237.0799,113.2092,0.00201846,-0.08175925,0.02459761,0.99634648,9.38225,2.82844,0.00000,18.35000,284.0957,2.8000
171.7328,553.4400,238.4489,113.1065,0.00202395,-0.08173227,0.02467270,0.99634683,9.37917,2.83707,-0.00000,18.35000,284.0231,2.8000
171.9828,554.3920,239.8151,113.0000,0.00202933,-0.08170375,0.02474696,0.99634731,9.37591,2.84560,0.00000,18.35000,283.9471,2.8000
172.2328,555.3423,241.1788,112.8908,0.00203462,-0.08167380,0.02482052,0.99634793,9.37248,2.85406,0.00000,18.35000,283.8680,2.8000
172.4828,556.2922,242.5381,112.7821,0.00203963,-0.08164436,0.02489067,0.99634858,9.36911,2.86212,0.00000,18.35000,283.8641,2.8000
172.7328,557.2370,243.8948,112.6746,0.00204437,-0.08161548,0.02495739,0.99634927,9.36580,2.86978,0.00000,18.35000,283.8665,2.8000
172.9828,558.1755,245.2480,112.5685,0.00204886,-0.08158710,0.02502093,0.99634999,9.36255,2.87709,-0.00000,18.35000,283.8702,2.8000
173.2328,559.1080,246.5980,112.4641,0.00205312,-0.08155913,0.02508153,0.99635075,9.35935,2.88405,-0.00000,18.35000,283.8752,2.8000
173.4829,560.0352,247.9483,112.3695,0.00205731,-0.08153588,0.02513984,0.99635117,9.35669,2.89075,-0.00000,18.35000,283.9104,2.8000
173.7415,560.9892,249.3466,112.2823,0.00206157,-0.08151682,0.02519779,0.99635126,9.35451,2.89741,-0.00000,18.35000,283.9431,2.8000
174.0160,561.9971,250.8345,112.2007,0.00206600,-0.08150171,0.02525669,0.99635099,9.35279,2.90418,-0.00000,18.35000,283.9716,2.8000
174.2660,562.9060,252.1850,112.1361,0.00206997,-0.08149211,0.02530819,0.99635046,9.35170,2.91010,-0.00000,18.35000,284.0148,2.8000
174.5161,563.8078,253.5350,112.0883,0.00207397,-0.08148723,0.02535852,0.99634957,9.35115,2.91589,0.00000,18.35000,283.9823,2.8000
174.7661,564.7027,254.8851,112.0559,0.00207797,-0.08148651,0.02540772,0.99634837,9.35108,2.92155,-0.00000,18.35000,283.9490,2.8000
175.0161,565.5908,256.2352,112.0380,0.00208199,-0.08148946,0.02545582,0.99634689,9.35143,2.92708,0.00000,18.35000,283.9150,2.8000
175.2661,566.4721,257.5856,112.0340,0.00208600,-0.08149567,0.02550290,0.99634517,9.35215,2.93250,-0.00000,18.35000,283.8789,2.8000
175.5161,567.3450,258.9382,112.0506,0.00209007,-0.08150547,0.02554950,0.99634317,9.35329,2.93786,0.00000,18.35000,283.8255,2.8000
175.7661,568.2096,260.2929,112.0861,0.00209417,-0.08151824,0.02559557,0.99634093,9.35477,2.94316,0.00000,18.35000,283.7717,2.8000
176.0161,569.0663,261.6497,112.1392,0.00209828,-0.08153341,0.02564104,0.99633852,9.35653,2.94839,-0.00000,18.35000,283.7176,2.8000
176.2661,569.9152,263.0084,112.2079,0.00210240,-0.08155074,0.02568586,0.99633593,9.35853,2.95355,0.00000,18.35000,283.6620,2.8000
176.5162,570.7560,264.3702,112.2850,0.00210662,-0.08157380,0.02573000,0.99633290,9.36119,2.95863,0.00000,18.35000,283.5912,2.8000
176.7662,571.5883,265.7342,112.3703,0.00211091,-0.08160224,0.02577332,0.99632944,9.36448,2.96363,0.00000,18.35000,283.5237,2.8000
177.0162,572.4123,267.1007,112.4620,0.00211526,-0.08163575,0.02581578,0.99632559,9.36834,2.96852,-0.00000,18.35000,283.4595,2.8000
177.2662,573.2284,268.4694,112.5584,0.00211967,-0.08167411,0.02585727,0.99632136,9.37276,2.97330,-0.00000,18.35000,283.3986,2.8000
177.5162,574.0359,269.8404,112.6578,0.00212409,-0.08171722,0.02589742,0.99631677,9.37773,2.97793,0.00000,18.35000,283.3386,2.8000
177.7662,574.8350,271.2136,112.7576,0.00212852,-0.08176496,0.02593615,0.99631184,9.38323,2.98239,-0.00000,18.35000,283.2840,2.8000
178.0162,575.6257,272.5890,112.8586,0.00213295,-0.08181718,0.02597340,0.99630657,9.38925,2.98669,-0.00000,18.35000,283.2346,2.8000
178.2662,576.4081,273.9664,112.9617,0.00213736,-0.08187345,0.02600909,0.99630101,9.39573,2.99081,-0.00000,18.35000,283.1902,2.8000
178.5162,577.1807,275.3446,113.0646,0.00214164,-0.08193009,0.02604296,0.99629546,9.40225,2.99472,-0.00000,18.35000,283.1503,2.8000
178.7662,577.9440,276.7237,113.1681,0.00214577,-0.08198704,0.02607499,0.99628993,9.40881,2.99842,-0.00000,18.35000,283.1144,2.8000
179.0162,578.6981,278.1035,113.2685,0.00214977,-0.08204436,0.02610514,0.99628441,9.41541,3.00190,0.00000,18.35000,283.0828,2.8000
179.2662,579.4431,279.4840,113.3660,0.00215362,-0.08210187,0.02613342,0.99627892,9.42203,3.00516,0.00000,18.35000,283.0544,2.8000
179.5162,580.1779,280.8620,113.4560,0.00215726,-0.08215651,0.02616004,0.99627371,9.42832,3.00824,0.00000,18.35000,283.0165,2.8000
179.7662,580.9027,282.2377,113.5398,0.00216070,-0.08220848,0.02618512,0.99626876,9.43431,3.01114,-0.00000,18.35000,282.9846,2.8000
180.0162,581.6178,283.6112,113.6183,0.00216396,-0.08225795,0.02620872,0.99626405,9.44000,3.01387,-0.00000,18.35000,282.9579,2.8000
180.2662,582.3234,284.9828,113.6921,0.00216704,-0.08230496,0.02623093,0.99625957,9.44541,3.01643,-0.00000,18.35000,282.9351,2.8000
180.5162,583.0200,286.3516,113.7531,0.00216992,-0.08234831,0.02625188,0.99625543,9.45041,3.01885,-0.00000,18.35000,282.9020,2.8000
180.7662,583.7078,287.7178,113.8032,0.00217263,-0.08238836,0.02627169,0.99625159,9.45502,3.02114,-0.00000,18.35000,282.8741,2.8000
181.0162,584.3872,289.0814,113.8444,0.00217516,-0.08242539,0.02629044,0.99624803,9.45928,3.02331,-0.00000,18.35000,282.8506,2.8000
181.2662,585.0588,290.4425,113.8773,0.00217754,-0.08245933,0.02630823,0.99624475,9.46319,3.02536,-0.00000,18.35000,282.8277,2.8000
181.5162,585.7317,291.7987,113.8906,0.00217963,-0.08248556,0.02632514,0.99624212,9.46621,3.02731,-0.00000,18.35000,282.7543,2.8000
181.7662,586.4067,293.1497,113.8875,0.00218149,-0.08250474,0.02634140,0.99624010,9.46842,3.02919,-0.00000,18.35000,282.6761,2.8000
182.0162,587.0839,294.4954,113.8713,0.00218314,-0.08251737,0.02635719,0.99623863,9.46988,3.03101,-0.00000,18.35000,282.5928,2.8000
182.2662,587.7628,295.8360,113.8446,0.00218460,-0.08252388,0.02637274,0.99623768,9.47063,3.03280,0.00000,18.35000,282.5026,2.8000
182.5162,588.4409,297.1711,113.8037,0.00218593,-0.08252447,0.02638859,0.99623721,9.47070,3.03462,0.00000,18.35000,282.3877,2.8000
182.7662,589.1185,298.5010,113.7512,0.00218715,-0.08251958,0.02640491,0.99623718,9.47014,3.03650,-0.00000,18.35000,282.2702,2.8000
183.0162,589.7956,299.8256,113.6893,0.00218829,-0.08250960,0.02642188,0.99623755,9.46900,3.03845,-0.00000,18.35000,282.1497,2.8000
183.2663,590.4721,301.1453,113.6202,0.00218937,-0.08249497,0.02643962,0.99623829,9.46732,3.04048,-0.00000,18.35000,282.0260,2.8000
183.5163,591.1470,302.4615,113.5458,0.00219042,-0.08247786,0.02645778,0.99623922,9.46536,3.04257,-0.00000,18.35000,281.9036,2.8000
183.7663,591.8203,303.7742,113.4673,0.00219145,-0.08245845,0.02647648,0.99624033,9.46313,3.04471,0.00000,18.35000,281.7784,2.8000
184.0163,592.4919,305.0834,113.3860,0.00219247,-0.08243687,0.02649582,0.99624160,9.46065,3.04693,-0.00000,18.35000,281.6501,2.8000
184.2663,593.1620,306.3895,113.3028,0.00219349,-0.08241331,0.02651572,0.99624302,9.45795,3.04922,-0.00000,18.35000,281.5254,2.8000
184.5163,593.8268,307.6972,113.2204,0.00219430,-0.08238902,0.02653335,0.99624456,9.45516,3.05124,-0.00000,18.35000,281.4956,2.8000
184.7663,594.4837,309.0077,113.1394,0.00219489,-0.08236393,0.02654865,0.99624622,9.45228,3.05299,0.00000,18.35000,281.4680,2.8000
185.0163,595.1326,310.3206,113.0603,0.00219526,-0.08233800,0.02656155,0.99624802,9.44930,3.05447,-0.00000,18.35000,281.4422,2.8000
185.2663,595.7744,311.6355,112.9835,0.00219540,-0.08231128,0.02657189,0.99624995,9.44623,3.05565,0.00000,18.35000,281.4207,2.8000
185.5163,596.4095,312.9536,112.9101,0.00219520,-0.08228540,0.02657784,0.99625193,9.44325,3.05633,0.00000,18.35000,281.4460,2.8000
185.7663,597.0311,314.2778,112.8403,0.00219463,-0.08226018,0.02657923,0.99625398,9.44035,3.05648,-0.00000,18.35000,281.4785,2.8000
186.0163,597.6398,315.6075,112.7741,0.00219370,-0.08223547,0.02657594,0.99625611,9.43751,3.05610,0.00000,18.35000,281.5173,2.8000
186.2663,598.2362,316.9417,112.7115,0.00219238,-0.08221119,0.02656787,0.99625833,9.43471,3.05516,-0.00000,18.35000,281.5614,2.8000
186.5163,598.8212,318.2735,112.6534,0.00219074,-0.08218859,0.02655531,0.99626053,9.43211,3.05371,-0.00000,18.35000,281.6005,2.8000
186.7663,599.3952,319.6031,112.5998,0.00218878,-0.08216748,0.02653843,0.99626273,9.42968,3.05177,-0.00000,18.35000,281.6445,2.8000
187.0163,599.9586,320.9304,112.5504,0.00218651,-0.08214768,0.02651737,0.99626493,9.42740,3.04934,-0.00000,18.35000,281.6930,2.8000
187.2663,600.5122,322.2553,112.5052,0.00218394,-0.08212921,0.02649230,0.99626712,9.42527,3.04645,0.00000,18.35000,281.7428,2.8000
187.5163,601.0614,323.5772,112.4667,0.00218122,-0.08211492,0.02646388,0.99626906,9.42361,3.04318,0.00000,18.35000,281.7555,2.8000
187.7663,601.6060,324.8960,112.4347,0.00217833,-0.08210452,0.02643230,0.99627076,9.42241,3.03954,-0.00000,18.35000,281.7656,2.8000
188.0163,602.1471,326.2148,112.4088,0.00217529,-0.08209778,0.02639761,0.99627225,9.42163,3.03555,0.00000,18.35000,281.7716,2.8000
188.2663,602.6853,327.5337,112.3887,0.00217210,-0.08209469,0.02635993,0.99627351,9.42126,3.03122,-0.00000,18.35000,281.7704,2.8000
188.5163,603.2292,328.8567,112.3775,0.00216893,-0.08209810,0.02632034,0.99627428,9.42164,3.02666,-0.00000,18.35000,281.7168,2.8000
188.7663,603.7776,330.1833,112.3747,0.00216576,-0.08210769,0.02627875,0.99627459,9.42274,3.02188,-0.00000,18.35000,281.6500,2.8000
189.0163,604.3295,331.5134,112.3797,0.00216257,-0.08212316,0.02623509,0.99627447,9.42450,3.01686,-0.00000,18.35000,281.5711,2.8000
189.2663,604.8839,332.8462,112.3924,0.00215936,-0.08214416,0.02618953,0.99627395,9.42691,3.01163,0.00000,18.35000,281.4795,2.8000
189.5163,605.4388,334.1767,112.4171,0.00215637,-0.08216940,0.02614517,0.99627304,9.42980,3.00653,-0.00000,18.35000,281.3570,2.8000
189.7663,605.9939,335.5051,112.4529,0.00215357,-0.08219849,0.02610198,0.99627178,9.43314,3.00157,-0.00000,18.35000,281.2269,2.8000
190.0163,606.5485,336.8318,112.4991,0.00215096,-0.08223110,0.02605996,0.99627019,9.43688,2.99675,-0.00000,18.35000,281.0897,2.8000
190.2663,607.1025,338.1568,112.5546,0.00214854,-0.08226693,0.02601924,0.99626830,9.44099,2.99207,-0.00000,18.35000,280.9457,2.8000
190.5163,607.6615,339.4801,112.6136,0.00214652,-0.08230607,0.02598238,0.99626604,9.44548,2.98784,0.00000,18.35000,280.7916,2.8000
190.7664,608.2244,340.8018,112.6765,0.00214490,-0.08234838,0.02594929,0.99626341,9.45034,2.98405,-0.00000,18.35000,280.6263,2.8000
191.0164,608.7904,342.1222,112.7432,0.00214365,-0.08239373,0.02591989,0.99626043,9.45555,2.98068,0.00000,18.35000,280.4507,2.8000
191.2664,609.3589,343.4413,112.8135,0.00214278,-0.08244197,0.02589412,0.99625711,9.46109,2.97773,0.00000,18.35000,280.2654,2.8000
191.5164,609.9320,344.7587,112.8834,0.00214230,-0.08249235,0.02587236,0.99625350,9.46688,2.97523,0.00000,18.35000,280.0713,2.8000
191.7664,610.5006,346.0781,112.9535,0.00214218,-0.08254483,0.02585438,0.99624962,9.47291,2.97318,-0.00000,18.35000,279.8747,2.8000
192.0164,611.0545,347.4034,113.0244,0.00214239,-0.08259932,0.02583981,0.99624549,9.47918,2.97152,-0.00000,18.35000,279.6853,2.8000
192.2664,611.5943,348.7339,113.0963,0.00214291,-0.08265557,0.02582838,0.99624112,9.48564,2.97022,-0.00000,18.35000,279.4991,2.8000
192.5164,612.1178,350.0692,113.1659,0.00214375,-0.08271167,0.02582086,0.99623665,9.49209,2.96937,0.00000,18.35000,279.2731,2.8000
192.7664,612.6260,351.4086,113.2340,0.00214488,-0.08276760,0.02581690,0.99623211,9.49853,2.96892,-0.00000,18.35000,279.0559,2.8000
193.0164,613.1199,352.7514,113.3015,0.00214628,-0.08282332,0.02581615,0.99622749,9.50493,2.96885,-0.00000,18.35000,278.8464,2.8000
193.2664,613.6002,354.0967,113.3688,0.00214790,-0.08287860,0.02581836,0.99622283,9.51129,2.96912,-0.00000,18.35000,278.6409,2.8000
193.5164,614.0628,355.4435,113.4329,0.00214973,-0.08293086,0.02582393,0.99621834,9.51731,2.96977,0.00000,18.35000,278.4019,2.8000
193.7664,614.5091,356.7912,113.4947,0.00215174,-0.08298012,0.02583256,0.99621401,9.52298,2.97078,0.00000,18.35000,278.1732,2.8000
194.0164,614.9405,358.1391,113.5546,0.00215390,-0.08302642,0.02584399,0.99620985,9.52830,2.97210,-0.00000,18.35000,277.9539,2.8000
194.2664,615.3566,359.4842,113.6072,0.00215619,-0.08306979,0.02585786,0.99620587,9.53330,2.97371,-0.00000,18.35000,277.7494,2.8000
194.5164,615.7541,360.8302,113.6470,0.00215830,-0.08310843,0.02587108,0.99620230,9.53774,2.97524,-0.00000,18.35000,277.6199,2.8000
194.7664,616.1343,362.1765,113.6764,0.00216024,-0.08314266,0.02588357,0.99619911,9.54168,2.97669,-0.00000,18.35000,277.5021,2.8000
195.0164,616.4985,363.5226,113.6976,0.00216201,-0.08317274,0.02589528,0.99619629,9.54515,2.97804,-0.00000,18.35000,277.3943,2.8000
195.2664,616.8477,364.8682,113.7122,0.00216359,-0.08319882,0.02590610,0.99619383,9.54815,2.97929,0.00000,18.35000,277.2959,2.8000
195.5164,617.1824,366.2141,113.7126,0.00216489,-0.08322018,0.02591492,0.99619181,9.55061,2.98031,-0.00000,18.35000,277.2151,2.8000
195.7664,617.5037,367.5597,113.7021,0.00216590,-0.08323719,0.02592171,0.99619021,9.55257,2.98110,-0.00000,18.35000,277.1426,2.8000
196.0164,617.8127,368.9048,113.6836,0.00216664,-0.08325013,0.02592643,0.99618901,9.55406,2.98164,0.00000,18.35000,277.0770,2.8000
196.2664,618.1219,370.2446,113.6593,0.00216712,-0.08325923,0.02592935,0.99618817,9.55511,2.98198,-0.00000,18.35000,277.0040,2.8000
196.5164,618.4365,371.5790,113.6240,0.00216748,-0.08326456,0.02593201,0.99618766,9.55572,2.98229,-0.00000,18.35000,276.8961,2.8000
196.7664,618.7556,372.9083,113.5800,0.00216774,-0.08326649,0.02593452,0.99618743,9.55594,2.98258,-0.00000,18.35000,276.7779,2.8000
197.0165,619.0643,374.2382,113.5292,0.00216789,-0.08326524,0.02593672,0.99618748,9.55580,2.98283,-0.00000,18.35000,276.6630,2.8000
197.2665,619.3607,375.5695,113.4730,0.00216793,-0.08326089,0.02593851,0.99618779,9.55530,2.98303,-0.00000,18.35000,276.5569,2.8000
197.5165,619.6527,376.9020,113.4054,0.00216784,-0.08325204,0.02594029,0.99618849,9.55428,2.98324,-0.00000,18.35000,276.5010,2.8000
197.7665,619.9401,378.2354,113.3280,0.00216764,-0.08323906,0.02594195,0.99618953,9.55279,2.98342,0.00000,18.35000,276.4434,2.8000
198.0165,620.2226,379.5694,113.2423,0.00216732,-0.08322228,0.02594336,0.99619089,9.55086,2.98358,-0.00000,18.35000,276.3841,2.8000
198.2665,620.5007,380.9038,113.1496,0.00216687,-0.08320198,0.02594439,0.99619256,9.54852,2.98370,-0.00000,18.35000,276.3300,2.8000
198.5165,620.7863,382.2370,113.0472,0.00216628,-0.08317851,0.02594465,0.99619452,9.54582,2.98372,-0.00000,18.35000,276.3706,2.8000
198.7665,621.0780,383.5688,112.9364,0.00216555,-0.08315221,0.02594416,0.99619673,9.54280,2.98366,-0.00000,18.35000,276.3992,2.8000
199.0165,621.3746,384.8985,112.8183,0.00216470,-0.08312341,0.02594298,0.99619916,9.53948,2.98351,-0.00000,18.35000,276.4168,2.8000
199.2665,621.6745,386.2240,112.6948,0.00216374,-0.08309273,0.02594121,0.99620177,9.53596,2.98330,0.00000,18.35000,276.4301,2.8000
199.5165,621.9818,387.5446,112.5757,0.00216283,-0.08306567,0.02593872,0.99620409,9.53284,2.98301,0.00000,18.35000,276.5021,2.8000
199.7665,622.2951,388.8604,112.4612,0.00216195,-0.08304211,0.02593566,0.99620614,9.53013,2.98265,-0.00000,18.35000,276.5599,2.8000
200.0165,622.6134,390.1717,112.3511,0.00216113,-0.08302188,0.02593216,0.99620792,9.52780,2.98224,-0.00000,18.35000,276.6047,2.8000
200.2665,622.9364,391.4796,112.2457,0.00216039,-0.08300494,0.02592858,0.99620943,9.52585,2.98183,-0.00000,18.35000,276.6395,2.8000
200.5165,623.2688,392.7878,112.1511,0.00215978,-0.08299242,0.02592518,0.99621056,9.52441,2.98143,-0.00000,18.35000,276.6443,2.8000
200.7665,623.5965,394.1021,112.0670,0.00215930,-0.08298391,0.02592211,0.99621135,9.52343,2.98108,-0.00000,18.35000,276.6520,2.8000
201.0165,623.9197,395.4230,111.9927,0.00215895,-0.08297903,0.02591946,0.99621183,9.52287,2.98077,-0.00000,18.35000,276.6625,2.8000
201.2665,624.2386,396.7504,111.9283,0.00215873,-0.08297747,0.02591730,0.99621201,9.52269,2.98052,0.00000,18.35000,276.6710,2.8000
201.5165,624.5496,398.0789,111.8799,0.00215862,-0.08297966,0.02591526,0.99621188,9.52294,2.98029,-0.00000,18.35000,276.6176,2.8000
201.7665,624.8533,399.4093,111.8466,0.00215862,-0.08298506,0.02591361,0.99621148,9.52356,2.98010,-0.00000,18.35000,276.5688,2.8000
202.0165,625.1504,400.7424,111.8275,0.00215875,-0.08299316,0.02591258,0.99621083,9.52449,2.97998,-0.00000,18.35000,276.5242,2.8000
202.2665,625.4410,402.0787,111.8218,0.00215899,-0.08300380,0.02591219,0.99620995,9.52572,2.97994,-0.00000,18.35000,276.4829,2.8000
202.5165,625.7229,403.4170,111.8330,0.00215927,-0.08302114,0.02591012,0.99620856,9.52771,2.97971,-0.00000,18.35000,276.4373,2.8000
202.7665,625.9965,404.7580,111.8597,0.00215960,-0.08304456,0.02590663,0.99620670,9.53041,2.97931,0.00000,18.35000,276.3968,2.8000
203.0165,626.2625,406.1022,111.9009,0.00215996,-0.08307348,0.02590197,0.99620441,9.53373,2.97878,-0.00000,18.35000,276.3610,2.8000
203.2665,626.5214,407.4502,111.9552,0.00216038,-0.08310756,0.02589621,0.99620171,9.53765,2.97813,-0.00000,18.35000,276.3300,2.8000
203.5165,626.7711,408.8027,112.0207,0.00216074,-0.08314909,0.02588756,0.99619847,9.54243,2.97715,-0.00000,18.35000,276.3132,2.8000
203.7665,627.0123,410.1601,112.0973,0.00216106,-0.08319756,0.02587623,0.99619472,9.54800,2.97586,-0.00000,18.35000,276.3029,2.8000
204.0165,627.2454,411.5228,112.1846,0.00216134,-0.08325244,0.02586242,0.99619049,9.55431,2.97428,-0.00000,18.35000,276.2984,2.8000
204.2665,627.4710,412.8910,112.2817,0.00216158,-0.08331294,0.02584639,0.99618585,9.56126,2.97245,0.00000,18.35000,276.2978,2.8000
204.5165,627.6869,414.2622,112.3819,0.00216180,-0.08337404,0.02582988,0.99618117,9.56829,2.97057,0.00000,18.35000,276.2828,2.8000
204.7665,627.8939,415.6370,112.4856,0.00216200,-0.08343555,0.02581308,0.99617645,9.57536,2.96865,-0.00000,18.35000,276.2770,2.8000
205.0166,628.0925,417.0161,112.5935,0.00216219,-0.08349730,0.02579614,0.99617171,9.58246,2.96672,-0.00000,18.35000,276.2800,2.8000
205.2666,628.2833,418.3999,112.7019,0.00216238,-0.08355912,0.02577925,0.99616697,9.58956,2.96479,0.00000,18.35000,276.2911,2.8000
205.5166,628.4663,419.7877,112.8061,0.00216261,-0.08361991,0.02576315,0.99616228,9.59655,2.96295,0.00000,18.35000,276.3031,2.8000
205.7666,628.6420,421.1802,112.9065,0.00216289,-0.08367976,0.02574796,0.99615765,9.60343,2.96122,-0.00000,18.35000,276.3241,2.8000
206.0166,628.8106,422.5776,113.0034,0.00216324,-0.08373873,0.02573379,0.99615306,9.61021,2.95961,-0.00000,18.35000,276.3536,2.8000
206.2666,628.9727,423.9804,113.0971,0.00216365,-0.08379678,0.02572076,0.99614851,9.61689,2.95812,-0.00000,18.35000,276.3900,2.8000
206.5166,629.1280,425.3876,113.1855,0.00216416,-0.08385261,0.02570957,0.99614410,9.62331,2.95685,-0.00000,18.35000,276.4150,2.8000
206.7666,629.2771,426.7996,113.2691,0.00216478,-0.08390635,0.02570030,0.99613982,9.62949,2.95579,0.00000,18.35000,276.4477,2.8000
207.0166,629.4200,428.2167,113.3482,0.00216551,-0.08395815,0.02569301,0.99613564,9.63544,2.95497,-0.00000,18.35000,276.4879,2.8000
207.2666,629.5573,429.6394,113.4229,0.00216636,-0.08400782,0.02568778,0.99613158,9.64116,2.95438,0.00000,18.35000,276.5322,2.8000
207.5166,629.6901,431.0676,113.4873,0.00216730,-0.08405161,0.02568548,0.99612795,9.64620,2.95413,-0.00000,18.35000,276.5420,2.8000
207.7666,629.8205,432.5010,113.5422,0.00216835,-0.08408988,0.02568614,0.99612470,9.65060,2.95421,0.00000,18.35000,276.5569,2.8000
208.0166,629.9590,433.9365,113.5886,0.00216953,-0.08412301,0.02568992,0.99612180,9.65441,2.95465,0.00000,18.35000,276.5663,2.8000
208.2666,630.1047,435.3746,113.6269,0.00217086,-0.08415115,0.02569700,0.99611924,9.65765,2.95548,-0.00000,18.35000,276.5690,2.8000
208.5166,630.2543,436.8163,113.6513,0.00217232,-0.08417209,0.02570787,0.99611718,9.66006,2.95673,0.00000,18.35000,276.5392,2.8000
208.7666,630.4079,438.2619,113.6638,0.00217394,-0.08418633,0.02572261,0.99611560,9.66170,2.95843,-0.00000,18.35000,276.5086,2.8000
209.0166,630.5653,439.7114,113.6668,0.00217572,-0.08419426,0.02574128,0.99611444,9.66262,2.96058,0.00000,18.35000,276.4767,2.8000
209.2668,630.7263,441.1665,113.6618,0.00217769,-0.08419634,0.02576393,0.99611368,9.66286,2.96319,-0.00000,18.35000,276.4433,2.8000
209.5168,630.8887,442.6232,113.6462,0.00217987,-0.08419451,0.02579019,0.99611315,9.66266,2.96621,0.00000,18.35000,276.4061,2.8000
209.7669,631.0529,444.0833,113.6222,0.00218226,-0.08418908,0.02582017,0.99611282,9.66204,2.96966,0.00000,18.35000,276.3691,2.8000
210.0169,631.2193,445.5469,113.5921,0.00218489,-0.08418031,0.02585395,0.99611268,9.66104,2.97354,-0.00000,18.35000,276.3314,2.8000
210.2669,631.3879,447.0140,113.5573,0.00218776,-0.08416837,0.02589156,0.99611271,9.65968,2.97786,0.00000,18.35000,276.2922,2.8000
210.5169,631.5575,448.4845,113.5140,0.00219082,-0.08415321,0.02593249,0.99611292,9.65794,2.98257,-0.00000,18.35000,276.2491,2.8000
210.7669,631.7287,449.9585,113.4643,0.00219409,-0.08413506,0.02597683,0.99611329,9.65587,2.98766,-0.00000,18.35000,276.2059,2.8000
211.0169,631.9018,451.4362,113.4100,0.00219758,-0.08411413,0.02602464,0.99611380,9.65347,2.99316,0.00000,18.35000,276.1619,2.8000
211.2669,632.0774,452.9177,113.3531,0.00220129,-0.08409071,0.02607581,0.99611443,9.65079,2.99904,-0.00000,18.35000,276.1241,2.8000
211.5169,632.2568,454.4038,113.2949,0.00220506,-0.08406701,0.02612793,0.99611506,9.64808,3.00503,0.00000,18.35000,276.1891,2.8000
211.7669,632.4401,455.8944,113.2365,0.00220892,-0.08404308,0.02618107,0.99611567,9.64534,3.01114,0.00000,18.35000,276.2503,2.8000
212.0169,632.6275,457.3898,113.1787,0.00221286,-0.08401889,0.02623532,0.99611628,9.64257,3.01737,0.00000,18.35000,276.3073,2.8000
212.2669,632.8192,458.8900,113.1222,0.00221688,-0.08399451,0.02629062,0.99611687,9.63978,3.02373,0.00000,18.35000,276.3672,2.8000
212.5169,633.0172,460.3971,113.0628,0.00222085,-0.08397088,0.02634519,0.99611741,9.63707,3.03000,-0.00000,18.35000,276.5229,2.8000
212.7669,633.2148,461.9129,113.0015,0.00222478,-0.08394802,0.02639900,0.99611790,9.63446,3.03618,-0.00000,18.35000,276.6790,2.8000
213.0169,633.4002,463.4405,112.9392,0.00222865,-0.08392587,0.02645185,0.99611836,9.63192,3.04226,-0.00000,18.35000,276.8468,2.8000
213.2669,633.5746,464.9797,112.8765,0.00223243,-0.08390437,0.02650358,0.99611878,9.62946,3.04820,-0.00000,18.35000,277.0271,2.8000
213.5169,633.7400,466.5313,112.8152,0.00223611,-0.08388368,0.02655384,0.99611918,9.62710,3.05398,-0.00000,18.35000,277.2454,2.8000
213.7669,633.8973,468.0947,112.7558,0.00223967,-0.08386365,0.02660246,0.99611956,9.62481,3.05957,0.00000,18.35000,277.4709,2.8000
214.0169,634.0471,469.6695,112.6986,0.00224309,-0.08384415,0.02664931,0.99611994,9.62257,3.06495,-0.00000,18.35000,277.7028,2.8000
214.2669,634.1904,471.2551,112.6442,0.00224637,-0.08382509,0.02669435,0.99612033,9.62039,3.07013,0.00000,18.35000,277.9360,2.8000
214.5169,634.3318,472.8518,112.5950,0.00224963,-0.08380729,0.02673880,0.99612063,9.61836,3.07524,-0.00000,18.35000,278.1118,2.8000
214.7669,634.4714,474.4592,112.5507,0.00225286,-0.08379055,0.02678251,0.99612086,9.61644,3.08026,-0.00000,18.35000,278.2881,2.8000
215.0169,634.6094,476.0769,112.5112,0.00225604,-0.08377469,0.02682537,0.99612103,9.61463,3.08519,-0.00000,18.35000,278.4649,2.8000
215.2669,634.7464,477.7044,112.4769,0.00225917,-0.08375978,0.02686742,0.99612115,9.61293,3.09002,-0.00000,18.35000,278.6356,2.8000
215.5169,634.8877,479.3425,112.4575,0.00226252,-0.08374902,0.02691071,0.99612087,9.61170,3.09500,0.00000,18.35000,278.7189,2.8000
215.7669,635.0326,480.9908,112.4518,0.00226606,-0.08374195,0.02695509,0.99612026,9.61090,3.10010,-0.00000,18.35000,278.7957,2.8000
216.0169,635.1810,482.6491,112.4589,0.00226977,-0.08373815,0.02700040,0.99611934,9.61047,3.10531,0.00000,18.35000,278.8665,2.8000
216.2669,635.3328,484.3173,112.4778,0.00227364,-0.08373732,0.02704660,0.99611815,9.61039,3.11063,-0.00000,18.35000,278.9317,2.8000
216.5169,635.4938,485.9997,112.5085,0.00227779,-0.08374027,0.02709503,0.99611658,9.61074,3.11620,-0.00000,18.35000,278.9901,2.8000
216.7669,635.6630,487.6959,112.5504,0.00228220,-0.08374667,0.02714537,0.99611466,9.61149,3.12199,-0.00000,18.35000,279.0377,2.8000
217.0170,635.8397,489.4052,112.6025,0.00228683,-0.08375619,0.02719732,0.99611243,9.61260,3.12797,-0.00000,18.35000,279.0753,2.8000
217.2670,636.0243,491.1267,112.6640,0.00229168,-0.08376878,0.02725078,0.99610990,9.61406,3.13412,-0.00000,18.35000,279.1021,2.8000
217.5170,636.2285,492.8538,112.7329,0.00229700,-0.08378772,0.02730775,0.99610674,9.61626,3.14068,-0.00000,18.35000,279.0995,2.8000
217.7670,636.4507,494.5866,112.8096,0.00230277,-0.08381273,0.02736816,0.99610296,9.61915,3.14764,-0.00000,18.35000,279.0783,2.8000
218.0170,636.6894,496.3252,112.8944,0.00230900,-0.08384353,0.02743193,0.99609860,9.62271,3.15498,-0.00000,18.35000,279.0399,2.8000
218.2670,636.9438,498.0692,112.9868,0.00231566,-0.08387978,0.02749903,0.99609368,9.62690,3.16271,-0.00000,18.35000,278.9828,2.8000
218.5170,637.2173,499.8160,113.0776,0.00232278,-0.08392064,0.02756997,0.99608826,9.63162,3.17088,0.00000,18.35000,278.8748,2.8000
218.7670,637.4776,501.5735,113.1688,0.00233032,-0.08396590,0.02764441,0.99608237,9.63684,3.17946,0.00000,18.35000,278.7794,2.8000
219.0170,637.7264,503.3411,113.2621,0.00233825,-0.08401536,0.02772205,0.99607602,9.64255,3.18840,0.00000,18.35000,278.6947,2.8000
219.2670,637.9650,505.1184,113.3587,0.00234654,-0.08406830,0.02780260,0.99606929,9.64867,3.19769,-0.00000,18.35000,278.6158,2.8000
219.5170,638.1905,506.9075,113.4511,0.00235496,-0.08411874,0.02788548,0.99606269,9.65449,3.20723,-0.00000,18.35000,278.4989,2.8000
219.7670,638.4049,508.7077,113.5400,0.00236350,-0.08416672,0.02797043,0.99605624,9.66004,3.21702,-0.00000,18.35000,278.3916,2.8000
220.0170,638.6094,510.5184,113.6265,0.00237213,-0.08421231,0.02805721,0.99604992,9.66530,3.22702,0.00000,18.35000,278.2926,2.8000
220.2670,638.8054,512.3385,113.7115,0.00238083,-0.08425543,0.02814551,0.99604377,9.67029,3.23719,-0.00000,18.35000,278.1987,2.8000
220.5170,638.9926,514.1657,113.7913,0.00238944,-0.08429487,0.02823387,0.99603791,9.67485,3.24736,-0.00000,18.35000,278.0901,2.8000
220.7670,639.1723,515.9994,113.8631,0.00239795,-0.08433089,0.02832217,0.99603233,9.67902,3.25753,-0.00000,18.35000,277.9900,2.8000
221.0295,639.3547,517.9346,113.9306,0.00240676,-0.08436524,0.02841457,0.99602677,9.68300,3.26817,0.00000,18.35000,277.8961,2.8000
221.2795,639.5222,519.7804,113.9879,0.00241505,-0.08439479,0.02850226,0.99602174,9.68642,3.27827,-0.00000,18.35000,277.8056,2.8000
221.5295,639.6855,521.6293,114.0374,0.00242314,-0.08442034,0.02858891,0.99601707,9.68938,3.28825,0.00000,18.35000,277.7267,2.8000
221.7795,639.8451,523.4814,114.0797,0.00243103,-0.08444214,0.02867454,0.99601274,9.69192,3.29810,0.00000,18.35000,277.6531,2.8000
222.0295,640.0019,525.3368,114.1155,0.00243875,-0.08446043,0.02875918,0.99600873,9.69404,3.30785,0.00000,18.35000,277.5840,2.8000
222.2795,640.1560,527.1956,114.1444,0.00244628,-0.08447486,0.02884293,0.99600507,9.69573,3.31749,0.00000,18.35000,277.5051,2.8000
222.5295,640.3049,529.0582,114.1595,0.00245355,-0.08448149,0.02892638,0.99600207,9.69652,3.32709,-0.00000,18.35000,277.3275,2.8000
222.7795,640.4496,530.9246,114.1623,0.00246058,-0.08448077,0.02900946,0.99599970,9.69646,3.33665,0.00000,18.35000,277.1565,2.8000
223.0650,640.6120,533.0706,114.1533,0.00246830,-0.08447203,0.02910333,0.99599768,9.69548,3.34744,0.00000,18.35000,276.9943,2.8000
223.3150,640.7494,534.9455,114.1326,0.00247480,-0.08445664,0.02918534,0.99599657,9.69373,3.35688,0.00000,18.35000,276.8063,2.8000
223.5650,640.8840,536.8254,114.0964,0.00248115,-0.08443431,0.02926788,0.99599603,9.69118,3.36637,-0.00000,18.35000,276.6516,2.8000
223.8150,641.0156,538.7109,114.0468,0.00248733,-0.08440553,0.02935080,0.99599601,9.68790,3.37590,-0.00000,18.35000,276.5017,2.8000
224.0650,641.1410,540.6027,113.9856,0.00249334,-0.08437069,0.02943393,0.99599649,9.68391,3.38545,-0.00000,18.35000,276.3594,2.8000
224.3150,641.2627,542.5000,113.9140,0.00249924,-0.08433119,0.02951742,0.99599735,9.67939,3.39505,0.00000,18.35000,276.2616,2.8000
224.5650,641.3860,544.4008,113.8320,0.00250519,-0.08429028,0.02960207,0.99599829,9.67471,3.40477,0.00000,18.35000,276.2757,2.8000
224.8150,641.5170,546.3036,113.7415,0.00251120,-0.08424826,0.02968793,0.99599927,9.66990,3.41464,-0.00000,18.35000,276.2832,2.8000
225.0650,641.6598,548.2076,113.6438,0.00251729,-0.08420542,0.02977507,0.99600028,9.66500,3.42465,-0.00000,18.35000,276.2796,2.8000
225.3150,641.8145,550.1126,113.5396,0.00252348,-0.08416222,0.02986360,0.99600126,9.66005,3.43483,0.00000,18.35000,276.2824,2.8000
225.5650,641.9804,552.0187,113.4278,0.00252980,-0.08411950,0.02995369,0.99600215,9.65516,3.44518,-0.00000,18.35000,276.3246,2.8000
225.8150,642.1562,553.9260,113.3102,0.00253628,-0.08407747,0.03004539,0.99600292,9.65035,3.45572,-0.00000,18.35000,276.3577,2.8000
226.0650,642.3408,555.8349,113.1883,0.00254291,-0.08403627,0.03013878,0.99600356,9.64564,3.46645,-0.00000,18.35000,276.3824,2.8000
226.3150,642.5337,557.7469,113.0638,0.00254978,-0.08399635,0.03023455,0.99600401,9.64108,3.47746,0.00000,18.35000,276.4267,2.8000
226.5650,642.7351,559.6658,112.9385,0.00255707,-0.08395873,0.03033452,0.99600412,9.63678,3.48895,0.00000,18.35000,276.5414,2.8000
226.8150,642.9438,561.5917,112.8136,0.00256475,-0.08392340,0.03043848,0.99600391,9.63274,3.50090,-0.00000,18.35000,276.6479,2.8000
227.0650,643.1591,563.5242,112.6903,0.00257282,-0.08389028,0.03054625,0.99600338,9.62897,3.51329,-0.00000,18.35000,276.7470,2.8000
227.3948,643.4512,566.1096,112.5346,0.00258384,-0.08385149,0.03069135,0.99600215,9.62455,3.52997,-0.00000,18.35000,276.8330,2.8000
227.6756,643.7048,568.3061,112.4095,0.00259374,-0.08382237,0.03081957,0.99600062,9.62123,3.54471,-0.00000,18.35000,276.9818,2.8000
227.9351,643.9418,570.3362,112.3016,0.00260328,-0.08379857,0.03094163,0.99599881,9.61853,3.55875,-0.00000,18.35000,277.1012,2.8000
228.1948,644.1811,572.3743,112.2014,0.00261316,-0.08377764,0.03106678,0.99599665,9.61616,3.57314,-0.00000,18.35000,277.2040,2.8000
228.4448,644.4114,574.3376,112.1189,0.00262289,-0.08376274,0.03118788,0.99599410,9.61448,3.58707,-0.00000,18.35000,277.2790,2.8000
228.7223,644.6662,576.5277,112.0445,0.00263383,-0.08375272,0.03132159,0.99599071,9.61337,3.60245,0.00000,18.35000,277.3321,2.8000
229.0267,644.9445,578.9419,111.9824,0.00264594,-0.08374877,0.03146701,0.99598643,9.61296,3.61918,-0.00000,18.35000,277.3882,2.8000
229.2979,645.1898,581.0862,111.9459,0.00265687,-0.08375134,0.03159591,0.99598210,9.61330,3.63401,-0.00000,18.35000,277.4561,2.8000
229.5486,645.4111,583.0610,111.9410,0.00266690,-0.08376198,0.03171101,0.99597752,9.61456,3.64726,0.00000,18.35000,277.4611,2.8000
229.7987,645.6272,585.0282,111.9606,0.00267682,-0.08377934,0.03182213,0.99597249,9.61659,3.66005,0.00000,18.35000,277.4619,2.8000
230.0487,645.8390,586.9947,112.0027,0.00268664,-0.08380261,0.03192981,0.99596706,9.61930,3.67244,0.00000,18.35000,277.4625,2.8000
230.2987,646.0464,588.9605,112.0637,0.00269632,-0.08383078,0.03203393,0.99596132,9.62257,3.68443,-0.00000,18.35000,277.4568,2.8000
230.5487,646.2468,590.9245,112.1351,0.00270574,-0.08386212,0.03213360,0.99595545,9.62621,3.69591,-0.00000,18.35000,277.4272,2.8000
230.7987,646.4409,592.8868,112.2162,0.00271489,-0.08389624,0.03222904,0.99594947,9.63016,3.70690,-0.00000,18.35000,277.4021,2.8000
231.0487,646.6291,594.8479,112.3064,0.00272379,-0.08393278,0.03232045,0.99594340,9.63440,3.71743,-0.00000,18.35000,277.3812,2.8000
231.2987,646.8115,596.8080,112.4053,0.00273245,-0.08397142,0.03240799,0.99593728,9.63887,3.72752,-0.00000,18.35000,277.3637,2.8000
231.5487,646.9875,598.7680,112.5135,0.00274085,-0.08401186,0.03249185,0.99593111,9.64355,3.73718,-0.00000,18.35000,277.3484,2.8000
231.7987,647.1573,600.7279,112.6207,0.00274902,-0.08405406,0.03257214,0.99592490,9.64843,3.74643,-0.00000,18.35000,277.3395,2.8000
232.0487,647.3213,602.6880,112.7260,0.00275697,-0.08409800,0.03264898,0.99591866,9.65351,3.75528,-0.00000,18.35000,277.3367,2.8000
232.2987,647.4802,604.6481,112.8291,0.00276469,-0.08414348,0.03272260,0.99591238,9.65877,3.76377,0.00000,18.35000,277.3392,2.8000
232.5487,647.6367,606.6073,112.9278,0.00277223,-0.08418979,0.03279355,0.99590611,9.66412,3.77195,-0.00000,18.35000,277.3445,2.8000
232.7987,647.7911,608.5657,113.0225,0.00277959,-0.08423700,0.03286195,0.99589984,9.66957,3.77983,0.00000,18.35000,277.3522,2.8000
233.0487,647.9434,610.5236,113.1138,0.00278678,-0.08428517,0.03292792,0.99589357,9.67514,3.78744,0.00000,18.35000,277.3620,2.8000
233.2987,648.0939,612.4810,113.2011,0.00279380,-0.08433395,0.03299161,0.99588731,9.68077,3.79479,-0.00000,18.35000,277.3674,2.8000
233.5487,648.2419,614.4379,113.2813,0.00280064,-0.08438171,0.03305338,0.99588120,9.68629,3.80191,-0.00000,18.35000,277.3498,2.8000
233.7987,648.3861,616.3946,113.3551,0.00280729,-0.08442861,0.03311330,0.99587521,9.69170,3.80882,0.00000,18.35000,277.3375,2.8000
234.0487,648.5268,618.3512,113.4236,0.00281377,-0.08447479,0.03317145,0.99586934,9.69704,3.81552,-0.00000,18.35000,277.3300,2.8000
234.3027,648.6665,620.3398,113.4874,0.00282019,-0.08452049,0.03322892,0.99586353,9.70231,3.82215,-0.00000,18.35000,277.3208,2.8000
234.5527,648.7992,622.2964,113.5413,0.00282632,-0.08456213,0.03328457,0.99585812,9.70712,3.82857,-0.00000,18.35000,277.2920,2.8000
234.8027,648.9277,624.2532,113.5872,0.00283228,-0.08460069,0.03333937,0.99585299,9.71158,3.83489,-0.00000,18.35000,277.2710,2.8000
235.0527,649.0521,626.2101,113.6264,0.00283808,-0.08463640,0.03339339,0.99584813,9.71570,3.84112,-0.00000,18.35000,277.2566,2.8000
235.3027,649.1756,628.1663,113.6590,0.00284374,-0.08466892,0.03344703,0.99584355,9.71946,3.84730,-0.00000,18.35000,277.2472,2.8000
235.5527,649.3067,630.1191,113.6832,0.00284933,-0.08469653,0.03350168,0.99583935,9.72266,3.85360,-0.00000,18.35000,277.2375,2.8000
235.8027,649.4451,632.0690,113.6998,0.00285486,-0.08471958,0.03355747,0.99583550,9.72533,3.86002,0.00000,18.35000,277.2223,2.8000
236.0527,649.5902,634.0161,113.7095,0.00286036,-0.08473837,0.03361452,0.99583196,9.72751,3.86659,-0.00000,18.35000,277.2021,2.8000
236.3027,649.7410,635.9613,113.7126,0.00286582,-0.08475306,0.03367272,0.99582873,9.72922,3.87330,-0.00000,18.35000,277.1745,2.8000
236.5527,649.8956,637.9069,113.7076,0.00287117,-0.08476343,0.03373133,0.99582585,9.73043,3.88004,0.00000,18.35000,277.1330,2.8000
236.8027,650.0537,639.8529,113.6954,0.00287641,-0.08476978,0.03379035,0.99582329,9.73118,3.88684,-0.00000,18.35000,277.0893,2.8000
237.0527,650.2151,641.7992,113.6769,0.00288157,-0.08477239,0.03384980,0.99582103,9.73150,3.89368,-0.00000,18.35000,277.0436,2.8000
237.3027,650.3790,643.7450,113.6521,0.00288662,-0.08477149,0.03390945,0.99581907,9.73142,3.90054,-0.00000,18.35000,276.9893,2.8000
237.5527,650.5428,645.6871,113.6189,0.00289152,-0.08476725,0.03396859,0.99581740,9.73095,3.90735,-0.00000,18.35000,276.9087,2.8000
237.8027,650.7066,647.6259,113.5785,0.00289628,-0.08475995,0.03402736,0.99581600,9.73013,3.91411,-0.00000,18.35000,276.8297,2.8000
238.0527,650.8703,649.5615,113.5316,0.00290091,-0.08474982,0.03408590,0.99581484,9.72899,3.92084,0.00000,18.35000,276.7521,2.8000
238.3027,651.0339,651.4940,113.4788,0.00290539,-0.08473665,0.03414376,0.99581397,9.72749,3.92750,-0.00000,18.35000,276.7030,2.8000
238.5527,651.1960,653.4230,113.4197,0.00290948,-0.08471910,0.03419894,0.99581356,9.72549,3.93384,0.00000,18.35000,276.7567,2.8000
238.8027,651.3571,655.3487,113.3555,0.00291322,-0.08469738,0.03425161,0.99581358,9.72301,3.93989,0.00000,18.35000,276.8117,2.8000
239.0527,651.5174,657.2714,113.2869,0.00291661,-0.08467167,0.03430195,0.99581403,9.72007,3.94568,-0.00000,18.35000,276.8679,2.8000
239.3027,651.6770,659.1920,113.2155,0.00291965,-0.08464206,0.03434974,0.99581489,9.71667,3.95117,0.00000,18.35000,276.9560,2.8000
239.5527,651.8370,661.1139,113.1436,0.00292222,-0.08460835,0.03439372,0.99581623,9.71281,3.95622,0.00000,18.35000,277.1611,2.8000
239.8027,651.9977,663.0369,113.0720,0.00292433,-0.08457058,0.03443392,0.99581804,9.70848,3.96083,-0.00000,18.35000,277.3644,2.8000
240.0528,652.1458,664.9628,113.0012,0.00292596,-0.08452868,0.03447028,0.99582034,9.70367,3.96500,0.00000,18.35000,277.5787,2.8000
240.3028,652.2770,666.8920,112.9336,0.00292721,-0.08448383,0.03450342,0.99582299,9.69852,3.96880,-0.00000,18.35000,277.7992,2.8000
240.5528,652.3989,668.8224,112.8754,0.00292846,-0.08444056,0.03453598,0.99582553,9.69355,3.97253,-0.00000,18.35000,277.9941,2.8000
240.8028,652.5122,670.7542,112.8266,0.00292970,-0.08439852,0.03456790,0.99582798,9.68872,3.97619,0.00000,18.35000,278.1956,2.8000
241.0528,652.6174,672.6869,112.7868,0.00293091,-0.08435737,0.03459912,0.99583038,9.68400,3.97977,-0.00000,18.35000,278.4028,2.8000
241.3028,652.7161,674.6219,112.7554,0.00293208,-0.08431706,0.03462949,0.99583273,9.67937,3.98325,-0.00000,18.35000,278.6056,2.8000
241.5528,652.8113,676.5646,112.7310,0.00293317,-0.08427825,0.03465849,0.99583501,9.67491,3.98657,-0.00000,18.35000,278.7763,2.8000
241.8028,652.9032,678.5141,112.7134,0.00293418,-0.08424070,0.03468587,0.99583723,9.67060,3.98971,0.00000,18.35000,278.9481,2.8000
242.0557,652.9934,680.4936,112.7023,0.00293507,-0.08420374,0.03471169,0.99583945,9.66636,3.99267,-0.00000,18.35000,279.1214,2.8000
242.3057,653.0819,682.4544,112.6975,0.00293587,-0.08416886,0.03473563,0.99584156,9.66235,3.99541,0.00000,18.35000,279.2687,2.8000
242.5557,653.1776,684.4183,112.6973,0.00293682,-0.08413837,0.03475954,0.99584330,9.65885,3.99815,-0.00000,18.35000,279.3188,2.8000
242.8057,653.2797,686.3851,112.7016,0.00293790,-0.08411210,0.03478329,0.99584469,9.65584,4.00088,-0.00000,18.35000,279.3609,2.8000
243.0852,653.4011,688.5965,112.7114,0.00293922,-0.08408721,0.03480923,0.99584588,9.65298,4.00385,0.00000,18.35000,279.3996,2.8000
243.3352,653.5165,690.5686,112.7254,0.00294054,-0.08406976,0.03483214,0.99584655,9.65098,4.00648,-0.00000,18.35000,279.4097,2.8000
243.5852,653.6406,692.5445,112.7462,0.00294204,-0.08405723,0.03485512,0.99584680,9.64955,4.00912,0.00000,18.35000,279.3820,2.8000
243.8353,653.7728,694.5242,112.7730,0.00294370,-0.08404941,0.03487800,0.99584665,9.64866,4.01175,-0.00000,18.35000,279.3444,2.8000
244.0853,653.9123,696.5073,112.8055,0.00294549,-0.08404608,0.03490060,0.99584614,9.64828,4.01435,-0.00000,18.35000,279.2979,2.8000
244.3353,654.0590,698.4938,112.8440,0.00294740,-0.08404694,0.03492277,0.99584528,9.64839,4.01690,-0.00000,18.35000,279.2460,2.8000
244.5853,654.2130,700.4839,112.8897,0.00294938,-0.08405158,0.03494431,0.99584413,9.64893,4.01938,-0.00000,18.35000,279.1917,2.8000
244.8353,654.3737,702.4775,112.9423,0.00295143,-0.08405976,0.03496508,0.99584270,9.64988,4.02178,0.00000,18.35000,279.1288,2.8000
245.0853,654.5406,704.4741,113.0014,0.00295351,-0.08407126,0.03498490,0.99584103,9.65121,4.02406,0.00000,18.35000,279.0580,2.8000
245.3353,654.7134,706.4732,113.0665,0.00295561,-0.08408588,0.03500365,0.99583913,9.65289,4.02623,-0.00000,18.35000,278.9793,2.8000
245.5853,654.8925,708.4741,113.1359,0.00295772,-0.08410348,0.03502120,0.99583702,9.65493,4.02825,-0.00000,18.35000,278.8926,2.8000
245.8353,655.0772,710.4765,113.2031,0.00295982,-0.08412412,0.03503745,0.99583470,9.65731,4.03013,-0.00000,18.35000,278.7999,2.8000
246.0853,655.2671,712.4804,113.2684,0.00296192,-0.08414781,0.03505229,0.99583217,9.66004,4.03184,0.00000,18.35000,278.7018,2.8000
246.3353,655.4639,714.4849,113.3326,0.00296405,-0.08417427,0.03506638,0.99582943,9.66309,4.03347,-0.00000,18.35000,278.6034,2.8000
246.5853,655.6710,716.4888,113.3971,0.00296629,-0.08420292,0.03508091,0.99582649,9.66639,4.03516,-0.00000,18.35000,278.5094,2.8000
246.8424,655.8939,718.5505,113.4635,0.00296871,-0.08423457,0.03509616,0.99582327,9.67004,4.03692,0.00000,18.35000,278.4034,2.8000
247.0924,656.0994,720.5546,113.5286,0.00297116,-0.08426753,0.03511127,0.99581994,9.67383,4.03867,-0.00000,18.35000,278.3100,2.8000
247.3424,656.2942,722.5608,113.5932,0.00297368,-0.08430200,0.03512652,0.99581648,9.67781,4.04044,-0.00000,18.35000,278.2208,2.8000
247.5924,656.4792,724.5706,113.6561,0.00297622,-0.08433712,0.03514185,0.99581296,9.68185,4.04221,-0.00000,18.35000,278.1293,2.8000
247.8424,656.6554,726.5834,113.7176,0.00297878,-0.08437287,0.03515703,0.99580938,9.68597,4.04397,-0.00000,18.35000,278.0461,2.8000
248.0924,656.8239,728.5986,113.7776,0.00298133,-0.08440925,0.03517184,0.99580577,9.69016,4.04569,-0.00000,18.35000,277.9703,2.8000
248.3424,656.9840,730.6156,113.8344,0.00298383,-0.08444501,0.03518624,0.99580222,9.69428,4.04736,-0.00000,18.35000,277.8720,2.8000
248.5924,657.1345,732.6338,113.8848,0.00298620,-0.08447807,0.03520028,0.99579891,9.69809,4.04899,-0.00000,18.35000,277.7318,2.8000
248.8424,657.2768,734.6529,113.9293,0.00298843,-0.08450860,0.03521375,0.99579584,9.70161,4.05055,-0.00000,18.35000,277.6012,2.8000
249.0924,657.4123,736.6726,113.9684,0.00299051,-0.08453675,0.03522648,0.99579300,9.70485,4.05202,-0.00000,18.35000,277.4788,2.8000
249.3424,657.5405,738.6924,114.0006,0.00299240,-0.08456159,0.03523829,0.99579046,9.70772,4.05339,-0.00000,18.35000,277.3459,2.8000
249.5924,657.6606,740.7118,114.0232,0.00299402,-0.08458150,0.03524899,0.99578839,9.71001,4.05463,-0.00000,18.35000,277.1907,2.8000
249.8424,657.7741,742.7307,114.0371,0.00299537,-0.08459678,0.03525844,0.99578675,9.71177,4.05572,-0.00000,18.35000,277.0444,2.8000
250.0924,657.8823,744.7472,114.0434,0.00299645,-0.08460766,0.03526658,0.99578554,9.71303,4.05666,0.00000,18.35000,276.9058,2.8000
250.3424,657.9858,746.7601,114.0418,0.00299726,-0.08461420,0.03527335,0.99578474,9.71378,4.05744,0.00000,18.35000,276.7951,2.8000
250.5924,658.0851,748.7715,114.0318,0.00299779,-0.08461634,0.03527870,0.99578436,9.71403,4.05806,-0.00000,18.35000,276.7255,2.8000
250.8424,658.1880,750.7804,114.0144,0.00299805,-0.08461440,0.03528260,0.99578439,9.71381,4.05851,-0.00000,18.35000,276.6530,2.8000
251.0924,658.2955,752.7866,113.9909,0.00299806,-0.08460864,0.03528506,0.99578479,9.71315,4.05879,0.00000,18.35000,276.5764,2.8000
251.3424,658.4088,754.7896,113.9599,0.00299787,-0.08459915,0.03528688,0.99578554,9.71206,4.05899,0.00000,18.35000,276.4799,2.8000
251.5925,658.5292,756.7881,113.9183,0.00299762,-0.08458597,0.03528941,0.99578657,9.71054,4.05928,-0.00000,18.35000,276.3520,2.8000
251.8425,658.6560,758.7824,113.8680,0.00299731,-0.08456944,0.03529266,0.99578786,9.70864,4.05965,-0.00000,18.35000,276.2183,2.8000
252.0925,658.7873,760.7728,113.8107,0.00299694,-0.08454984,0.03529661,0.99578938,9.70638,4.06010,-0.00000,18.35000,276.0803,2.8000
252.3425,658.9233,762.7594,113.7460,0.00299655,-0.08452747,0.03530139,0.99579111,9.70381,4.06064,-0.00000,18.35000,275.9421,2.8000
252.5925,659.0666,764.7423,113.6717,0.00299616,-0.08450276,0.03530724,0.99579300,9.70097,4.06130,-0.00000,18.35000,275.8040,2.8000
252.8425,659.2164,766.7215,113.5892,0.00299579,-0.08447600,0.03531411,0.99579503,9.69789,4.06208,-0.00000,18.35000,275.6599,2.8000
253.0925,659.3716,768.6971,113.5000,0.00299544,-0.08444746,0.03532196,0.99579717,9.69461,4.06298,0.00000,18.35000,275.5106,2.8000
253.3425,659.5243,770.6691,113.4050,0.00299503,-0.08441713,0.03532994,0.99579946,9.69112,4.06389,0.00000,18.35000,275.4078,2.8000
253.5925,659.6821,772.6359,113.3046,0.00299446,-0.08438489,0.03533679,0.99580196,9.68742,4.06466,-0.00000,18.35000,275.3754,2.8000
253.8425,659.8445,774.5975,113.1998,0.00299374,-0.08435092,0.03534255,0.99580463,9.68351,4.06531,-0.00000,18.35000,275.3382,2.8000
254.0925,660.0109,776.5539,113.0918,0.00299287,-0.08431536,0.03534728,0.99580748,9.67942,4.06585,0.00000,18.35000,275.2965,2.8000
254.3425,660.1843,778.5045,112.9824,0.00299185,-0.08427901,0.03535057,0.99581044,9.67524,4.06621,-0.00000,18.35000,275.2911,2.8000
254.5925,660.3589,780.4496,112.8739,0.00299065,-0.08424307,0.03535164,0.99581345,9.67110,4.06632,-0.00000,18.35000,275.3586,2.8000
254.8425,660.5340,782.3864,112.7666,0.00298930,-0.08420747,0.03535070,0.99581650,9.66701,4.06620,-0.00000,18.35000,275.4246,2.8000
255.0925,660.7096,784.3150,112.6608,0.00298780,-0.08417216,0.03534794,0.99581958,9.66294,4.06587,0.00000,18.35000,275.4893,2.8000
255.3425,660.8849,786.2366,112.5601,0.00298625,-0.08413888,0.03534371,0.99582255,9.65911,4.06537,-0.00000,18.35000,275.5621,2.8000
255.5925,661.0593,788.1532,112.4696,0.00298480,-0.08411052,0.03533844,0.99582514,9.65584,4.06476,-0.00000,18.35000,275.6497,2.8000
255.8425,661.2325,790.0650,112.3890,0.00298341,-0.08408671,0.03533216,0.99582738,9.65310,4.06403,0.00000,18.35000,275.7360,2.8000
256.0925,661.4045,791.9719,112.3175,0.00298210,-0.08406709,0.03532490,0.99582929,9.65084,4.06318,-0.00000,18.35000,275.8211,2.8000
256.3425,661.5748,793.8735,112.2578,0.00298083,-0.08405173,0.03531641,0.99583090,9.64907,4.06220,0.00000,18.35000,275.8802,2.8000
256.5925,661.7431,795.7691,112.2143,0.00297959,-0.08404094,0.03530631,0.99583217,9.64783,4.06104,0.00000,18.35000,275.8954,2.8000
256.8425,661.9092,797.6587,112.1860,0.00297837,-0.08403419,0.03529467,0.99583315,9.64705,4.05969,0.00000,18.35000,275.9092,2.8000
257.0925,662.0733,799.5425,112.1719,0.00297714,-0.08403097,0.03528153,0.99583390,9.64667,4.05818,-0.00000,18.35000,275.9219,2.8000
257.3427,662.2345,801.4220,112.1738,0.00297592,-0.08403113,0.03526698,0.99583440,9.64669,4.05651,-0.00000,18.35000,275.9251,2.8000
257.5927,662.3911,803.2954,112.1959,0.00297471,-0.08403473,0.03525112,0.99583466,9.64709,4.05468,-0.00000,18.35000,275.9139,2.8000
257.8427,662.5435,805.1639,112.2364,0.00297349,-0.08404113,0.03523395,0.99583473,9.64782,4.05271,-0.00000,18.35000,275.9028,2.8000
258.0927,662.6919,807.0276,112.2940,0.00297223,-0.08404976,0.03521547,0.99583466,9.64881,4.05059,-0.00000,18.35000,275.8919,2.8000
258.3427,662.8362,808.8865,112.3649,0.00297096,-0.08406174,0.03519541,0.99583436,9.65018,4.04828,-0.00000,18.35000,275.8771,2.8000
258.5927,662.9758,810.7409,112.4441,0.00296972,-0.08407940,0.03517331,0.99583366,9.65221,4.04575,-0.00000,18.35000,275.8572,2.8000
258.8427,663.1108,812.5907,112.5316,0.00296850,-0.08410237,0.03514920,0.99583257,9.65484,4.04298,-0.00000,18.35000,275.8412,2.8000
259.0927,663.2415,814.4360,112.6243,0.00296729,-0.08413038,0.03512311,0.99583113,9.65806,4.03999,-0.00000,18.35000,275.8293,2.8000
259.3427,663.3677,816.2765,112.7211,0.00296607,-0.08416322,0.03509493,0.99582935,9.66183,4.03675,0.00000,18.35000,275.8219,2.8000
259.5927,663.4894,818.1121,112.8204,0.00296483,-0.08420076,0.03506446,0.99582726,9.66614,4.03326,-0.00000,18.35000,275.8205,2.8000
259.8427,663.6064,819.9428,112.9201,0.00296355,-0.08424288,0.03503177,0.99582485,9.67097,4.02951,-0.00000,18.35000,275.8250,2.8000
260.0927,663.7191,821.7685,113.0212,0.00296224,-0.08428940,0.03499689,0.99582214,9.67631,4.02552,-0.00000,18.35000,275.8350,2.8000
260.3427,663.8271,823.5886,113.1238,0.00296085,-0.08433870,0.03495993,0.99581927,9.68197,4.02128,-0.00000,18.35000,275.8505,2.8000
260.5927,663.9302,825.4019,113.2263,0.00295930,-0.08438822,0.03492104,0.99581644,9.68766,4.01682,-0.00000,18.35000,275.8706,2.8000
260.8427,664.0287,827.2086,113.3286,0.00295760,-0.08443793,0.03488025,0.99581367,9.69336,4.01214,-0.00000,18.35000,275.8950,2.8000
261.0927,664.1227,829.0088,113.4278,0.00295574,-0.08448788,0.03483759,0.99581093,9.69910,4.00725,-0.00000,18.35000,275.9240,2.8000
261.3427,664.2126,830.8012,113.5226,0.00295369,-0.08453685,0.03479322,0.99580833,9.70472,4.00216,-0.00000,18.35000,275.9506,2.8000
261.5927,664.2984,832.5836,113.6102,0.00295141,-0.08458283,0.03474740,0.99580603,9.70999,3.99691,-0.00000,18.35000,275.9700,2.8000
261.8427,664.3806,834.3564,113.6919,0.00294892,-0.08462601,0.03470029,0.99580401,9.71495,3.99150,-0.00000,18.35000,275.9940,2.8000
262.0927,664.4592,836.1198,113.7686,0.00294623,-0.08466655,0.03465201,0.99580226,9.71959,3.98596,-0.00000,18.35000,276.0221,2.8000
262.3427,664.5344,837.8737,113.8379,0.00294335,-0.08470407,0.03460265,0.99580079,9.72390,3.98029,-0.00000,18.35000,276.0483,2.8000
262.5928,664.6069,839.6180,113.8951,0.00294024,-0.08473786,0.03455230,0.99579967,9.72777,3.97451,-0.00000,18.35000,276.0680,2.8000
262.8428,664.6769,841.3528,113.9419,0.00293694,-0.08476827,0.03450109,0.99579887,9.73125,3.96863,-0.00000,18.35000,276.0916,2.8000
263.0928,664.7446,843.0783,113.9803,0.00293346,-0.08479560,0.03444913,0.99579835,9.73438,3.96266,-0.00000,18.35000,276.1184,2.8000
263.3428,664.8128,844.7955,114.0065,0.00292974,-0.08481813,0.03439636,0.99579827,9.73695,3.95659,-0.00000,18.35000,276.1285,2.8000
263.5928,664.8892,846.5054,114.0141,0.00292567,-0.08483291,0.03434257,0.99579888,9.73863,3.95041,-0.00000,18.35000,276.1027,2.8000
263.8428,664.9739,848.2081,114.0064,0.00292127,-0.08484057,0.03428784,0.99580012,9.73950,3.94411,-0.00000,18.35000,276.0706,2.8000
264.0928,665.0668,849.9035,113.9864,0.00291656,-0.08484162,0.03423221,0.99580196,9.73960,3.93771,-0.00000,18.35000,276.0319,2.8000
264.3428,665.1669,851.5910,113.9548,0.00291157,-0.08483644,0.03417576,0.99580436,9.73898,3.93121,0.00000,18.35000,275.9777,2.8000
264.5928,665.2728,853.2696,113.9097,0.00290631,-0.08482532,0.03411860,0.99580728,9.73769,3.92463,-0.00000,18.35000,275.9033,2.8000
264.8428,665.3846,854.9395,113.8536,0.00290081,-0.08480873,0.03406082,0.99581069,9.73576,3.91797,0.00000,18.35000,275.8245,2.8000
265.0928,665.5023,856.6008,113.7889,0.00289509,-0.08478702,0.03400252,0.99581454,9.73324,3.91126,-0.00000,18.35000,275.7411,2.8000
265.3428,665.6252,858.2538,113.7176,0.00288918,-0.08476128,0.03394358,0.99581876,9.73026,3.90447,-0.00000,18.35000,275.6572,2.8000
265.5928,665.7522,859.8990,113.6415,0.00288311,-0.08473305,0.03388369,0.99582322,9.72699,3.89757,0.00000,18.35000,275.5763,2.8000
265.8428,665.8834,861.5364,113.5616,0.00287689,-0.08470251,0.03382293,0.99582791,9.72345,3.89057,-0.00000,18.35000,275.4915,2.8000
266.0928,666.0186,863.1661,113.4790,0.00287053,-0.08466977,0.03376137,0.99583280,9.71967,3.88347,-0.00000,18.35000,275.4028,2.8000
266.3428,666.1572,864.7891,113.3956,0.00286401,-0.08463539,0.03369856,0.99583787,9.71569,3.87623,-0.00000,18.35000,275.3572,2.8000
266.5928,666.2925,866.4074,113.3131,0.00285729,-0.08460009,0.03363366,0.99584308,9.71161,3.86875,-0.00000,18.35000,275.3930,2.8000
266.8428,666.4235,868.0206,113.2321,0.00285036,-0.08456384,0.03356662,0.99584844,9.70741,3.86102,-0.00000,18.35000,275.4318,2.8000
267.0928,666.5505,869.6288,113.1531,0.00284321,-0.08452657,0.03349737,0.99585396,9.70310,3.85304,-0.00000,18.35000,275.4734,2.8000
267.3428,666.6768,871.2319,113.0768,0.00283582,-0.08448887,0.03342546,0.99585959,9.69874,3.84476,0.00000,18.35000,275.5389,2.8000
267.5928,666.7950,872.8312,113.0040,0.00282816,-0.08445173,0.03335007,0.99586529,9.69444,3.83607,0.00000,18.35000,275.6529,2.8000
267.8428,666.9026,874.4263,112.9347,0.00282022,-0.08441499,0.03327111,0.99587107,9.69019,3.82697,0.00000,18.35000,275.7757,2.8000
268.0928,667.0007,876.0170,112.8690,0.00281199,-0.08437845,0.03318853,0.99587695,9.68596,3.81746,0.00000,18.35000,275.9064,2.8000
268.3428,667.0910,877.6007,112.8072,0.00280347,-0.08434254,0.03310230,0.99588288,9.68180,3.80752,0.00000,18.35000,276.0394,2.8000
268.5928,667.1760,879.1735,112.7499,0.00279471,-0.08430805,0.03301251,0.99588881,9.67780,3.79718,0.00000,18.35000,276.1698,2.8000
268.8428,667.2562,880.7357,112.6969,0.00278571,-0.08427479,0.03291934,0.99589473,9.67394,3.78645,-0.00000,18.35000,276.3038,2.8000
269.0928,667.3319,882.2874,112.6481,0.00277647,-0.08424259,0.03282296,0.99590066,9.67020,3.77535,0.00000,18.35000,276.4411,2.8000
269.3428,667.4055,883.8293,112.6043,0.00276704,-0.08421249,0.03272337,0.99590651,9.66671,3.76388,-0.00000,18.35000,276.5652,2.8000
269.5929,667.4804,885.3623,112.5672,0.00275747,-0.08418637,0.03262048,0.99591212,9.66367,3.75203,-0.00000,18.35000,276.6620,2.8000
269.8429,667.5565,886.8872,112.5364,0.00274776,-0.08416396,0.03251438,0.99591751,9.66106,3.73982,-0.00000,18.35000,276.7552,2.8000
270.0929,667.6336,888.4064,112.5115,0.00273789,-0.08414502,0.03240504,0.99592270,9.65885,3.72723,-0.00000,18.35000,276.8445,2.8000
270.3429,667.7144,889.9226,112.4935,0.00272789,-0.08413059,0.03229247,0.99592761,9.65715,3.71427,-0.00000,18.35000,276.9091,2.8000
270.5929,667.8029,891.4399,112.4842,0.00271783,-0.08412252,0.03217659,0.99593207,9.65618,3.70094,-0.00000,18.35000,276.9314,2.8000
270.8429,667.8981,892.9577,112.4831,0.00270767,-0.08412049,0.03205717,0.99593612,9.65591,3.68720,-0.00000,18.35000,276.9428,2.8000
271.0929,667.9995,894.4751,112.4897,0.00269738,-0.08412419,0.03193401,0.99593979,9.65630,3.67303,-0.00000,18.35000,276.9442,2.8000
271.3429,668.1066,895.9896,112.5054,0.00268701,-0.08413297,0.03180805,0.99594311,9.65727,3.65854,0.00000,18.35000,276.9157,2.8000
271.5929,668.2194,897.4974,112.5328,0.00267668,-0.08414594,0.03168100,0.99594609,9.65872,3.64392,0.00000,18.35000,276.8451,2.8000
271.8429,668.3374,898.9985,112.5711,0.00266637,-0.08416271,0.03155280,0.99594877,9.66061,3.62918,-0.00000,18.35000,276.7673,2.8000
272.0929,668.4601,900.4929,112.6195,0.00265607,-0.08418294,0.03142340,0.99595118,9.66290,3.61430,0.00000,18.35000,276.6832,2.8000
272.3429,668.5892,901.9812,112.6753,0.00264584,-0.08420651,0.03129367,0.99595330,9.66557,3.59938,-0.00000,18.35000,276.5820,2.8000
272.5929,668.7278,903.4647,112.7348,0.00263581,-0.08423351,0.03116509,0.99595507,9.66864,3.58459,0.00000,18.35000,276.4545,2.8000
272.8429,668.8750,904.9432,112.7981,0.00262595,-0.08426380,0.03103747,0.99595652,9.67209,3.56992,0.00000,18.35000,276.3170,2.8000
273.0929,669.0302,906.4162,112.8653,0.00261626,-0.08429725,0.03091067,0.99595766,9.67590,3.55534,-0.00000,18.35000,276.1705,2.8000
273.3429,669.1936,907.8840,112.9348,0.00260672,-0.08433348,0.03078470,0.99595852,9.68003,3.54085,-0.00000,18.35000,276.0138,2.8000
273.5929,669.3663,909.3464,113.0040,0.00259732,-0.08437201,0.03065976,0.99595913,9.68442,3.52649,-0.00000,18.35000,275.8455,2.8000
273.8429,669.5326,910.8038,113.0736,0.00258805,-0.08441275,0.03053564,0.99595952,9.68907,3.51222,-0.00000,18.35000,275.6827,2.8000
274.0929,669.6883,912.2558,113.1442,0.00257889,-0.08445556,0.03041214,0.99595969,9.69396,3.49802,0.00000,18.35000,275.5294,2.8000
274.3429,669.8332,913.7017,113.2147,0.00256982,-0.08449961,0.03028931,0.99595972,9.69900,3.48391,-0.00000,18.35000,275.3630,2.8000
274.5929,669.9663,915.1405,113.2831,0.00256080,-0.08454361,0.03016735,0.99595971,9.70402,3.46989,-0.00000,18.35000,275.1697,2.8000
274.8429,670.0890,916.5721,113.3503,0.00255184,-0.08458751,0.03004610,0.99595967,9.70904,3.45595,0.00000,18.35000,274.9873,2.8000
275.0929,670.2025,917.9960,113.4171,0.00254290,-0.08463125,0.02992541,0.99595961,9.71403,3.44208,-0.00000,18.35000,274.8145,2.8000
275.3429,670.3061,919.4111,113.4828,0.00253396,-0.08467377,0.02980526,0.99595963,9.71889,3.42826,-0.00000,18.35000,274.6322,2.8000
275.5929,670.3981,920.8156,113.5455,0.00252498,-0.08471330,0.02968573,0.99595986,9.72340,3.41452,-0.00000,18.35000,274.4294,2.8000
275.8429,670.4801,922.2096,113.6061,0.00251594,-0.08474988,0.02956675,0.99596031,9.72758,3.40084,0.00000,18.35000,274.2384,2.8000
276.0929,670.5534,923.5918,113.6634,0.00250685,-0.08478355,0.02944826,0.99596098,9.73142,3.38722,-0.00000,18.35000,274.0581,2.8000
276.3429,670.6169,924.9611,113.7113,0.00249764,-0.08481365,0.02932960,0.99596194,9.73485,3.37358,-0.00000,18.35000,273.9233,2.8000
276.5930,670.6682,926.3190,113.7471,0.00248816,-0.08483898,0.02920961,0.99596333,9.73773,3.35978,-0.00000,18.35000,273.8578,2.8000
276.8430,670.7086,927.6655,113.7732,0.00247844,-0.08485985,0.02908838,0.99596512,9.74009,3.34584,-0.00000,18.35000,273.8037,2.8000
277.0930,670.7394,929.0005,113.7918,0.00246848,-0.08487650,0.02896596,0.99596730,9.74197,3.33176,-0.00000,18.35000,273.7595,2.8000
277.3430,670.7613,930.3246,113.8012,0.00245828,-0.08488875,0.02884211,0.99596987,9.74335,3.31751,-0.00000,18.35000,273.7312,2.8000
277.5930,670.7749,931.6381,113.7975,0.00244777,-0.08489622,0.02871633,0.99597290,9.74417,3.30304,-0.00000,18.35000,273.7235,2.8000
277.8430,670.7815,932.9411,113.7837,0.00243696,-0.08489923,0.02858865,0.99597634,9.74448,3.28835,0.00000,18.35000,273.7243,2.8000
278.0930,670.7834,934.2336,113.7628,0.00242587,-0.08489807,0.02845910,0.99598018,9.74431,3.27344,-0.00000,18.35000,273.7306,2.8000
278.3430,670.7965,935.5159,113.7344,0.00241455,-0.08489295,0.02832813,0.99598437,9.74369,3.25837,-0.00000,18.35000,273.7127,2.8000
278.5930,670.8214,936.7892,113.6957,0.00240306,-0.08488407,0.02819638,0.99598890,9.74263,3.24321,-0.00000,18.35000,273.6606,2.8000
278.8430,670.8542,938.0535,113.6488,0.00239140,-0.08487177,0.02806378,0.99599372,9.74118,3.22795,-0.00000,18.35000,273.6008,2.8000
279.0930,670.8794,939.3088,113.5957,0.00237957,-0.08485626,0.02793022,0.99599882,9.73936,3.21258,-0.00000,18.35000,273.5485,2.8000
279.3430,670.9002,940.5563,113.5353,0.00236760,-0.08483709,0.02779610,0.99600424,9.73711,3.19715,-0.00000,18.35000,273.5178,2.8000
279.5930,670.9216,941.7972,113.4640,0.00235552,-0.08481345,0.02766215,0.99601001,9.73436,3.18173,-0.00000,18.35000,273.5164,2.8000
279.8430,670.9434,943.0314,113.3833,0.00234333,-0.08478570,0.02752817,0.99601611,9.73113,3.16631,0.00000,18.35000,273.5147,2.8000
280.0930,670.9655,944.2584,113.2949,0.00233103,-0.08475416,0.02739401,0.99602252,9.72746,3.15086,-0.00000,18.35000,273.5129,2.8000
280.3430,670.9925,945.4791,113.1985,0.00231864,-0.08471912,0.02725988,0.99602921,9.72339,3.13542,0.00000,18.35000,273.5483,2.8000
280.5930,671.0318,946.6948,113.0928,0.00230622,-0.08468093,0.02712625,0.99603614,9.71897,3.12004,0.00000,18.35000,273.6429,2.8000
280.8430,671.0823,947.9051,112.9790,0.00229376,-0.08463995,0.02699293,0.99604327,9.71422,3.10469,0.00000,18.35000,273.7265,2.8000
281.0930,671.1430,949.1078,112.8584,0.00228125,-0.08459646,0.02685979,0.99605059,9.70918,3.08936,-0.00000,18.35000,273.8003,2.8000
281.3430,671.2149,950.3017,112.7355,0.00226878,-0.08455286,0.02672689,0.99605790,9.70413,3.07406,-0.00000,18.35000,273.8921,2.8000
281.5930,671.3003,951.4870,112.6172,0.00225644,-0.08451283,0.02659433,0.99606487,9.69949,3.05880,-0.00000,18.35000,274.0190,2.8000
281.8430,671.3978,952.6636,112.5033,0.00224423,-0.08447622,0.02646203,0.99607153,9.69524,3.04357,0.00000,18.35000,274.1319,2.8000
282.0930,671.5065,953.8312,112.3938,0.00223213,-0.08444291,0.02632991,0.99607788,9.69137,3.02836,-0.00000,18.35000,274.2318,2.8000
282.3430,671.6280,954.9915,112.2910,0.00222012,-0.08441327,0.02619765,0.99608391,9.68793,3.01314,-0.00000,18.35000,274.3101,2.8000
282.5931,671.7576,956.1469,112.1989,0.00220818,-0.08438798,0.02606471,0.99608957,9.68499,2.99784,-0.00000,18.35000,274.3663,2.8000
282.8431,671.8855,957.2973,112.1170,0.00219627,-0.08436663,0.02593084,0.99609489,9.68250,2.98243,-0.00000,18.35000,274.4213,2.8000
283.0931,672.0118,958.4421,112.0449,0.00218437,-0.08434888,0.02579581,0.99609993,9.68042,2.96689,-0.00000,18.35000,274.4752,2.8000
283.3431,672.1357,959.5783,111.9848,0.00217240,-0.08433467,0.02565891,0.99610470,9.67875,2.95114,-0.00000,18.35000,274.5056,2.8000
283.5931,672.2562,960.7011,111.9403,0.00216029,-0.08432412,0.02551917,0.99610921,9.67750,2.93506,-0.00000,18.35000,274.4971,2.8000
283.8431,672.3735,961.8107,111.9106,0.00214803,-0.08431670,0.02537668,0.99611350,9.67661,2.91867,-0.00000,18.35000,274.4884,2.8000
284.0931,672.4876,962.9073,111.8948,0.00213561,-0.08431194,0.02523152,0.99611762,9.67603,2.90197,-0.00000,18.35000,274.4796,2.8000
284.3431,672.5979,963.9901,111.8937,0.00212298,-0.08431119,0.02508264,0.99612147,9.67591,2.88484,-0.00000,18.35000,274.4768,2.8000
284.5931,672.7029,965.0574,111.9089,0.00211005,-0.08431698,0.02492828,0.99612488,9.67654,2.86708,-0.00000,18.35000,274.4845,2.8000
284.8431,672.8031,966.1096,111.9395,0.00209683,-0.08432873,0.02476865,0.99612789,9.67785,2.84872,-0.00000,18.35000,274.4931,2.8000
285.0931,672.8986,967.1468,111.9840,0.00208330,-0.08434588,0.02460395,0.99613055,9.67978,2.82978,-0.00000,18.35000,274.5027,2.8000
285.3431,672.9889,968.1691,112.0410,0.00206944,-0.08436901,0.02443357,0.99613282,9.68240,2.81019,0.00000,18.35000,274.5238,2.8000
285.5931,673.0724,969.1764,112.1092,0.00205517,-0.08439945,0.02425640,0.99613460,9.68586,2.78981,-0.00000,18.35000,274.5648,2.8000
285.8431,673.1495,970.1689,112.1883,0.00204050,-0.08443668,0.02407268,0.99613593,9.69010,2.76869,-0.00000,18.35000,274.6093,2.8000
286.0931,673.2206,971.1467,112.2780,0.00202543,-0.08448021,0.02388261,0.99613684,9.69506,2.74683,-0.00000,18.35000,274.6569,2.8000
286.3431,673.2853,972.1088,112.3754,0.00200997,-0.08452778,0.02368701,0.99613751,9.70049,2.72434,-0.00000,18.35000,274.6938,2.8000
286.5931,673.3429,973.0530,112.4758,0.00199415,-0.08457598,0.02348714,0.99613818,9.70599,2.70136,-0.00000,18.35000,274.7126,2.8000
286.8431,673.3939,973.9799,112.5801,0.00197798,-0.08462465,0.02328328,0.99613887,9.71154,2.67792,-0.00000,18.35000,274.7378,2.8000
287.0931,673.4384,974.8900,112.6886,0.00196147,-0.08467361,0.02307566,0.99613957,9.71713,2.65405,-0.00000,18.35000,274.7688,2.8000
287.3431,673.4769,975.7831,112.7950,0.00194466,-0.08472242,0.02286473,0.99614032,9.72269,2.62980,0.00000,18.35000,274.8012,2.8000
287.5931,673.5095,976.6591,112.8973,0.00192758,-0.08477039,0.02265111,0.99614115,9.72816,2.60523,0.00000,18.35000,274.8315,2.8000
287.8431,673.5363,977.5182,112.9959,0.00191025,-0.08481760,0.02243498,0.99614206,9.73355,2.58038,0.00000,18.35000,274.8685,2.8000
288.0931,673.5575,978.3609,113.0911,0.00189269,-0.08486412,0.02221656,0.99614302,9.73885,2.55526,0.00000,18.35000,274.9119,2.8000
288.3431,673.5733,979.1868,113.1825,0.00187491,-0.08490949,0.02199619,0.99614408,9.74402,2.52992,-0.00000,18.35000,274.9520,2.8000
288.5931,673.5838,979.9956,113.2687,0.00185695,-0.08495288,0.02177435,0.99614529,9.74896,2.50441,-0.00000,18.35000,274.9821,2.8000
288.8432,673.5892,980.7874,113.3503,0.00183882,-0.08499445,0.02155122,0.99614663,9.75370,2.47875,0.00000,18.35000,275.0180,2.8000
289.0932,673.5896,981.5627,113.4275,0.00182053,-0.08503431,0.02132694,0.99614809,9.75824,2.45296,-0.00000,18.35000,275.0596,2.8000
289.3432,673.5855,982.3217,113.4984,0.00180209,-0.08507105,0.02110185,0.99614978,9.76242,2.42708,-0.00000,18.35000,275.0879,2.8000
289.5932,673.5778,983.0646,113.5592,0.00178349,-0.08510225,0.02087644,0.99615190,9.76596,2.40115,0.00000,18.35000,275.0898,2.8000
289.8432,673.5723,983.7917,113.6108,0.00176475,-0.08512829,0.02065080,0.99615441,9.76891,2.37520,-0.00000,18.35000,275.0915,2.8000
290.0932,673.5757,984.5030,113.6543,0.00174589,-0.08514953,0.02042506,0.99615728,9.77131,2.34924,-0.00000,18.35000,275.0860,2.8000
290.3432,673.5861,985.1986,113.6876,0.00172692,-0.08516532,0.02019937,0.99616057,9.77308,2.32328,-0.00000,18.35000,275.0619,2.8000
290.5932,673.6012,985.8783,113.7077,0.00170782,-0.08517433,0.01997393,0.99616437,9.77407,2.29735,-0.00000,18.35000,275.0124,2.8000
290.8432,673.6209,986.5424,113.7166,0.00168862,-0.08517702,0.01974884,0.99616866,9.77433,2.27146,-0.00000,18.35000,274.9604,2.8000
291.0932,673.6448,987.1908,113.7165,0.00166933,-0.08517378,0.01952416,0.99617340,9.77392,2.24561,-0.00000,18.35000,274.9058,2.8000
291.3432,673.6722,987.8229,113.7077,0.00164998,-0.08516560,0.01929977,0.99617851,9.77293,2.21980,-0.00000,18.35000,274.8490,2.8000
291.5932,673.7020,988.4378,113.6889,0.00163057,-0.08515387,0.01907544,0.99618386,9.77154,2.19399,-0.00000,18.35000,274.7908,2.8000
291.8432,673.7345,989.0357,113.6624,0.00161112,-0.08513889,0.01885127,0.99618944,9.76978,2.16820,-0.00000,18.35000,274.7309,2.8000
292.0932,673.7698,989.6168,113.6304,0.00159164,-0.08512090,0.01862739,0.99619522,9.76767,2.14244,-0.00000,18.35000,274.6686,2.8000
292.3432,673.8076,990.1809,113.5924,0.00157212,-0.08509998,0.01840367,0.99620120,9.76522,2.11671,0.00000,18.35000,274.6044,2.8000
292.5932,673.8470,990.7276,113.5466,0.00155256,-0.08507617,0.01817983,0.99620737,9.76244,2.09095,-0.00000,18.35000,274.5391,2.8000
292.8432,673.8887,991.2573,113.4950,0.00153296,-0.08504969,0.01795600,0.99621372,9.75935,2.06520,-0.00000,18.35000,274.4721,2.8000
293.0932,673.9328,991.7701,113.4394,0.00151333,-0.08502072,0.01773229,0.99622023,9.75598,2.03947,0.00000,18.35000,274.4028,2.8000
293.3432,673.9801,992.2666,113.3817,0.00149367,-0.08499022,0.01750831,0.99622683,9.75243,2.01370,-0.00000,18.35000,274.3787,2.8000
293.5932,674.0312,992.7475,113.3230,0.00147394,-0.08495965,0.01728332,0.99623339,9.74888,1.98781,-0.00000,18.35000,274.4315,2.8000
293.8432,674.0862,993.2130,113.2644,0.00145413,-0.08492902,0.01705737,0.99623993,9.74532,1.96182,0.00000,18.35000,274.4794,2.8000
294.0932,674.1452,993.6631,113.2067,0.00143427,-0.08489832,0.01683053,0.99624643,9.74175,1.93572,0.00000,18.35000,274.5222,2.8000
294.3432,674.2087,994.0988,113.1489,0.00141433,-0.08486790,0.01660260,0.99625288,9.73821,1.90950,-0.00000,18.35000,274.6040,2.8000
294.5932,674.2776,994.5217,113.0886,0.00139429,-0.08483839,0.01637320,0.99625921,9.73478,1.88311,-0.00000,18.35000,274.7543,2.8000
294.8432,674.3389,994.9318,113.0267,0.00137416,-0.08480975,0.01614230,0.99626545,9.73145,1.85654,-0.00000,18.35000,274.9110,2.8000
295.0932,674.3868,995.3287,112.9639,0.00135392,-0.08478193,0.01590986,0.99627158,9.72821,1.82980,-0.00000,18.35000,275.0798,2.8000
295.3432,674.4225,995.7132,112.9013,0.00133358,-0.08475491,0.01567592,0.99627762,9.72507,1.80289,-0.00000,18.35000,275.2711,2.8000
295.5932,674.4477,996.0859,112.8403,0.00131314,-0.08472877,0.01544052,0.99628354,9.72203,1.77581,0.00000,18.35000,275.4911,2.8000
295.8432,674.4631,996.4467,112.7812,0.00129259,-0.08470335,0.01520360,0.99628938,9.71907,1.74856,-0.00000,18.35000,275.7192,2.8000
296.0932,674.4695,996.7951,112.7246,0.00127193,-0.08467850,0.01496509,0.99629513,9.71617,1.72112,0.00000,18.35000,275.9544,2.8000
296.3432,674.4692,997.1317,112.6715,0.00125117,-0.08465446,0.01472511,0.99630077,9.71337,1.69352,-0.00000,18.35000,276.1681,2.8000
296.5932,674.4652,997.4572,112.6235,0.00123034,-0.08463173,0.01448390,0.99630626,9.71073,1.66577,0.00000,18.35000,276.3394,2.8000
296.8433,674.4576,997.7714,112.5805,0.00120942,-0.08461013,0.01424134,0.99631162,9.70821,1.63787,-0.00000,18.35000,276.5121,2.8000
297.0933,674.4468,998.0737,112.5421,0.00118840,-0.08458946,0.01399734,0.99631686,9.70580,1.60980,-0.00000,18.35000,276.6861,2.8000
297.3433,674.4350,998.3649,112.5121,0.00116733,-0.08457094,0.01375215,0.99632187,9.70363,1.58160,0.00000,18.35000,276.8214,2.8000
297.5933,674.4252,998.6461,112.4966,0.00114625,-0.08455662,0.01350620,0.99632648,9.70195,1.55331,-0.00000,18.35000,276.8887,2.8000
297.8433,674.4172,998.9169,112.4947,0.00112515,-0.08454603,0.01325934,0.99633071,9.70070,1.52491,0.00000,18.35000,276.9508,2.8000
298.0933,674.4106,999.1768,112.5051,0.00110401,-0.08453876,0.01301139,0.99633462,9.69983,1.49640,-0.00000,18.35000,277.0081,2.8000
298.3433,674.4072,999.4279,112.5274,0.00108286,-0.08453491,0.01276275,0.99633819,9.69936,1.46780,-0.00000,18.35000,277.0561,2.8000
298.5933,674.4094,999.6737,112.5614,0.00106176,-0.08453496,0.01251411,0.99634136,9.69933,1.43920,-0.00000,18.35000,277.0900,2.8000
298.8433,674.4168,999.9135,112.6062,0.00104068,-0.08453855,0.01226509,0.99634418,9.69972,1.41056,-0.00000,18.35000,277.1157,2.8000
299.0933,674.4288,1000.1464,112.6610,0.00101957,-0.08454535,0.01201535,0.99634666,9.70047,1.38184,-0.00000,18.35000,277.1337,2.8000
299.3433,674.4503,1000.3707,112.7245,0.00099848,-0.08455652,0.01176529,0.99634872,9.70172,1.35308,-0.00000,18.35000,277.1305,2.8000
299.5933,674.4898,1000.5840,112.7955,0.00097751,-0.08457422,0.01151578,0.99635016,9.70373,1.32439,0.00000,18.35000,277.0927,2.8000
299.8433,674.5455,1000.7860,112.8745,0.00095663,-0.08459818,0.01126662,0.99635099,9.70646,1.29573,-0.00000,18.35000,277.0374,2.8000
