frame,x,y,z,qx,qy,qz,qw,pitch,yaw,roll,focal,focus,aperture
0.6328,-272.1178,1.1433,114.0809,0.00029170,-0.08511735,0.00341453,0.99636504,9.76560,0.39270,0.00000,18.35000,276.1439,2.8000
0.9109,-272.1012,1.1061,114.0954,0.00029234,-0.08512726,0.00342163,0.99636417,9.76674,0.39352,0.00000,18.35000,276.3227,2.8000
1.1609,-272.0801,1.0827,114.1137,0.00029317,-0.08513951,0.00343092,0.99636309,9.76815,0.39459,-0.00000,18.35000,276.4191,2.8000
1.4109,-272.0505,1.0676,114.1347,0.00029424,-0.08515361,0.00344281,0.99636184,9.76977,0.39596,-0.00000,18.35000,276.5115,2.8000
1.6609,-272.0109,1.0599,114.1575,0.00029551,-0.08516897,0.00345710,0.99636048,9.77154,0.39760,0.00000,18.35000,276.6057,2.8000
1.9109,-271.9612,1.0590,114.1820,0.00029697,-0.08518548,0.00347347,0.99635901,9.77344,0.39948,0.00000,18.35000,276.7019,2.8000
2.1609,-271.9012,1.0637,114.2079,0.00029859,-0.08520306,0.00349164,0.99635745,9.77546,0.40157,0.00000,18.35000,276.8002,2.8000
2.4109,-271.8312,1.0760,114.2318,0.00030045,-0.08521927,0.00351280,0.99635598,9.77733,0.40401,0.00000,18.35000,276.8865,2.8000
2.6609,-271.7511,1.0959,114.2520,0.00030261,-0.08523288,0.00353741,0.99635473,9.77889,0.40684,-0.00000,18.35000,276.9668,2.8000
2.9109,-271.6606,1.1223,114.2685,0.00030501,-0.08524400,0.00356508,0.99635368,9.78017,0.41002,-0.00000,18.35000,277.0489,2.8000
3.1609,-271.5594,1.1542,114.2819,0.00030765,-0.08525276,0.00359548,0.99635282,9.78118,0.41352,-0.00000,18.35000,277.1323,2.8000
3.4109,-271.4478,1.1926,114.2888,0.00031054,-0.08525734,0.00362905,0.99635231,9.78171,0.41738,-0.00000,18.35000,277.2016,2.8000
3.6610,-271.3256,1.2377,114.2881,0.00031368,-0.08525689,0.00366586,0.99635221,9.78166,0.42161,0.00000,18.35000,277.2641,2.8000
3.9110,-271.1926,1.2880,114.2806,0.00031706,-0.08525170,0.00370556,0.99635251,9.78107,0.42618,0.00000,18.35000,277.3282,2.8000
4.1610,-271.0514,1.3422,114.2672,0.00032065,-0.08524198,0.00374787,0.99635318,9.77995,0.43104,0.00000,18.35000,277.3962,2.8000
4.4110,-270.9005,1.4000,114.2468,0.00032429,-0.08522780,0.00379111,0.99635423,9.77832,0.43602,-0.00000,18.35000,277.4724,2.8000
4.6610,-270.7388,1.4596,114.2194,0.00032792,-0.08520934,0.00383440,0.99635564,9.77620,0.44100,-0.00000,18.35000,277.5536,2.8000
4.9110,-270.5659,1.5135,114.1862,0.00033156,-0.08518681,0.00387796,0.99635739,9.77361,0.44600,-0.00000,18.35000,277.6366,2.8000
5.1610,-270.3818,1.5619,114.1483,0.00033522,-0.08516044,0.00392196,0.99635948,9.77058,0.45106,-0.00000,18.35000,277.7211,2.8000
5.4110,-270.1874,1.6027,114.1021,0.00033901,-0.08512988,0.00396779,0.99636191,9.76706,0.45633,-0.00000,18.35000,277.8361,2.8000
5.6610,-269.9828,1.6357,114.0467,0.00034301,-0.08509508,0.00401630,0.99636468,9.76306,0.46191,-0.00000,18.35000,277.9695,2.8000
5.9110,-269.7679,1.6617,113.9840,0.00034725,-0.08505634,0.00406771,0.99636778,9.75861,0.46782,-0.00000,18.35000,278.1052,2.8000
6.1610,-269.5426,1.6833,113.9154,0.00035171,-0.08501387,0.00412213,0.99637118,9.75373,0.47408,0.00000,18.35000,278.2429,2.8000
6.4110,-269.3063,1.6981,113.8389,0.00035642,-0.08496801,0.00417954,0.99637485,9.74846,0.48068,0.00000,18.35000,278.3908,2.8000
6.6610,-269.0588,1.7052,113.7537,0.00036137,-0.08491910,0.00424007,0.99637876,9.74283,0.48764,0.00000,18.35000,278.5447,2.8000
6.9110,-268.8001,1.7053,113.6614,0.00036659,-0.08486738,0.00430393,0.99638289,9.73689,0.49498,-0.00000,18.35000,278.6997,2.8000
7.1610,-268.5302,1.7023,113.5631,0.00037207,-0.08481308,0.00437114,0.99638722,9.73065,0.50271,-0.00000,18.35000,278.8554,2.8000
7.4110,-268.2500,1.6983,113.4596,0.00037756,-0.08475655,0.00443860,0.99639173,9.72415,0.51047,-0.00000,18.35000,278.9909,2.8000
7.6610,-267.9599,1.6885,113.3513,0.00038293,-0.08469803,0.00450482,0.99639641,9.71742,0.51808,-0.00000,18.35000,279.1163,2.8000
7.9133,-267.6570,1.6733,113.2385,0.00038824,-0.08463714,0.00457063,0.99640128,9.71042,0.52564,-0.00000,18.35000,279.2440,2.8000
8.1633,-267.3469,1.6533,113.1239,0.00039342,-0.08457498,0.00463506,0.99640626,9.70328,0.53305,-0.00000,18.35000,279.3722,2.8000
8.4133,-267.0271,1.6260,113.0093,0.00039833,-0.08451272,0.00469628,0.99641125,9.69612,0.54009,-0.00000,18.35000,279.4988,2.8000
8.6633,-266.6984,1.5966,112.8960,0.00040284,-0.08445114,0.00475303,0.99641620,9.68904,0.54661,-0.00000,18.35000,279.6258,2.8000
8.9133,-266.3633,1.5652,112.7844,0.00040699,-0.08439016,0.00480547,0.99642112,9.68203,0.55264,-0.00000,18.35000,279.7568,2.8000
9.1633,-266.0211,1.5322,112.6747,0.00041078,-0.08432966,0.00485376,0.99642600,9.67507,0.55819,0.00000,18.35000,279.8914,2.8000
9.4133,-265.6701,1.4986,112.5726,0.00041426,-0.08427265,0.00489817,0.99643061,9.66852,0.56329,-0.00000,18.35000,280.0556,2.8000
9.6633,-265.3091,1.4649,112.4811,0.00041744,-0.08422050,0.00493885,0.99643482,9.66252,0.56797,-0.00000,18.35000,280.2343,2.8000
9.9133,-264.9382,1.4312,112.3993,0.00042033,-0.08417281,0.00497590,0.99643866,9.65704,0.57223,-0.00000,18.35000,280.4121,2.8000
10.1633,-264.5571,1.3976,112.3268,0.00042294,-0.08412924,0.00500939,0.99644217,9.65203,0.57608,-0.00000,18.35000,280.5889,2.8000
10.4133,-264.1667,1.3647,112.2684,0.00042542,-0.08409002,0.00504111,0.99644532,9.64752,0.57972,-0.00000,18.35000,280.7492,2.8000
10.6633,-263.7674,1.3328,112.2261,0.00042784,-0.08405500,0.00507198,0.99644812,9.64350,0.58327,-0.00000,18.35000,280.9004,2.8000
10.9133,-263.3590,1.3020,112.1988,0.00043021,-0.08402363,0.00510199,0.99645061,9.63989,0.58672,0.00000,18.35000,281.0504,2.8000
11.1771,-262.9170,1.2705,112.1849,0.00043266,-0.08399391,0.00513277,0.99645295,9.63647,0.59026,-0.00000,18.35000,281.2044,2.8000
11.4389,-262.4672,1.2439,112.2132,0.00043507,-0.08397139,0.00516283,0.99645470,9.63389,0.59372,-0.00000,18.35000,281.3989,2.8000
11.7180,-261.9745,1.2181,112.2412,0.00043767,-0.08394624,0.00519517,0.99645665,9.63100,0.59743,-0.00000,18.35000,281.5171,2.8000
11.9680,-261.5247,1.1988,112.2862,0.00043999,-0.08392645,0.00522398,0.99645816,9.62872,0.60075,0.00000,18.35000,281.6672,2.8000
12.2180,-261.0646,1.1824,112.3480,0.00044230,-0.08390837,0.00525259,0.99645953,9.62664,0.60404,0.00000,18.35000,281.8100,2.8000
12.4844,-260.5613,1.1689,112.4238,0.00044486,-0.08389426,0.00528388,0.99646055,9.62502,0.60763,-0.00000,18.35000,281.9558,2.8000
12.7344,-260.0793,1.1607,112.5041,0.00044736,-0.08388667,0.00531399,0.99646103,9.62415,0.61109,-0.00000,18.35000,282.0983,2.8000
12.9844,-259.5868,1.1559,112.5914,0.00044992,-0.08388390,0.00534460,0.99646110,9.62383,0.61461,-0.00000,18.35000,282.2379,2.8000
13.2344,-259.0837,1.1546,112.6837,0.00045253,-0.08388573,0.00537553,0.99646078,9.62405,0.61817,-0.00000,18.35000,282.3774,2.8000
13.4844,-258.5703,1.1572,112.7792,0.00045518,-0.08389210,0.00540652,0.99646007,9.62478,0.62174,-0.00000,18.35000,282.5088,2.8000
13.7344,-258.0465,1.1635,112.8755,0.00045783,-0.08390290,0.00543736,0.99645900,9.62602,0.62528,-0.00000,18.35000,282.6406,2.8000
13.9844,-257.5123,1.1735,112.9730,0.00046048,-0.08391799,0.00546784,0.99645756,9.62776,0.62879,-0.00000,18.35000,282.7733,2.8000
14.2344,-256.9676,1.1871,113.0728,0.00046311,-0.08393721,0.00549776,0.99645577,9.62997,0.63223,-0.00000,18.35000,282.9067,2.8000
14.4844,-256.4142,1.2047,113.1725,0.00046562,-0.08395695,0.00552621,0.99645395,9.63224,0.63550,-0.00000,18.35000,283.0268,2.8000
14.7344,-255.8519,1.2262,113.2728,0.00046799,-0.08397693,0.00555303,0.99645212,9.63454,0.63859,0.00000,18.35000,283.1465,2.8000
14.9844,-255.2805,1.2516,113.3708,0.00047021,-0.08399719,0.00557808,0.99645027,9.63687,0.64147,0.00000,18.35000,283.2672,2.8000
15.2344,-254.7000,1.2806,113.4660,0.00047228,-0.08401779,0.00560126,0.99644840,9.63925,0.64414,0.00000,18.35000,283.3885,2.8000
15.4844,-254.1136,1.3126,113.5542,0.00047417,-0.08403567,0.00562248,0.99644677,9.64130,0.64658,0.00000,18.35000,283.5001,2.8000
15.7344,-253.5211,1.3476,113.6360,0.00047588,-0.08405081,0.00564166,0.99644539,9.64305,0.64879,-0.00000,18.35000,283.6153,2.8000
15.9844,-252.9222,1.3854,113.7125,0.00047739,-0.08406339,0.00565871,0.99644423,9.64449,0.65075,-0.00000,18.35000,283.7346,2.8000
16.2344,-252.3166,1.4260,113.7847,0.00047870,-0.08407356,0.00567359,0.99644328,9.64566,0.65246,-0.00000,18.35000,283.8574,2.8000
16.4844,-251.7048,1.4687,113.8447,0.00047983,-0.08408008,0.00568648,0.99644266,9.64641,0.65394,-0.00000,18.35000,283.9729,2.8000
16.7345,-251.0865,1.5133,113.8936,0.00048076,-0.08408322,0.00569737,0.99644233,9.64677,0.65519,-0.00000,18.35000,284.0925,2.8000
16.9845,-250.4616,1.5596,113.9334,0.00048151,-0.08408328,0.00570624,0.99644228,9.64678,0.65621,-0.00000,18.35000,284.2165,2.8000
17.2345,-249.8297,1.6072,113.9656,0.00048207,-0.08408052,0.00571308,0.99644247,9.64647,0.65700,-0.00000,18.35000,284.3443,2.8000
17.4845,-249.1884,1.6481,113.9789,0.00048249,-0.08407027,0.00571867,0.99644330,9.64529,0.65764,-0.00000,18.35000,284.4327,2.8000
17.7345,-248.5374,1.6804,113.9753,0.00048278,-0.08405279,0.00572337,0.99644475,9.64328,0.65818,-0.00000,18.35000,284.5211,2.8000
17.9845,-247.8767,1.7041,113.9583,0.00048299,-0.08402859,0.00572754,0.99644677,9.64049,0.65866,0.00000,18.35000,284.6116,2.8000
18.2345,-247.2064,1.7196,113.9308,0.00048315,-0.08399809,0.00573149,0.99644932,9.63699,0.65911,0.00000,18.35000,284.7037,2.8000
18.4845,-246.5282,1.7287,113.8893,0.00048334,-0.08396137,0.00573628,0.99645238,9.63277,0.65966,0.00000,18.35000,284.7944,2.8000
18.7345,-245.8420,1.7316,113.8358,0.00048359,-0.08391886,0.00574216,0.99645593,9.62788,0.66034,0.00000,18.35000,284.8884,2.8000
18.9845,-245.1477,1.7283,113.7727,0.00048392,-0.08387092,0.00574935,0.99645992,9.62236,0.66116,-0.00000,18.35000,284.9856,2.8000
19.2345,-244.4452,1.7189,113.7021,0.00048434,-0.08381784,0.00575803,0.99646434,9.61626,0.66216,-0.00000,18.35000,285.0854,2.8000
19.4845,-243.7340,1.7049,113.6261,0.00048488,-0.08376182,0.00576834,0.99646899,9.60982,0.66334,0.00000,18.35000,285.1843,2.8000
19.7345,-243.0140,1.6864,113.5458,0.00048555,-0.08370316,0.00578038,0.99647385,9.60307,0.66472,-0.00000,18.35000,285.2846,2.8000
19.9845,-242.2852,1.6635,113.4625,0.00048636,-0.08364199,0.00579430,0.99647890,9.59604,0.66632,0.00000,18.35000,285.3863,2.8000
20.2345,-241.5475,1.6361,113.3771,0.00048732,-0.08357839,0.00581021,0.99648415,9.58873,0.66814,0.00000,18.35000,285.4892,2.8000
20.4845,-240.7986,1.6087,113.2923,0.00048809,-0.08351413,0.00582393,0.99648946,9.58134,0.66972,0.00000,18.35000,285.5810,2.8000
20.7345,-240.0384,1.5853,113.2089,0.00048865,-0.08344928,0.00583509,0.99649482,9.57388,0.67100,0.00000,18.35000,285.6695,2.8000
20.9845,-239.2672,1.5655,113.1273,0.00048898,-0.08338382,0.00584363,0.99650025,9.56635,0.67198,-0.00000,18.35000,285.7553,2.8000
21.2345,-238.4851,1.5490,113.0479,0.00048908,-0.08331770,0.00584950,0.99650575,9.55875,0.67265,-0.00000,18.35000,285.8386,2.8000
21.4845,-237.6908,1.5338,112.9719,0.00048879,-0.08325281,0.00585069,0.99651116,9.55129,0.67278,-0.00000,18.35000,285.9063,2.8000
21.7345,-236.8847,1.5287,112.8995,0.00048809,-0.08318916,0.00584680,0.99651650,9.54397,0.67233,-0.00000,18.35000,285.9691,2.8000
21.9845,-236.0670,1.5330,112.8307,0.00048696,-0.08312664,0.00583761,0.99652177,9.53678,0.67127,-0.00000,18.35000,286.0282,2.8000
22.2345,-235.2379,1.5458,112.7655,0.00048537,-0.08306511,0.00582294,0.99652699,9.52970,0.66958,0.00000,18.35000,286.0837,2.8000
22.4845,-234.4032,1.5631,112.7048,0.00048339,-0.08300575,0.00580336,0.99653205,9.52288,0.66732,0.00000,18.35000,286.1433,2.8000
22.7345,-233.5630,1.5844,112.6487,0.00048101,-0.08294846,0.00577888,0.99653697,9.51629,0.66450,0.00000,18.35000,286.2051,2.8000
22.9845,-232.7171,1.6094,112.5968,0.00047824,-0.08289307,0.00574947,0.99654175,9.50992,0.66112,0.00000,18.35000,286.2689,2.8000
23.2346,-231.8653,1.6378,112.5489,0.00047508,-0.08283939,0.00571512,0.99654641,9.50374,0.65717,-0.00000,18.35000,286.3344,2.8000
23.4846,-231.0060,1.6640,112.5078,0.00047170,-0.08279004,0.00567789,0.99655073,9.49807,0.65288,0.00000,18.35000,286.4029,2.8000
23.7346,-230.1391,1.6882,112.4731,0.00046814,-0.08274491,0.00563809,0.99655470,9.49287,0.64830,-0.00000,18.35000,286.4713,2.8000
23.9846,-229.2620,1.7104,112.4446,0.00046440,-0.08270376,0.00559589,0.99655836,9.48814,0.64345,0.00000,18.35000,286.5369,2.8000
24.2346,-228.3742,1.7309,112.4217,0.00046050,-0.08266634,0.00555142,0.99656171,9.48384,0.63833,-0.00000,18.35000,286.5992,2.8000
24.4846,-227.4687,1.7433,112.4076,0.00045668,-0.08263520,0.00550743,0.99656454,9.48025,0.63327,0.00000,18.35000,286.6686,2.8000
24.7346,-226.5458,1.7480,112.4020,0.00045297,-0.08261019,0.00546438,0.99656685,9.47737,0.62832,-0.00000,18.35000,286.7293,2.8000
24.9846,-225.6062,1.7458,112.4042,0.00044940,-0.08259097,0.00542259,0.99656868,9.47516,0.62352,-0.00000,18.35000,286.7807,2.8000
25.2346,-224.6508,1.7375,112.4139,0.00044599,-0.08257726,0.00538231,0.99657003,9.47358,0.61888,-0.00000,18.35000,286.8236,2.8000
25.4846,-223.6850,1.7225,112.4352,0.00044290,-0.08256737,0.00534571,0.99657105,9.47244,0.61467,-0.00000,18.35000,286.9204,2.8000
25.7346,-222.7093,1.7015,112.4678,0.00044016,-0.08256084,0.00531301,0.99657177,9.47169,0.61091,0.00000,18.35000,287.0171,2.8000
25.9846,-221.7236,1.6751,112.5109,0.00043776,-0.08255732,0.00528431,0.99657221,9.47129,0.60761,0.00000,18.35000,287.1099,2.8000
26.2346,-220.7282,1.6438,112.5636,0.00043572,-0.08255647,0.00525969,0.99657241,9.47119,0.60478,-0.00000,18.35000,287.1989,2.8000
26.4846,-219.7210,1.6025,112.6203,0.00043413,-0.08255805,0.00524052,0.99657238,9.47137,0.60258,-0.00000,18.35000,287.3450,2.8000
26.7346,-218.7020,1.5518,112.6807,0.00043304,-0.08256190,0.00522708,0.99657214,9.47181,0.60103,-0.00000,18.35000,287.4903,2.8000
26.9846,-217.6715,1.4925,112.7449,0.00043245,-0.08256788,0.00521955,0.99657168,9.47250,0.60017,-0.00000,18.35000,287.6308,2.8000
27.2346,-216.6299,1.4253,112.8129,0.00043237,-0.08257584,0.00521808,0.99657103,9.47341,0.60000,0.00000,18.35000,287.7669,2.8000
27.4846,-215.5768,1.3483,112.8807,0.00043281,-0.08258501,0.00522287,0.99657024,9.47447,0.60055,-0.00000,18.35000,287.9080,2.8000
27.7346,-214.5123,1.2684,112.9486,0.00043378,-0.08259532,0.00523387,0.99656933,9.47565,0.60182,-0.00000,18.35000,288.0458,2.8000
27.9846,-213.4370,1.1993,113.0171,0.00043522,-0.08260673,0.00525055,0.99656830,9.47697,0.60374,-0.00000,18.35000,288.1797,2.8000
28.2346,-212.3511,1.1398,113.0868,0.00043710,-0.08261919,0.00527243,0.99656715,9.47840,0.60625,0.00000,18.35000,288.3101,2.8000
28.4846,-211.2558,1.0921,113.1544,0.00043951,-0.08263067,0.00530069,0.99656605,9.47972,0.60950,-0.00000,18.35000,288.4376,2.8000
28.7346,-210.1515,1.0550,113.2202,0.00044240,-0.08264107,0.00533485,0.99656500,9.48092,0.61343,-0.00000,18.35000,288.5624,2.8000
28.9846,-209.0384,1.0272,113.2853,0.00044573,-0.08265044,0.00537440,0.99656401,9.48200,0.61798,-0.00000,18.35000,288.6847,2.8000
29.2346,-207.9166,1.0077,113.3504,0.00044946,-0.08265878,0.00541885,0.99656307,9.48296,0.62309,-0.00000,18.35000,288.8044,2.8000
29.4846,-206.7889,0.9998,113.4124,0.00045364,-0.08266348,0.00546891,0.99656241,9.48350,0.62885,0.00000,18.35000,288.9127,2.8000
29.7346,-205.6552,1.0021,113.4718,0.00045822,-0.08266449,0.00552406,0.99656202,9.48362,0.63519,0.00000,18.35000,289.0197,2.8000
29.9846,-204.5155,1.0134,113.5298,0.00046316,-0.08266187,0.00558377,0.99656190,9.48332,0.64205,-0.00000,18.35000,289.1259,2.8000
30.2347,-203.3727,1.0323,113.5812,0.00046842,-0.08265585,0.00564758,0.99656204,9.48263,0.64939,0.00000,18.35000,289.2352,2.8000
30.4847,-202.2249,1.0634,113.6198,0.00047365,-0.08264529,0.00571136,0.99656255,9.48142,0.65672,-0.00000,18.35000,289.2983,2.8000
30.7347,-201.0718,1.1053,113.6477,0.00047880,-0.08263045,0.00577451,0.99656341,9.47972,0.66398,-0.00000,18.35000,289.3618,2.8000
30.9847,-199.9134,1.1568,113.6672,0.00048384,-0.08261163,0.00583669,0.99656461,9.47756,0.67113,-0.00000,18.35000,289.4282,2.8000
31.2347,-198.7494,1.2167,113.6805,0.00048876,-0.08258906,0.00589762,0.99656612,9.47497,0.67814,0.00000,18.35000,289.4972,2.8000
31.4847,-197.5792,1.2848,113.6799,0.00049345,-0.08256225,0.00595617,0.99656799,9.47189,0.68487,0.00000,18.35000,289.5441,2.8000
31.7347,-196.4025,1.3599,113.6681,0.00049789,-0.08253153,0.00601207,0.99657020,9.46836,0.69130,-0.00000,18.35000,289.5913,2.8000
31.9847,-195.2193,1.4408,113.6479,0.00050208,-0.08249718,0.00606514,0.99657272,9.46441,0.69740,0.00000,18.35000,289.6400,2.8000
32.2347,-194.0296,1.5163,113.6221,0.00050602,-0.08245945,0.00611562,0.99657553,9.46008,0.70320,-0.00000,18.35000,289.6896,2.8000
32.4847,-192.8315,1.5791,113.5856,0.00050987,-0.08241809,0.00616527,0.99657864,9.45532,0.70890,0.00000,18.35000,289.7603,2.8000
32.7347,-191.6252,1.6304,113.5401,0.00051368,-0.08237339,0.00621463,0.99658203,9.45019,0.71458,-0.00000,18.35000,289.8312,2.8000
32.9847,-190.4107,1.6835,113.4875,0.00051742,-0.08232563,0.00626362,0.99658567,9.44470,0.72021,-0.00000,18.35000,289.9005,2.8000
33.2347,-189.1881,1.7435,113.4299,0.00052110,-0.08227500,0.00631203,0.99658954,9.43888,0.72577,0.00000,18.35000,289.9678,2.8000
33.4847,-187.9549,1.8029,113.3611,0.00052455,-0.08222028,0.00635807,0.99659376,9.43259,0.73106,0.00000,18.35000,290.0608,2.8000
33.7347,-186.7112,1.8612,113.2824,0.00052777,-0.08216176,0.00640171,0.99659831,9.42586,0.73608,-0.00000,18.35000,290.1525,2.8000
33.9847,-185.4572,1.9185,113.1953,0.00053078,-0.08209975,0.00644306,0.99660315,9.41874,0.74083,-0.00000,18.35000,290.2408,2.8000
34.2347,-184.1934,1.9750,113.1013,0.00053357,-0.08203452,0.00648219,0.99660827,9.41124,0.74532,-0.00000,18.35000,290.3260,2.8000
34.4847,-182.9172,2.0190,112.9976,0.00053590,-0.08196671,0.00651590,0.99661362,9.40344,0.74919,-0.00000,18.35000,290.4401,2.8000
34.7347,-181.6289,2.0506,112.8854,0.00053779,-0.08189666,0.00654451,0.99661919,9.39539,0.75248,-0.00000,18.35000,290.5520,2.8000
34.9847,-180.3293,2.0708,112.7659,0.00053929,-0.08182460,0.00656854,0.99662495,9.38711,0.75524,0.00000,18.35000,290.6602,2.8000
35.2347,-179.0215,2.0806,112.6401,0.00054043,-0.08175077,0.00658848,0.99663088,9.37862,0.75752,0.00000,18.35000,290.7672,2.8000
35.4847,-177.7049,2.0757,112.5182,0.00054119,-0.08168054,0.00660340,0.99663654,9.37055,0.75924,-0.00000,18.35000,290.9119,2.8000
35.7347,-176.3798,2.0571,112.4008,0.00054160,-0.08161407,0.00661383,0.99664192,9.36290,0.76043,0.00000,18.35000,291.0559,2.8000
35.9847,-175.0466,2.0257,112.2879,0.00054171,-0.08155118,0.00662032,0.99664702,9.35567,0.76117,-0.00000,18.35000,291.1969,2.8000
36.2347,-173.7053,1.9827,112.1793,0.00054157,-0.08149167,0.00662340,0.99665187,9.34883,0.76152,-0.00000,18.35000,291.3348,2.8000
36.4847,-172.3518,1.9230,112.0811,0.00054130,-0.08143657,0.00662461,0.99665636,9.34250,0.76166,0.00000,18.35000,291.4593,2.8000
36.7347,-170.9863,1.8640,111.9935,0.00054091,-0.08138562,0.00662401,0.99666053,9.33664,0.76159,-0.00000,18.35000,291.5750,2.8000
36.9847,-169.6093,1.8056,111.9158,0.00054040,-0.08133849,0.00662163,0.99666439,9.33122,0.76131,0.00000,18.35000,291.6830,2.8000
37.2347,-168.2211,1.7480,111.8475,0.00053977,-0.08129487,0.00661748,0.99666798,9.32620,0.76083,0.00000,18.35000,291.7833,2.8000
37.4848,-166.8290,1.6926,111.7950,0.00053919,-0.08125507,0.00661369,0.99667125,9.32163,0.76039,-0.00000,18.35000,291.8431,2.8000
37.7348,-165.4330,1.6395,111.7576,0.00053867,-0.08121863,0.00661030,0.99667424,9.31744,0.76000,-0.00000,18.35000,291.8990,2.8000
37.9848,-164.0330,1.5886,111.7345,0.00053820,-0.08118509,0.00660723,0.99667700,9.31358,0.75965,0.00000,18.35000,291.9535,2.8000
38.2348,-162.6288,1.5399,111.7247,0.00053776,-0.08115401,0.00660441,0.99667955,9.31001,0.75932,-0.00000,18.35000,292.0064,2.8000
38.4848,-161.2228,1.4953,111.7316,0.00053740,-0.08112957,0.00660200,0.99668155,9.30720,0.75904,-0.00000,18.35000,292.0089,2.8000
38.7348,-159.8150,1.4547,111.7543,0.00053711,-0.08111147,0.00659991,0.99668304,9.30512,0.75880,-0.00000,18.35000,292.0085,2.8000
38.9848,-158.4052,1.4178,111.7916,0.00053687,-0.08109919,0.00659801,0.99668405,9.30370,0.75858,-0.00000,18.35000,292.0081,2.8000
39.2348,-156.9929,1.3841,111.8422,0.00053668,-0.08109222,0.00659620,0.99668463,9.30290,0.75837,0.00000,18.35000,292.0078,2.8000
39.4848,-155.5785,1.3561,111.9042,0.00053650,-0.08109297,0.00659391,0.99668459,9.30299,0.75811,0.00000,18.35000,291.9721,2.8000
39.7348,-154.1619,1.3334,111.9773,0.00053631,-0.08110113,0.00659094,0.99668394,9.30393,0.75777,-0.00000,18.35000,291.9348,2.8000
39.9848,-152.7428,1.3157,112.0611,0.00053610,-0.08111625,0.00658713,0.99668274,9.30566,0.75733,-0.00000,18.35000,291.8979,2.8000
40.2348,-151.3209,1.3027,112.1554,0.00053586,-0.08113787,0.00658237,0.99668101,9.30815,0.75679,-0.00000,18.35000,291.8614,2.8000
40.4848,-149.8997,1.2957,112.2532,0.00053556,-0.08116105,0.00657687,0.99667916,9.31081,0.75615,-0.00000,18.35000,291.8399,2.8000
40.7348,-148.4786,1.2946,112.3544,0.00053520,-0.08118532,0.00657043,0.99667722,9.31360,0.75541,-0.00000,18.35000,291.8235,2.8000
40.9848,-147.0570,1.2990,112.4598,0.00053475,-0.08121052,0.00656283,0.99667522,9.31650,0.75454,-0.00000,18.35000,291.8109,2.8000
41.2348,-145.6346,1.3088,112.5667,0.00053419,-0.08123656,0.00655389,0.99667316,9.31950,0.75352,-0.00000,18.35000,291.8020,2.8000
41.4848,-144.2121,1.3236,112.6695,0.00053353,-0.08126234,0.00654367,0.99667112,9.32246,0.75234,0.00000,18.35000,291.8057,2.8000
41.7348,-142.7891,1.3434,112.7685,0.00053275,-0.08128785,0.00653202,0.99666912,9.32539,0.75101,-0.00000,18.35000,291.8146,2.8000
41.9853,-141.3623,1.3681,112.8642,0.00053183,-0.08131322,0.00651873,0.99666714,9.32831,0.74948,-0.00000,18.35000,291.8278,2.8000
42.2353,-139.9372,1.3974,112.9566,0.00053077,-0.08133842,0.00650368,0.99666518,9.33120,0.74775,0.00000,18.35000,291.8449,2.8000
42.4853,-138.5119,1.4310,113.0440,0.00052959,-0.08136215,0.00648729,0.99666335,9.33393,0.74587,0.00000,18.35000,291.8697,2.8000
42.7353,-137.0861,1.4691,113.1264,0.00052828,-0.08138446,0.00646944,0.99666165,9.33650,0.74382,-0.00000,18.35000,291.8990,2.8000
42.9853,-135.6594,1.5114,113.2045,0.00052682,-0.08140547,0.00644999,0.99666006,9.33891,0.74158,-0.00000,18.35000,291.9325,2.8000
43.2353,-134.2316,1.5578,113.2784,0.00052522,-0.08142530,0.00642879,0.99665858,9.34119,0.73914,0.00000,18.35000,291.9696,2.8000
43.4853,-132.8024,1.6072,113.3424,0.00052351,-0.08144018,0.00640663,0.99665750,9.34290,0.73660,-0.00000,18.35000,292.0016,2.8000
43.7353,-131.3713,1.6593,113.3969,0.00052168,-0.08145020,0.00638346,0.99665683,9.34405,0.73393,-0.00000,18.35000,292.0370,2.8000
43.9853,-129.9382,1.7015,113.4429,0.00051976,-0.08145567,0.00635960,0.99665654,9.34468,0.73119,-0.00000,18.35000,292.0764,2.8000
44.2353,-128.5031,1.7347,113.4811,0.00051779,-0.08145687,0.00633536,0.99665660,9.34481,0.72840,0.00000,18.35000,292.1192,2.8000
44.4854,-127.0660,1.7623,113.5056,0.00051581,-0.08145154,0.00631160,0.99665718,9.34420,0.72567,-0.00000,18.35000,292.1554,2.8000
44.7354,-125.6268,1.7849,113.5181,0.00051385,-0.08143996,0.00628850,0.99665828,9.34287,0.72302,0.00000,18.35000,292.1950,2.8000
44.9854,-124.1854,1.8026,113.5207,0.00051192,-0.08142250,0.00626620,0.99665985,9.34086,0.72045,-0.00000,18.35000,292.2382,2.8000
45.2354,-122.7418,1.8157,113.5155,0.00051003,-0.08139946,0.00624480,0.99666186,9.33821,0.71799,-0.00000,18.35000,292.2845,2.8000
45.4854,-121.2976,1.8258,113.4997,0.00050822,-0.08137268,0.00622469,0.99666418,9.33513,0.71568,-0.00000,18.35000,292.3296,2.8000
45.7354,-119.8527,1.8329,113.4753,0.00050650,-0.08134254,0.00620598,0.99666675,9.33166,0.71352,-0.00000,18.35000,292.3789,2.8000
45.9854,-118.4069,1.8366,113.4445,0.00050488,-0.08130926,0.00618873,0.99666958,9.32783,0.71154,-0.00000,18.35000,292.4323,2.8000
46.2354,-116.9600,1.8368,113.4092,0.00050338,-0.08127300,0.00617303,0.99667263,9.32366,0.70973,-0.00000,18.35000,292.4893,2.8000
46.4854,-115.5128,1.8347,113.3656,0.00050197,-0.08123375,0.00615885,0.99667592,9.31915,0.70810,-0.00000,18.35000,292.5335,2.8000
46.7354,-114.0650,1.8301,113.3152,0.00050068,-0.08119171,0.00614622,0.99667943,9.31431,0.70664,-0.00000,18.35000,292.5811,2.8000
46.9854,-112.6163,1.8224,113.2602,0.00049951,-0.08114705,0.00613522,0.99668313,9.30918,0.70538,0.00000,18.35000,292.6324,2.8000
47.2354,-111.1665,1.8116,113.2022,0.00049846,-0.08109988,0.00612592,0.99668703,9.30375,0.70430,-0.00000,18.35000,292.6869,2.8000
47.4854,-109.7146,1.7963,113.1428,0.00049725,-0.08105288,0.00611452,0.99669092,9.29835,0.70299,-0.00000,18.35000,292.7268,2.8000
47.7354,-108.2604,1.7763,113.0831,0.00049586,-0.08100622,0.00610100,0.99669480,9.29299,0.70143,0.00000,18.35000,292.7668,2.8000
47.9854,-106.8040,1.7514,113.0240,0.00049432,-0.08095987,0.00608558,0.99669866,9.28766,0.69966,-0.00000,18.35000,292.8076,2.8000
48.2354,-105.3451,1.7216,112.9664,0.00049265,-0.08091375,0.00606849,0.99670251,9.28235,0.69769,-0.00000,18.35000,292.8490,2.8000
48.4854,-103.8812,1.6855,112.9062,0.00049057,-0.08086927,0.00604619,0.99670626,9.27724,0.69512,-0.00000,18.35000,292.8833,2.8000
48.7354,-102.4125,1.6475,112.8440,0.00048807,-0.08082651,0.00601864,0.99670989,9.27232,0.69195,-0.00000,18.35000,292.9158,2.8000
48.9854,-100.9390,1.6223,112.7806,0.00048514,-0.08078545,0.00598552,0.99671342,9.26760,0.68814,-0.00000,18.35000,292.9465,2.8000
49.2354,-99.4609,1.6087,112.7168,0.00048174,-0.08074607,0.00594652,0.99671685,9.26307,0.68366,-0.00000,18.35000,292.9755,2.8000
49.4854,-97.9766,1.6050,112.6544,0.00047778,-0.08070868,0.00590045,0.99672015,9.25877,0.67836,-0.00000,18.35000,293.0085,2.8000
49.7354,-96.4864,1.6101,112.5939,0.00047325,-0.08067318,0.00584707,0.99672334,9.25468,0.67222,0.00000,18.35000,293.0386,2.8000
49.9854,-94.9906,1.6233,112.5356,0.00046814,-0.08063946,0.00578628,0.99672643,9.25080,0.66523,-0.00000,18.35000,293.0655,2.8000
50.2354,-93.4894,1.6438,112.4799,0.00046242,-0.08060741,0.00571798,0.99672942,9.24711,0.65737,0.00000,18.35000,293.0893,2.8000
50.4854,-91.9813,1.6671,112.4293,0.00045633,-0.08057745,0.00564478,0.99673226,9.24367,0.64896,-0.00000,18.35000,293.1258,2.8000
50.7354,-90.4666,1.6928,112.3838,0.00044988,-0.08054944,0.00556688,0.99673497,9.24044,0.64000,-0.00000,18.35000,293.1588,2.8000
50.9857,-88.9443,1.7208,112.3431,0.00044305,-0.08052319,0.00548422,0.99673755,9.23742,0.63050,-0.00000,18.35000,293.1876,2.8000
51.2357,-87.4174,1.7506,112.3070,0.00043587,-0.08049858,0.00539699,0.99674002,9.23458,0.62047,-0.00000,18.35000,293.2124,2.8000
51.4857,-85.8825,1.7774,112.2852,0.00042869,-0.08047810,0.00530942,0.99674214,9.23223,0.61040,-0.00000,18.35000,293.2717,2.8000
51.7357,-84.3402,1.8012,112.2774,0.00042153,-0.08046147,0.00522188,0.99674395,9.23031,0.60033,0.00000,18.35000,293.3265,2.8000
51.9857,-82.7906,1.8224,112.2824,0.00041441,-0.08044830,0.00513447,0.99674547,9.22879,0.59028,-0.00000,18.35000,293.3748,2.8000
52.2357,-81.2343,1.8411,112.2993,0.00040732,-0.08043820,0.00504729,0.99674674,9.22763,0.58026,-0.00000,18.35000,293.4171,2.8000
52.4857,-79.6655,1.8532,112.3282,0.00040034,-0.08043176,0.00496114,0.99674769,9.22688,0.57036,-0.00000,18.35000,293.4954,2.8000
52.7357,-78.0846,1.8588,112.3682,0.00039347,-0.08042872,0.00487627,0.99674836,9.22653,0.56060,-0.00000,18.35000,293.5652,2.8000
52.9857,-76.4924,1.8587,112.4186,0.00038674,-0.08042876,0.00479288,0.99674876,9.22653,0.55101,-0.00000,18.35000,293.6246,2.8000
53.2357,-74.8895,1.8533,112.4787,0.00038016,-0.08043158,0.00471114,0.99674893,9.22685,0.54161,-0.00000,18.35000,293.6741,2.8000
53.4857,-73.2794,1.8292,112.5461,0.00037391,-0.08043995,0.00463322,0.99674862,9.22781,0.53266,0.00000,18.35000,293.7785,2.8000
53.7357,-71.6626,1.7871,112.6212,0.00036805,-0.08045372,0.00455976,0.99674785,9.22939,0.52421,-0.00000,18.35000,293.8803,2.8000
53.9857,-70.0396,1.7286,112.7045,0.00036260,-0.08047257,0.00449120,0.99674664,9.23155,0.51633,-0.00000,18.35000,293.9763,2.8000
54.2357,-68.4108,1.6550,112.7960,0.00035760,-0.08049618,0.00442795,0.99674502,9.23426,0.50906,-0.00000,18.35000,294.0665,2.8000
54.4857,-66.7781,1.5595,112.8862,0.00035318,-0.08052348,0.00437171,0.99674306,9.23740,0.50260,-0.00000,18.35000,294.1526,2.8000
54.7357,-65.1418,1.4763,112.9765,0.00034929,-0.08055434,0.00432194,0.99674079,9.24095,0.49687,0.00000,18.35000,294.2362,2.8000
54.9857,-63.5021,1.4054,113.0688,0.00034589,-0.08058860,0.00427804,0.99673821,9.24488,0.49183,-0.00000,18.35000,294.3175,2.8000
55.2357,-61.8591,1.3452,113.1647,0.00034293,-0.08062608,0.00423947,0.99673534,9.24919,0.48740,-0.00000,18.35000,294.3963,2.8000
55.4857,-60.2115,1.2989,113.2567,0.00034038,-0.08066104,0.00420612,0.99673266,9.25321,0.48356,0.00000,18.35000,294.4277,2.8000
55.7357,-58.5591,1.2651,113.3451,0.00033820,-0.08069327,0.00417750,0.99673017,9.25691,0.48027,0.00000,18.35000,294.4543,2.8000
55.9857,-56.9021,1.2424,113.4311,0.00033636,-0.08072287,0.00415317,0.99672787,9.26032,0.47748,-0.00000,18.35000,294.4788,2.8000
56.2357,-55.2409,1.2291,113.5155,0.00033482,-0.08074992,0.00413276,0.99672577,9.26342,0.47513,-0.00000,18.35000,294.5014,2.8000
56.4857,-53.5780,1.2249,113.5955,0.00033356,-0.08077339,0.00411603,0.99672394,9.26612,0.47321,-0.00000,18.35000,294.4781,2.8000
56.7358,-51.9136,1.2286,113.6673,0.00033256,-0.08079347,0.00410264,0.99672236,9.26843,0.47167,-0.00000,18.35000,294.4529,2.8000
56.9858,-50.2476,1.2389,113.7318,0.00033179,-0.08081043,0.00409227,0.99672103,9.27038,0.47048,-0.00000,18.35000,294.4283,2.8000
57.2358,-48.5801,1.2549,113.7896,0.00033123,-0.08082450,0.00408465,0.99671992,9.27200,0.46960,0.00000,18.35000,294.4043,2.8000
57.4858,-46.9133,1.2750,113.8395,0.00033082,-0.08083491,0.00407906,0.99671910,9.27319,0.46896,0.00000,18.35000,294.3591,2.8000
57.7358,-45.2471,1.2983,113.8822,0.00033054,-0.08084185,0.00407529,0.99671856,9.27399,0.46853,-0.00000,18.35000,294.3152,2.8000
57.9858,-43.5813,1.3241,113.9182,0.00033038,-0.08084555,0.00407318,0.99671826,9.27442,0.46829,0.00000,18.35000,294.2736,2.8000
58.2358,-41.9157,1.3519,113.9483,0.00033038,-0.08084555,0.00407318,0.99671826,9.27442,0.46829,0.00000,18.35000,294.2342,2.8000
58.4858,-40.2504,1.3845,113.9649,0.00033066,-0.08083883,0.00407695,0.99671879,9.27364,0.46872,-0.00000,18.35000,294.1612,2.8000
58.7358,-38.5851,1.4214,113.9689,0.00033126,-0.08082488,0.00408501,0.99671989,9.27204,0.46965,0.00000,18.35000,294.0879,2.8000
58.9858,-36.9197,1.4621,113.9619,0.00033215,-0.08080411,0.00409711,0.99672153,9.26965,0.47104,-0.00000,18.35000,294.0161,2.8000
59.2358,-35.2539,1.5059,113.9453,0.00033333,-0.08077689,0.00411302,0.99672367,9.26653,0.47286,-0.00000,18.35000,293.9453,2.8000
59.4858,-33.5861,1.5531,113.9131,0.00033478,-0.08074279,0.00413263,0.99672635,9.26260,0.47512,-0.00000,18.35000,293.8978,2.8000
59.7358,-31.9163,1.6034,113.8667,0.00033648,-0.08070225,0.00415574,0.99672953,9.25794,0.47777,-0.00000,18.35000,293.8516,2.8000
59.9858,-30.2444,1.6597,113.8083,0.00033841,-0.08065571,0.00418207,0.99673319,9.25260,0.48080,-0.00000,18.35000,293.8050,2.8000
60.2358,-28.5705,1.7222,113.7394,0.00034056,-0.08060355,0.00421131,0.99673729,9.24660,0.48416,0.00000,18.35000,293.7577,2.8000
60.4858,-26.8955,1.7834,113.6598,0.00034261,-0.08054992,0.00423957,0.99674150,9.24044,0.48740,-0.00000,18.35000,293.7942,2.8000
60.7358,-25.2196,1.8400,113.5710,0.00034458,-0.08049531,0.00426681,0.99674580,9.23416,0.49053,-0.00000,18.35000,293.8366,2.8000
60.9858,-23.5430,1.8837,113.4748,0.00034650,-0.08043994,0.00429352,0.99675015,9.22779,0.49360,-0.00000,18.35000,293.8798,2.8000
61.2358,-21.8655,1.9157,113.3724,0.00034840,-0.08038399,0.00432013,0.99675455,9.22136,0.49666,0.00000,18.35000,293.9234,2.8000
61.4858,-20.1876,1.9346,113.2621,0.00035017,-0.08032856,0.00434514,0.99675891,9.21499,0.49953,-0.00000,18.35000,293.9921,2.8000
61.7358,-18.5092,1.9427,113.1454,0.00035184,-0.08027385,0.00436886,0.99676321,9.20870,0.50226,-0.00000,18.35000,294.0632,2.8000
61.9858,-16.8303,1.9409,113.0240,0.00035344,-0.08021998,0.00439166,0.99676745,9.20251,0.50488,-0.00000,18.35000,294.1350,2.8000
62.2358,-15.1511,1.9302,112.8993,0.00035499,-0.08016701,0.00441388,0.99677161,9.19642,0.50743,0.00000,18.35000,294.2072,2.8000
62.4858,-13.4665,1.9114,112.7734,0.00035633,-0.08011620,0.00443329,0.99677561,9.19058,0.50966,0.00000,18.35000,294.3730,2.8000
62.7358,-11.7766,1.8850,112.6476,0.00035746,-0.08006760,0.00445005,0.99677944,9.18499,0.51158,0.00000,18.35000,294.5396,2.8000
62.9879,-10.0673,1.8519,112.5220,0.00035841,-0.08002079,0.00446458,0.99678313,9.17961,0.51325,0.00000,18.35000,294.7008,2.8000
63.2379,-8.3680,1.8131,112.3995,0.00035920,-0.07997642,0.00447687,0.99678664,9.17451,0.51466,-0.00000,18.35000,294.8592,2.8000
63.4879,-6.6644,1.7707,112.2831,0.00035980,-0.07993523,0.00448672,0.99678990,9.16978,0.51579,-0.00000,18.35000,295.0184,2.8000
63.7458,-4.9013,1.7239,112.1700,0.00036025,-0.07989600,0.00449455,0.99679301,9.16527,0.51669,0.00000,18.35000,295.1703,2.8000
63.9958,-3.1898,1.6760,112.0672,0.00036052,-0.07986073,0.00449985,0.99679581,9.16121,0.51730,-0.00000,18.35000,295.3250,2.8000
64.2458,-1.4748,1.6261,111.9718,0.00036063,-0.07982800,0.00450311,0.99679842,9.15745,0.51767,-0.00000,18.35000,295.4693,2.8000
64.4958,0.2397,1.5762,111.8919,0.00036070,-0.07980111,0.00450555,0.99680056,9.15436,0.51795,0.00000,18.35000,295.5430,2.8000
64.7458,1.9533,1.5265,111.8268,0.00036074,-0.07977961,0.00450723,0.99680227,9.15189,0.51814,-0.00000,18.35000,295.6136,2.8000
64.9958,3.6664,1.4773,111.7759,0.00036074,-0.07976300,0.00450815,0.99680360,9.14998,0.51825,0.00000,18.35000,295.6821,2.8000
65.2458,5.3789,1.4287,111.7384,0.00036069,-0.07975082,0.00450831,0.99680457,9.14858,0.51827,0.00000,18.35000,295.7486,2.8000
65.4958,7.0861,1.3832,111.7273,0.00036076,-0.07974627,0.00450933,0.99680493,9.14806,0.51838,-0.00000,18.35000,295.7199,2.8000
65.7458,8.7884,1.3408,111.7411,0.00036091,-0.07974857,0.00451112,0.99680474,9.14832,0.51859,-0.00000,18.35000,295.6899,2.8000
65.9958,10.4859,1.3013,111.7778,0.00036114,-0.07975694,0.00451358,0.99680406,9.14928,0.51887,-0.00000,18.35000,295.6601,2.8000
66.2458,12.1791,1.2644,111.8355,0.00036145,-0.07977066,0.00451660,0.99680294,9.15086,0.51922,-0.00000,18.35000,295.6304,2.8000
66.4958,13.8661,1.2329,111.9039,0.00036184,-0.07978789,0.00452057,0.99680155,9.15284,0.51968,-0.00000,18.35000,295.5543,2.8000
66.7458,15.5474,1.2065,111.9822,0.00036231,-0.07980821,0.00452529,0.99679990,9.15518,0.52022,0.00000,18.35000,295.4808,2.8000
66.9958,17.2234,1.1848,112.0697,0.00036284,-0.07983130,0.00453059,0.99679803,9.15783,0.52083,-0.00000,18.35000,295.4103,2.8000
67.2458,18.8944,1.1675,112.1659,0.00036342,-0.07985683,0.00453629,0.99679596,9.16077,0.52149,0.00000,18.35000,295.3426,2.8000
67.4958,20.5613,1.1557,112.2714,0.00036403,-0.07988454,0.00454234,0.99679371,9.16395,0.52218,-0.00000,18.35000,295.2771,2.8000
67.7458,22.2242,1.1493,112.3784,0.00036466,-0.07991432,0.00454852,0.99679129,9.16738,0.52290,-0.00000,18.35000,295.2144,2.8000
67.9958,23.8834,1.1479,112.4834,0.00036530,-0.07994616,0.00455464,0.99678871,9.17104,0.52360,0.00000,18.35000,295.1548,2.8000
68.2458,25.5392,1.1513,112.5868,0.00036593,-0.07998005,0.00456054,0.99678596,9.17493,0.52428,-0.00000,18.35000,295.0980,2.8000
68.4958,27.1910,1.1562,112.6857,0.00036654,-0.08001511,0.00456609,0.99678313,9.17896,0.52492,-0.00000,18.35000,295.0538,2.8000
68.7458,28.8390,1.1625,112.7807,0.00036712,-0.08005138,0.00457126,0.99678019,9.18313,0.52552,-0.00000,18.35000,295.0126,2.8000
68.9958,30.4835,1.1699,112.8721,0.00036767,-0.08008891,0.00457602,0.99677715,9.18745,0.52607,-0.00000,18.35000,294.9740,2.8000
69.2458,32.1247,1.1783,112.9604,0.00036820,-0.08012776,0.00458036,0.99677401,9.19192,0.52657,-0.00000,18.35000,294.9377,2.8000
69.4958,33.7623,1.1881,113.0414,0.00036875,-0.08016589,0.00458497,0.99677092,9.19630,0.52710,-0.00000,18.35000,294.8948,2.8000
69.7458,35.3966,1.2011,113.1159,0.00036931,-0.08020343,0.00458974,0.99676788,9.20062,0.52765,-0.00000,18.35000,294.8550,2.8000
69.9958,37.0277,1.2170,113.1849,0.00036986,-0.08024053,0.00459452,0.99676487,9.20488,0.52820,-0.00000,18.35000,294.8181,2.8000
70.2458,38.6557,1.2354,113.2493,0.00037041,-0.08027729,0.00459920,0.99676189,9.20911,0.52874,-0.00000,18.35000,294.7838,2.8000
70.4959,40.2806,1.2579,113.3045,0.00037098,-0.08031104,0.00460428,0.99675915,9.21299,0.52932,-0.00000,18.35000,294.7514,2.8000
70.7459,41.9027,1.2843,113.3517,0.00037155,-0.08034199,0.00460957,0.99675663,9.21655,0.52993,-0.00000,18.35000,294.7227,2.8000
70.9959,43.5219,1.3144,113.3918,0.00037211,-0.08037036,0.00461485,0.99675432,9.21981,0.53054,0.00000,18.35000,294.6972,2.8000
71.2459,45.1381,1.3479,113.4259,0.00037264,-0.08039635,0.00461997,0.99675220,9.22280,0.53113,-0.00000,18.35000,294.6750,2.8000
71.4959,46.7502,1.3726,113.4515,0.00037313,-0.08041770,0.00462480,0.99675045,9.22525,0.53169,-0.00000,18.35000,294.6865,2.8000
71.7459,48.3582,1.3893,113.4693,0.00037360,-0.08043466,0.00462961,0.99674906,9.22720,0.53224,-0.00000,18.35000,294.7023,2.8000
71.9959,49.9622,1.3985,113.4801,0.00037406,-0.08044748,0.00463465,0.99674800,9.22868,0.53282,-0.00000,18.35000,294.7216,2.8000
72.2459,51.5625,1.4009,113.4847,0.00037455,-0.08045641,0.00464013,0.99674726,9.22970,0.53345,-0.00000,18.35000,294.7442,2.8000
72.4959,53.1615,1.3994,113.4810,0.00037507,-0.08046116,0.00464635,0.99674685,9.23025,0.53417,0.00000,18.35000,294.7383,2.8000
72.7459,54.7592,1.3942,113.4700,0.00037565,-0.08046200,0.00465341,0.99674674,9.23034,0.53498,-0.00000,18.35000,294.7328,2.8000
72.9959,56.3556,1.3856,113.4524,0.00037628,-0.08045919,0.00466141,0.99674693,9.23002,0.53590,0.00000,18.35000,294.7279,2.8000
73.2459,57.9505,1.3738,113.4292,0.00037698,-0.08045294,0.00467043,0.99674740,9.22930,0.53693,-0.00000,18.35000,294.7236,2.8000
73.4959,59.5396,1.3613,113.3974,0.00037782,-0.08044339,0.00468139,0.99674811,9.22821,0.53819,-0.00000,18.35000,294.6878,2.8000
73.7459,61.1232,1.3482,113.3581,0.00037880,-0.08043079,0.00469428,0.99674907,9.22676,0.53968,-0.00000,18.35000,294.6565,2.8000
73.9959,62.7013,1.3346,113.3122,0.00037992,-0.08041535,0.00470908,0.99675025,9.22498,0.54138,0.00000,18.35000,294.6298,2.8000
74.2459,64.2745,1.3204,113.2606,0.00038117,-0.08039727,0.00472574,0.99675162,9.22291,0.54329,-0.00000,18.35000,294.6073,2.8000
74.4959,65.8417,1.3068,113.2025,0.00038214,-0.08037570,0.00473900,0.99675330,9.22043,0.54481,-0.00000,18.35000,294.5434,2.8000
74.7459,67.4034,1.2937,113.1390,0.00038282,-0.08035080,0.00474884,0.99675526,9.21757,0.54594,0.00000,18.35000,294.4828,2.8000
74.9959,68.9598,1.2807,113.0711,0.00038321,-0.08032274,0.00475535,0.99675749,9.21434,0.54669,-0.00000,18.35000,294.4256,2.8000
75.2459,70.5114,1.2678,112.9997,0.00038332,-0.08029164,0.00475860,0.99675998,9.21076,0.54706,-0.00000,18.35000,294.3716,2.8000
75.4959,72.0621,1.2547,112.9277,0.00038273,-0.08025799,0.00475328,0.99676272,9.20690,0.54645,-0.00000,18.35000,294.3089,2.8000
75.7459,73.6121,1.2407,112.8558,0.00038145,-0.08022180,0.00473952,0.99676570,9.20273,0.54487,0.00000,18.35000,294.2438,2.8000
75.9959,75.1613,1.2344,112.7848,0.00037947,-0.08018305,0.00471725,0.99676892,9.19828,0.54230,0.00000,18.35000,294.1763,2.8000
76.2459,76.7094,1.2470,112.7152,0.00037676,-0.08014171,0.00468598,0.99677239,9.19352,0.53871,-0.00000,18.35000,294.1063,2.8000
76.4959,78.2556,1.2688,112.6550,0.00037359,-0.08010260,0.00464882,0.99677571,9.18903,0.53443,-0.00000,18.35000,294.1345,2.8000
76.7459,79.7997,1.2991,112.6044,0.00036995,-0.08006550,0.00460566,0.99677890,9.18476,0.52947,-0.00000,18.35000,294.1623,2.8000
76.9959,81.3414,1.3369,112.5629,0.00036582,-0.08003011,0.00455636,0.99678197,9.18069,0.52380,-0.00000,18.35000,294.1882,2.8000
77.2459,82.8808,1.3817,112.5301,0.00036121,-0.07999614,0.00450080,0.99678495,9.17678,0.51741,0.00000,18.35000,294.2123,2.8000
77.4959,84.4252,1.4306,112.5045,0.00035623,-0.07996433,0.00444057,0.99678777,9.17312,0.51049,-0.00000,18.35000,294.2160,2.8000
77.7459,85.9741,1.4833,112.4858,0.00035089,-0.07993449,0.00437566,0.99679045,9.16969,0.50302,-0.00000,18.35000,294.2113,2.8000
77.9959,87.5267,1.5394,112.4737,0.00034519,-0.07990640,0.00430605,0.99679301,9.16646,0.49502,-0.00000,18.35000,294.1989,2.8000
78.2459,89.0826,1.5986,112.4681,0.00033912,-0.07987989,0.00423174,0.99679546,9.16341,0.48648,-0.00000,18.35000,294.1794,2.8000
78.4959,90.6408,1.6506,112.4673,0.00033312,-0.07985755,0.00415803,0.99679756,9.16084,0.47800,0.00000,18.35000,294.1980,2.8000
78.7460,92.2009,1.6963,112.4710,0.00032721,-0.07983926,0.00408521,0.99679933,9.15873,0.46963,-0.00000,18.35000,294.2118,2.8000
78.9960,93.7623,1.7360,112.4792,0.00032140,-0.07982484,0.00401347,0.99680077,9.15707,0.46138,-0.00000,18.35000,294.2205,2.8000
79.2460,95.3247,1.7704,112.4914,0.00031572,-0.07981412,0.00394300,0.99680192,9.15584,0.45328,-0.00000,18.35000,294.2244,2.8000
79.4960,96.8903,1.7960,112.5102,0.00031032,-0.07980785,0.00387591,0.99680268,9.15511,0.44557,0.00000,18.35000,294.2335,2.8000
79.7460,98.4588,1.8136,112.5353,0.00030523,-0.07980582,0.00381245,0.99680309,9.15488,0.43827,-0.00000,18.35000,294.2358,2.8000
79.9960,100.0296,1.8239,112.5663,0.00030046,-0.07980781,0.00375280,0.99680316,9.15510,0.43142,-0.00000,18.35000,294.2314,2.8000
80.2460,101.6023,1.8275,112.6026,0.00029603,-0.07981361,0.00369713,0.99680290,9.15577,0.42502,0.00000,18.35000,294.2208,2.8000
80.4960,103.1778,1.8240,112.6461,0.00029190,-0.07982280,0.00364520,0.99680236,9.15682,0.41905,-0.00000,18.35000,294.2041,2.8000
80.7460,104.7555,1.8139,112.6965,0.00028810,-0.07983513,0.00359716,0.99680155,9.15824,0.41353,-0.00000,18.35000,294.1805,2.8000
80.9960,106.3352,1.7977,112.7536,0.00028463,-0.07985039,0.00355316,0.99680049,9.15999,0.40847,0.00000,18.35000,294.1504,2.8000
81.2460,107.9166,1.7761,112.8171,0.00028150,-0.07986837,0.00351331,0.99679919,9.16206,0.40389,0.00000,18.35000,294.1140,2.8000
81.4960,109.4985,1.7482,112.8860,0.00027873,-0.07988890,0.00347777,0.99679767,9.16442,0.39980,-0.00000,18.35000,294.0717,2.8000
81.7460,111.0808,1.7146,112.9542,0.00027631,-0.07991197,0.00344665,0.99679593,9.16707,0.39622,-0.00000,18.35000,294.0253,2.8000
81.9960,112.6634,1.6757,113.0203,0.00027427,-0.07993760,0.00342005,0.99679396,9.17001,0.39317,-0.00000,18.35000,293.9753,2.8000
82.2460,114.2460,1.6320,113.0847,0.00027260,-0.07996582,0.00339805,0.99679178,9.17326,0.39064,0.00000,18.35000,293.9219,2.8000
82.4960,115.8273,1.5776,113.1492,0.00027129,-0.07999564,0.00338039,0.99678945,9.17668,0.38861,-0.00000,18.35000,293.9164,2.8000
82.7460,117.4072,1.5134,113.2140,0.00027034,-0.08002700,0.00336726,0.99678697,9.18029,0.38710,-0.00000,18.35000,293.9085,2.8000
82.9960,118.9850,1.4523,113.2790,0.00026974,-0.08005989,0.00335845,0.99678436,9.18407,0.38609,-0.00000,18.35000,293.8983,2.8000
83.2460,120.5607,1.4022,113.3443,0.00026946,-0.08009426,0.00335345,0.99678162,9.18802,0.38552,-0.00000,18.35000,293.8861,2.8000
83.4960,122.1370,1.3626,113.4079,0.00026948,-0.08012887,0.00335220,0.99677884,9.19200,0.38537,-0.00000,18.35000,293.8685,2.8000
83.7460,123.7135,1.3325,113.4699,0.00026976,-0.08016373,0.00335431,0.99677603,9.19601,0.38562,0.00000,18.35000,293.8466,2.8000
83.9960,125.2899,1.3106,113.5304,0.00027029,-0.08019890,0.00335937,0.99677318,9.20005,0.38620,-0.00000,18.35000,293.8207,2.8000
84.2460,126.8657,1.2961,113.5895,0.00027103,-0.08023441,0.00336706,0.99677030,9.20413,0.38709,-0.00000,18.35000,293.7914,2.8000
84.4960,128.4400,1.2917,113.6423,0.00027211,-0.08026691,0.00337916,0.99676764,9.20787,0.38848,-0.00000,18.35000,293.7386,2.8000
84.7460,130.0127,1.2962,113.6889,0.00027351,-0.08029656,0.00339523,0.99676520,9.21128,0.39033,0.00000,18.35000,293.6827,2.8000
84.9960,131.5836,1.3082,113.7299,0.00027519,-0.08032356,0.00341487,0.99676295,9.21438,0.39259,0.00000,18.35000,293.6241,2.8000
85.2460,133.1527,1.3266,113.7658,0.00027711,-0.08034810,0.00343773,0.99676090,9.21720,0.39521,-0.00000,18.35000,293.5629,2.8000
85.4961,134.7191,1.3536,113.7918,0.00027934,-0.08036757,0.00346455,0.99675923,9.21944,0.39830,-0.00000,18.35000,293.4767,2.8000
85.7461,136.2828,1.3879,113.8087,0.00028185,-0.08038225,0.00349494,0.99675794,9.22113,0.40179,-0.00000,18.35000,293.3886,2.8000
85.9961,137.8436,1.4280,113.8177,0.00028459,-0.08039245,0.00352855,0.99675700,9.22231,0.40566,-0.00000,18.35000,293.2992,2.8000
86.2461,139.3979,1.4724,113.8195,0.00028756,-0.08039841,0.00356509,0.99675639,9.22299,0.40986,-0.00000,18.35000,293.2118,2.8000
86.4961,140.9488,1.5215,113.8124,0.00029056,-0.08040018,0.00360224,0.99675611,9.22320,0.41413,0.00000,18.35000,293.1318,2.8000
86.7461,142.4964,1.5701,113.7975,0.00029360,-0.08039804,0.00363998,0.99675615,9.22295,0.41847,0.00000,18.35000,293.0515,2.8000
86.9961,144.0405,1.6137,113.7761,0.00029668,-0.08039223,0.00367845,0.99675647,9.22229,0.42289,0.00000,18.35000,292.9708,2.8000
87.2461,145.5812,1.6525,113.7493,0.00029982,-0.08038298,0.00371783,0.99675707,9.22122,0.42742,0.00000,18.35000,292.8893,2.8000
87.4961,147.1170,1.6835,113.7113,0.00030317,-0.08036971,0.00375996,0.99675798,9.21970,0.43226,-0.00000,18.35000,292.8521,2.8000
87.7461,148.6478,1.7075,113.6639,0.00030674,-0.08035274,0.00380506,0.99675918,9.21775,0.43744,-0.00000,18.35000,292.8166,2.8000
87.9961,150.1738,1.7256,113.6090,0.00031055,-0.08033234,0.00385329,0.99676064,9.21541,0.44299,-0.00000,18.35000,292.7818,2.8000
88.2461,151.6948,1.7403,113.5481,0.00031460,-0.08030870,0.00390471,0.99676234,9.21269,0.44890,0.00000,18.35000,292.7471,2.8000
88.4961,153.2116,1.7473,113.4770,0.00031889,-0.08028225,0.00395925,0.99676426,9.20965,0.45517,-0.00000,18.35000,292.7257,2.8000
88.7461,154.7239,1.7472,113.3972,0.00032343,-0.08025328,0.00401710,0.99676636,9.20632,0.46182,-0.00000,18.35000,292.7045,2.8000
88.9961,156.2318,1.7408,113.3102,0.00032824,-0.08022201,0.00407843,0.99676862,9.20273,0.46887,0.00000,18.35000,292.6830,2.8000
89.2461,157.7351,1.7364,113.2172,0.00033331,-0.08018865,0.00414309,0.99677104,9.19890,0.47630,-0.00000,18.35000,292.6611,2.8000
89.4961,159.2323,1.7266,113.1184,0.00033828,-0.08015363,0.00420673,0.99677359,9.19487,0.48361,-0.00000,18.35000,292.6070,2.8000
89.7461,160.7234,1.7114,113.0149,0.00034317,-0.08011709,0.00426949,0.99677626,9.19068,0.49083,-0.00000,18.35000,292.5532,2.8000
89.9961,162.2084,1.6913,112.9078,0.00034799,-0.08007914,0.00433159,0.99677904,9.18632,0.49796,-0.00000,18.35000,292.4999,2.8000
90.2461,163.6874,1.6668,112.7980,0.00035277,-0.08003988,0.00439320,0.99678192,9.18180,0.50505,-0.00000,18.35000,292.4470,2.8000
90.4961,165.1595,1.6360,112.6888,0.00035721,-0.08000163,0.00445067,0.99678473,9.17741,0.51165,0.00000,18.35000,292.3901,2.8000
90.7461,166.6233,1.6032,112.5808,0.00036133,-0.07996437,0.00450411,0.99678748,9.17313,0.51779,-0.00000,18.35000,292.3351,2.8000
90.9961,168.0775,1.5689,112.4743,0.00036514,-0.07992799,0.00455365,0.99679017,9.16895,0.52349,-0.00000,18.35000,292.2836,2.8000
91.2461,169.5223,1.5332,112.3696,0.00036864,-0.07989240,0.00459943,0.99679281,9.16486,0.52875,0.00000,18.35000,292.2350,2.8000
91.4961,170.9607,1.4976,112.2752,0.00037189,-0.07986201,0.00464173,0.99679505,9.16137,0.53361,-0.00000,18.35000,292.2275,2.8000
91.7461,172.3925,1.4620,112.1908,0.00037489,-0.07983651,0.00468064,0.99679691,9.15844,0.53808,0.00000,18.35000,292.2195,2.8000
91.9961,173.8179,1.4267,112.1159,0.00037764,-0.07981557,0.00471621,0.99679842,9.15603,0.54217,-0.00000,18.35000,292.2101,2.8000
92.2462,175.2370,1.3916,112.0499,0.00038014,-0.07979884,0.00474852,0.99679960,9.15411,0.54588,-0.00000,18.35000,292.1994,2.8000
92.4962,176.6483,1.3576,112.0004,0.00038261,-0.07978685,0.00478009,0.99680041,9.15273,0.54951,-0.00000,18.35000,292.1640,2.8000
92.7462,178.0520,1.3248,111.9665,0.00038504,-0.07977908,0.00481095,0.99680088,9.15184,0.55306,-0.00000,18.35000,292.1270,2.8000
92.9962,179.4484,1.2932,111.9471,0.00038744,-0.07977506,0.00484107,0.99680106,9.15138,0.55652,-0.00000,18.35000,292.0888,2.8000
93.2462,180.8375,1.2626,111.9412,0.00038978,-0.07977432,0.00487045,0.99680098,9.15130,0.55990,-0.00000,18.35000,292.0492,2.8000
93.4962,182.2200,1.2358,111.9558,0.00039216,-0.07977716,0.00490002,0.99680060,9.15162,0.56330,-0.00000,18.35000,292.0110,2.8000
93.7462,183.5959,1.2127,111.9896,0.00039457,-0.07978297,0.00492967,0.99679999,9.15229,0.56671,-0.00000,18.35000,291.9699,2.8000
93.9962,184.9653,1.1929,112.0409,0.00039698,-0.07979122,0.00495929,0.99679918,9.15324,0.57011,-0.00000,18.35000,291.9261,2.8000
94.2462,186.3283,1.1762,112.1085,0.00039939,-0.07980141,0.00498878,0.99679822,9.15442,0.57350,-0.00000,18.35000,291.8796,2.8000
94.4962,187.6853,1.1635,112.1846,0.00040190,-0.07981715,0.00501918,0.99679680,9.15623,0.57700,-0.00000,18.35000,291.8298,2.8000
94.7462,189.0361,1.1548,112.2689,0.00040450,-0.07983816,0.00505032,0.99679496,9.15864,0.58058,0.00000,18.35000,291.7794,2.8000
94.9962,190.3807,1.1497,112.3598,0.00040717,-0.07986416,0.00508199,0.99679272,9.16163,0.58422,-0.00000,18.35000,291.7286,2.8000
95.2462,191.7191,1.1482,112.4556,0.00040990,-0.07989493,0.00511403,0.99679009,9.16517,0.58791,0.00000,18.35000,291.6778,2.8000
95.4962,193.0510,1.1505,112.5544,0.00041266,-0.07993044,0.00514618,0.99678707,9.16926,0.59160,0.00000,18.35000,291.6183,2.8000
95.7462,194.3765,1.1567,112.6537,0.00041544,-0.07997057,0.00517824,0.99678369,9.17387,0.59529,-0.00000,18.35000,291.5597,2.8000
95.9962,195.6956,1.1666,112.7542,0.00041823,-0.08001520,0.00520999,0.99677994,9.17900,0.59894,-0.00000,18.35000,291.5020,2.8000
96.2462,197.0083,1.1800,112.8570,0.00042099,-0.08006417,0.00524126,0.99677584,9.18464,0.60254,0.00000,18.35000,291.4449,2.8000
96.4962,198.3127,1.1975,112.9594,0.00042366,-0.08011381,0.00527112,0.99677170,9.19034,0.60598,-0.00000,18.35000,291.3748,2.8000
96.7462,199.6092,1.2191,113.0624,0.00042620,-0.08016401,0.00529942,0.99676751,9.19612,0.60923,0.00000,18.35000,291.3051,2.8000
96.9962,200.8980,1.2444,113.1628,0.00042862,-0.08021482,0.00532607,0.99676328,9.20196,0.61230,-0.00000,18.35000,291.2362,2.8000
97.2462,202.1791,1.2734,113.2605,0.00043090,-0.08026631,0.00535094,0.99675900,9.20788,0.61516,0.00000,18.35000,291.1680,2.8000
97.4962,203.4489,1.3054,113.3508,0.00043301,-0.08031531,0.00537394,0.99675493,9.21351,0.61781,-0.00000,18.35000,291.0902,2.8000
97.7462,204.7080,1.3404,113.4347,0.00043497,-0.08036197,0.00539499,0.99675105,9.21888,0.62023,0.00000,18.35000,291.0168,2.8000
97.9962,205.9567,1.3783,113.5133,0.00043674,-0.08040647,0.00541402,0.99674736,9.22400,0.62242,-0.00000,18.35000,290.9473,2.8000
98.2462,207.1951,1.4189,113.5877,0.00043834,-0.08044892,0.00543096,0.99674384,9.22888,0.62437,-0.00000,18.35000,290.8813,2.8000
98.4962,208.4229,1.4617,113.6494,0.00043977,-0.08048807,0.00544600,0.99674060,9.23338,0.62610,-0.00000,18.35000,290.8077,2.8000
98.7462,209.6402,1.5064,113.7001,0.00044103,-0.08052422,0.00545913,0.99673760,9.23754,0.62761,-0.00000,18.35000,290.7388,2.8000
98.9963,210.8474,1.5527,113.7417,0.00044212,-0.08055768,0.00547032,0.99673484,9.24138,0.62890,-0.00000,18.35000,290.6741,2.8000
99.2463,212.0446,1.6003,113.7759,0.00044304,-0.08058867,0.00547956,0.99673228,9.24495,0.62996,-0.00000,18.35000,290.6131,2.8000
99.4963,213.2344,1.6408,113.7904,0.00044382,-0.08061238,0.00548763,0.99673032,9.24767,0.63089,-0.00000,18.35000,290.5117,2.8000
99.7463,214.4170,1.6727,113.7883,0.00044450,-0.08062930,0.00549489,0.99672891,9.24962,0.63173,-0.00000,18.35000,290.4122,2.8000
99.9963,215.5924,1.6960,113.7729,0.00044511,-0.08063992,0.00550166,0.99672802,9.25084,0.63251,-0.00000,18.35000,290.3147,2.8000
100.2463,216.7608,1.7115,113.7471,0.00044568,-0.08064462,0.00550839,0.99672760,9.25138,0.63328,0.00000,18.35000,290.2232,2.8000
100.4963,217.9215,1.7217,113.7071,0.00044632,-0.08064340,0.00551644,0.99672765,9.25124,0.63421,-0.00000,18.35000,290.1389,2.8000
100.7463,219.0751,1.7274,113.6552,0.00044708,-0.08063664,0.00552625,0.99672814,9.25046,0.63533,-0.00000,18.35000,290.0663,2.8000
100.9963,220.2225,1.7292,113.5938,0.00044799,-0.08062466,0.00553825,0.99672905,9.24909,0.63671,-0.00000,18.35000,290.0044,2.8000
101.2463,221.3643,1.7276,113.5251,0.00044907,-0.08060772,0.00555283,0.99673033,9.24714,0.63839,-0.00000,18.35000,289.9519,2.8000
101.4963,222.5019,1.7248,113.4509,0.00045037,-0.08058801,0.00557027,0.99673183,9.24488,0.64039,-0.00000,18.35000,289.9041,2.8000
101.7463,223.6357,1.7213,113.3725,0.00045191,-0.08056572,0.00559084,0.99673352,9.24231,0.64276,0.00000,18.35000,289.8637,2.8000
101.9963,224.7662,1.7174,113.2912,0.00045370,-0.08054092,0.00561480,0.99673539,9.23946,0.64551,0.00000,18.35000,289.8301,2.8000
102.2463,225.8939,1.7135,113.2077,0.00045578,-0.08051370,0.00564239,0.99673743,9.23634,0.64868,0.00000,18.35000,289.8027,2.8000
102.4963,227.0218,1.7150,113.1251,0.00045780,-0.08048583,0.00566936,0.99673952,9.23313,0.65178,0.00000,18.35000,289.7679,2.8000
102.7463,228.1502,1.7255,113.0438,0.00045976,-0.08045730,0.00569566,0.99674168,9.22985,0.65480,0.00000,18.35000,289.7347,2.8000
102.9963,229.2791,1.7450,112.9643,0.00046165,-0.08042805,0.00572127,0.99674389,9.22649,0.65774,-0.00000,18.35000,289.7029,2.8000
103.2463,230.4088,1.7735,112.8870,0.00046349,-0.08039801,0.00574621,0.99674617,9.22304,0.66061,-0.00000,18.35000,289.6721,2.8000
103.4963,231.5408,1.8096,112.8132,0.00046512,-0.08036914,0.00576843,0.99674837,9.21972,0.66316,-0.00000,18.35000,289.6284,2.8000
103.7463,232.6752,1.8619,112.7429,0.00046651,-0.08034135,0.00578768,0.99675050,9.21653,0.66537,0.00000,18.35000,289.5838,2.8000
103.9963,233.8118,1.9299,112.6763,0.00046764,-0.08031449,0.00580376,0.99675257,9.21344,0.66722,-0.00000,18.35000,289.5384,2.8000
104.2463,234.9507,2.0128,112.6131,0.00046852,-0.08028844,0.00581650,0.99675459,9.21045,0.66868,-0.00000,18.35000,289.4924,2.8000
104.4963,236.0861,2.1067,112.5546,0.00046918,-0.08026440,0.00582653,0.99675647,9.20769,0.66984,0.00000,18.35000,289.4532,2.8000
104.7467,237.2200,2.2115,112.5005,0.00046964,-0.08024219,0.00583383,0.99675821,9.20513,0.67067,-0.00000,18.35000,289.4186,2.8000
104.9967,238.3495,2.3267,112.4507,0.00046988,-0.08022167,0.00583835,0.99675984,9.20277,0.67119,0.00000,18.35000,289.3882,2.8000
105.2467,239.4766,2.4522,112.4050,0.00046991,-0.08020265,0.00584008,0.99676136,9.20059,0.67139,0.00000,18.35000,289.3618,2.8000
105.4967,240.6034,2.5825,112.3660,0.00046991,-0.08018783,0.00584115,0.99676255,9.19888,0.67151,-0.00000,18.35000,289.3395,2.8000
105.7467,241.7298,2.7179,112.3335,0.00046990,-0.08017697,0.00584176,0.99676342,9.19763,0.67158,-0.00000,18.35000,289.3189,2.8000
105.9967,242.8588,2.8587,112.3071,0.00046988,-0.08016983,0.00584203,0.99676399,9.19681,0.67161,-0.00000,18.35000,289.2970,2.8000
106.2467,243.9909,3.0051,112.2863,0.00046986,-0.08016616,0.00584211,0.99676428,9.19639,0.67162,-0.00000,18.35000,289.2734,2.8000
106.4967,245.1338,3.1506,112.2745,0.00047009,-0.08016863,0.00584478,0.99676407,9.19668,0.67193,-0.00000,18.35000,289.2577,2.8000
106.7467,246.2867,3.2961,112.2710,0.00047059,-0.08017694,0.00585037,0.99676337,9.19763,0.67257,-0.00000,18.35000,289.2335,2.8000
106.9967,247.4490,3.4424,112.2754,0.00047138,-0.08019078,0.00585915,0.99676220,9.19922,0.67358,-0.00000,18.35000,289.2014,2.8000
107.2467,248.6201,3.5903,112.2872,0.00047247,-0.08020985,0.00587134,0.99676060,9.20142,0.67498,-0.00000,18.35000,289.1617,2.8000
107.4973,249.7972,3.7395,112.3109,0.00047404,-0.08023247,0.00588921,0.99675867,9.20402,0.67704,-0.00000,18.35000,289.1797,2.8000
107.7473,250.9747,3.8902,112.3458,0.00047609,-0.08025816,0.00591278,0.99675646,9.20697,0.67975,0.00000,18.35000,289.1953,2.8000
107.9973,252.1552,4.0432,112.3911,0.00047863,-0.08028661,0.00594216,0.99675399,9.21024,0.68313,-0.00000,18.35000,289.2077,2.8000
108.2473,253.3390,4.1990,112.4460,0.00048165,-0.08031750,0.00597736,0.99675129,9.21380,0.68718,-0.00000,18.35000,289.2172,2.8000
108.4973,254.5283,4.3524,112.5046,0.00048527,-0.08035059,0.00601983,0.99674837,9.21760,0.69206,0.00000,18.35000,289.2869,2.8000
108.7473,255.7230,4.5044,112.5669,0.00048951,-0.08038574,0.00606975,0.99674523,9.22165,0.69780,0.00000,18.35000,289.3527,2.8000
108.9973,256.9228,4.6556,112.6329,0.00049438,-0.08042280,0.00612726,0.99674188,9.22591,0.70442,0.00000,18.35000,289.4142,2.8000
109.2473,258.1276,4.8069,112.7028,0.00049989,-0.08046165,0.00619248,0.99673834,9.23038,0.71192,-0.00000,18.35000,289.4714,2.8000
109.4973,259.3380,4.9561,112.7723,0.00050604,-0.08050146,0.00626558,0.99673467,9.23496,0.72033,-0.00000,18.35000,289.5344,2.8000
109.7473,260.5534,5.1114,112.8418,0.00051283,-0.08054222,0.00634645,0.99673086,9.23965,0.72963,-0.00000,18.35000,289.5939,2.8000
109.9973,261.7733,5.2854,112.9120,0.00052022,-0.08058389,0.00643453,0.99672692,9.24445,0.73975,0.00000,18.35000,289.6501,2.8000
110.2473,262.9974,5.4769,112.9834,0.00052816,-0.08062643,0.00652929,0.99672286,9.24935,0.75065,-0.00000,18.35000,289.7031,2.8000
110.4973,264.2242,5.6881,113.0524,0.00053675,-0.08066769,0.00663198,0.99671884,9.25410,0.76246,0.00000,18.35000,289.7527,2.8000
110.7473,265.4538,5.9177,113.1198,0.00054593,-0.08070772,0.00674201,0.99671486,9.25871,0.77511,0.00000,18.35000,289.7999,2.8000
110.9973,266.6859,6.1645,113.1864,0.00055565,-0.08074655,0.00685882,0.99671091,9.26318,0.78854,-0.00000,18.35000,289.8450,2.8000
111.2473,267.9203,6.4273,113.2531,0.00056589,-0.08078418,0.00698192,0.99670700,9.26751,0.80270,-0.00000,18.35000,289.8878,2.8000
111.4973,269.1543,6.7096,113.3165,0.00057668,-0.08081789,0.00711203,0.99670334,9.27140,0.81766,-0.00000,18.35000,289.9182,2.8000
111.7473,270.3879,7.0099,113.3774,0.00058797,-0.08084775,0.00724854,0.99669993,9.27484,0.83336,-0.00000,18.35000,289.9481,2.8000
111.9973,271.6212,7.3267,113.4368,0.00059971,-0.08087385,0.00739091,0.99669676,9.27785,0.84973,-0.00000,18.35000,289.9775,2.8000
112.2473,272.8514,7.6587,113.4893,0.00061187,-0.08089640,0.00753862,0.99669382,9.28045,0.86671,0.00000,18.35000,290.0103,2.8000
112.4973,274.0802,8.0106,113.5289,0.00062408,-0.08091417,0.00768733,0.99669123,9.28250,0.88381,-0.00000,18.35000,289.9991,2.8000
112.7474,275.3081,8.3809,113.5578,0.00063630,-0.08092751,0.00783656,0.99668898,9.28405,0.90097,-0.00000,18.35000,289.9914,2.8000
112.9974,276.5350,8.7684,113.5784,0.00064851,-0.08093671,0.00798597,0.99668704,9.28512,0.91815,-0.00000,18.35000,289.9872,2.8000
113.2474,277.7613,9.1718,113.5929,0.00066067,-0.08094200,0.00813525,0.99668539,9.28574,0.93531,0.00000,18.35000,289.9859,2.8000
113.4974,278.9876,9.5909,113.5931,0.00067269,-0.08094284,0.00828316,0.99668410,9.28585,0.95232,-0.00000,18.35000,289.9631,2.8000
113.7474,280.2143,10.0246,113.5822,0.00068455,-0.08093959,0.00842943,0.99668313,9.28548,0.96913,0.00000,18.35000,289.9424,2.8000
113.9974,281.4414,10.4715,113.5631,0.00069622,-0.08093255,0.00857387,0.99668246,9.28469,0.98574,-0.00000,18.35000,289.9237,2.8000
114.2474,282.6697,10.9197,113.5385,0.00070772,-0.08092195,0.00871671,0.99668207,9.28348,1.00216,-0.00000,18.35000,289.9058,2.8000
114.4974,283.9013,11.3628,113.5029,0.00071921,-0.08090754,0.00885977,0.99668197,9.28183,1.01861,0.00000,18.35000,289.9077,2.8000
114.7474,285.1363,11.8020,113.4584,0.00073071,-0.08088964,0.00900349,0.99668213,9.27979,1.03513,0.00000,18.35000,289.9080,2.8000
114.9974,286.3736,12.2516,113.4069,0.00074223,-0.08086852,0.00914774,0.99668252,9.27737,1.05171,-0.00000,18.35000,289.9068,2.8000
115.2474,287.6130,12.7156,113.3504,0.00075373,-0.08084437,0.00929225,0.99668314,9.27461,1.06833,-0.00000,18.35000,289.9042,2.8000
115.4974,288.8575,13.1863,113.2825,0.00076505,-0.08081589,0.00943519,0.99668409,9.27135,1.08476,-0.00000,18.35000,289.9321,2.8000
115.7474,290.1071,13.6635,113.2047,0.00077620,-0.08078344,0.00957661,0.99668537,9.26763,1.10101,-0.00000,18.35000,289.9572,2.8000
115.9974,291.3613,14.1475,113.1185,0.00078719,-0.08074732,0.00971656,0.99668693,9.26349,1.11710,-0.00000,18.35000,289.9792,2.8000
116.2474,292.6199,14.6384,113.0255,0.00079803,-0.08070783,0.00985512,0.99668876,9.25896,1.13303,-0.00000,18.35000,289.9982,2.8000
116.4974,293.8866,15.1239,112.9227,0.00080844,-0.08066558,0.00998890,0.99669084,9.25411,1.14841,0.00000,18.35000,290.0545,2.8000
116.7474,295.1608,15.6049,112.8114,0.00081846,-0.08062090,0.01011842,0.99669314,9.24899,1.16329,0.00000,18.35000,290.1067,2.8000
116.9974,296.4415,16.0824,112.6929,0.00082815,-0.08057403,0.01024416,0.99669564,9.24361,1.17774,-0.00000,18.35000,290.1551,2.8000
117.2474,297.7261,16.5570,112.5681,0.00083753,-0.08052518,0.01036656,0.99669831,9.23801,1.19181,0.00000,18.35000,290.2023,2.8000
117.4974,299.0154,17.0243,112.4477,0.00084660,-0.08048003,0.01048463,0.99670072,9.23283,1.20538,-0.00000,18.35000,290.2914,2.8000
117.7474,300.3090,17.4855,112.3319,0.00085538,-0.08043845,0.01059894,0.99670286,9.22806,1.21852,-0.00000,18.35000,290.3776,2.8000
117.9981,301.6106,17.9430,112.2202,0.00086396,-0.08040014,0.01071035,0.99670475,9.22367,1.23133,-0.00000,18.35000,290.4602,2.8000
118.2481,302.9125,18.3950,112.1131,0.00087232,-0.08036514,0.01081869,0.99670640,9.21965,1.24378,-0.00000,18.35000,290.5401,2.8000
118.4981,304.2231,18.8390,112.0168,0.00088062,-0.08033444,0.01092580,0.99670770,9.21613,1.25609,0.00000,18.35000,290.6028,2.8000
118.7481,305.5407,19.2914,111.9310,0.00088885,-0.08030771,0.01103166,0.99670868,9.21307,1.26826,0.00000,18.35000,290.6577,2.8000
118.9981,306.8648,19.7524,111.8550,0.00089702,-0.08028462,0.01113625,0.99670937,9.21043,1.28028,-0.00000,18.35000,290.7054,2.8000
119.2482,308.1951,20.2219,111.7886,0.00090512,-0.08026486,0.01123955,0.99670979,9.20817,1.29215,-0.00000,18.35000,290.7464,2.8000
119.4982,309.5238,20.7008,111.7381,0.00091332,-0.08024880,0.01134365,0.99670990,9.20633,1.30412,-0.00000,18.35000,290.7398,2.8000
119.7482,310.8514,21.1890,111.7028,0.00092161,-0.08023596,0.01144846,0.99670972,9.20487,1.31617,-0.00000,18.35000,290.7320,2.8000
119.9982,312.1779,21.6865,111.6817,0.00092998,-0.08022585,0.01155389,0.99670931,9.20372,1.32829,-0.00000,18.35000,290.7233,2.8000
120.2489,313.5078,22.1948,111.6739,0.00093844,-0.08021804,0.01166017,0.99670870,9.20283,1.34051,-0.00000,18.35000,290.7132,2.8000
120.5107,314.8945,22.7379,111.6834,0.00094740,-0.08021699,0.01177163,0.99670746,9.20272,1.35332,0.00000,18.35000,290.6449,2.8000
120.7607,316.2130,23.2669,111.7089,0.00095605,-0.08022248,0.01187822,0.99670575,9.20336,1.36558,0.00000,18.35000,290.5826,2.8000
121.0107,317.5286,23.8058,111.7489,0.00096478,-0.08023363,0.01198494,0.99670356,9.20466,1.37785,0.00000,18.35000,290.5211,2.8000
121.2607,318.8416,24.3548,111.8020,0.00097357,-0.08025007,0.01209165,0.99670094,9.20656,1.39012,-0.00000,18.35000,290.4585,2.8000
121.5107,320.1512,24.9161,111.8664,0.00098239,-0.08027425,0.01219751,0.99669770,9.20935,1.40229,0.00000,18.35000,290.3623,2.8000
121.7607,321.4579,25.4893,111.9419,0.00099123,-0.08030570,0.01230236,0.99669387,9.21298,1.41435,-0.00000,18.35000,290.2678,2.8000
122.0107,322.7618,26.0741,112.0281,0.00100006,-0.08034394,0.01240603,0.99668949,9.21739,1.42627,0.00000,18.35000,290.1746,2.8000
122.2607,324.0631,26.6701,112.1244,0.00100887,-0.08038834,0.01250839,0.99668462,9.22250,1.43805,-0.00000,18.35000,290.0833,2.8000
122.5107,325.3583,27.2782,112.2237,0.00101763,-0.08043383,0.01260981,0.99667967,9.22775,1.44971,-0.00000,18.35000,290.0072,2.8000
122.7608,326.6481,27.8981,112.3265,0.00102632,-0.08048027,0.01271007,0.99667463,9.23310,1.46125,-0.00000,18.35000,289.9367,2.8000
123.0108,327.9330,28.5297,112.4335,0.00103492,-0.08052748,0.01280895,0.99666955,9.23854,1.47262,-0.00000,18.35000,289.8710,2.8000
123.2608,329.2135,29.1726,112.5413,0.00104341,-0.08057534,0.01290627,0.99666441,9.24405,1.48382,-0.00000,18.35000,289.8105,2.8000
123.5108,330.4888,29.8264,112.6449,0.00105178,-0.08062272,0.01300218,0.99665933,9.24951,1.49485,0.00000,18.35000,289.7630,2.8000
123.7608,331.7593,30.4911,112.7447,0.00106004,-0.08066970,0.01309648,0.99665428,9.25492,1.50570,0.00000,18.35000,289.7213,2.8000
124.0108,333.0255,31.1665,112.8410,0.00106815,-0.08071635,0.01318901,0.99664928,9.26030,1.51634,-0.00000,18.35000,289.6851,2.8000
124.2608,334.2877,31.8524,112.9342,0.00107611,-0.08076266,0.01327963,0.99664431,9.26563,1.52677,0.00000,18.35000,289.6540,2.8000
124.5108,335.5448,32.5483,113.0222,0.00108394,-0.08080727,0.01336883,0.99663950,9.27077,1.53703,-0.00000,18.35000,289.6293,2.8000
124.7608,336.7973,33.2543,113.1053,0.00109163,-0.08085032,0.01345648,0.99663482,9.27573,1.54711,-0.00000,18.35000,289.6101,2.8000
125.0108,338.0455,33.9702,113.1840,0.00109918,-0.08089192,0.01354242,0.99663027,9.28053,1.55700,0.00000,18.35000,289.5961,2.8000
125.2608,339.2896,34.6957,113.2584,0.00110656,-0.08093201,0.01362657,0.99662586,9.28515,1.56668,-0.00000,18.35000,289.5863,2.8000
125.5108,340.5303,35.4299,113.3225,0.00111380,-0.08096675,0.01370980,0.99662189,9.28915,1.57625,-0.00000,18.35000,289.5684,2.8000
125.7608,341.7681,36.1711,113.3772,0.00112090,-0.08099650,0.01379204,0.99661833,9.29259,1.58571,-0.00000,18.35000,289.5551,2.8000
126.0108,343.0052,36.9084,113.4233,0.00112788,-0.08102155,0.01387364,0.99661515,9.29548,1.59510,-0.00000,18.35000,289.5445,2.8000
126.2608,344.2416,37.6426,113.4616,0.00113478,-0.08104209,0.01395491,0.99661234,9.29785,1.60445,-0.00000,18.35000,289.5359,2.8000
126.5108,345.4765,38.3771,113.4858,0.00114163,-0.08105581,0.01403675,0.99661007,9.29944,1.61386,-0.00000,18.35000,289.5168,2.8000
126.7608,346.7102,39.1123,113.4982,0.00114845,-0.08106316,0.01411930,0.99660829,9.30029,1.62335,0.00000,18.35000,289.5012,2.8000
127.0108,347.9427,39.8482,113.5010,0.00115525,-0.08106452,0.01420268,0.99660699,9.30046,1.63294,-0.00000,18.35000,289.4885,2.8000
127.2608,349.1741,40.5852,113.4959,0.00116205,-0.08106025,0.01428704,0.99660612,9.29998,1.64264,0.00000,18.35000,289.4782,2.8000
127.5108,350.4024,41.3244,113.4802,0.00116890,-0.08105225,0.01437265,0.99660554,9.29907,1.65248,-0.00000,18.35000,289.4649,2.8000
127.7608,351.6279,42.0657,113.4561,0.00117581,-0.08104079,0.01445962,0.99660520,9.29777,1.66248,-0.00000,18.35000,289.4557,2.8000
128.0108,352.8510,42.8089,113.4257,0.00118279,-0.08102610,0.01454804,0.99660510,9.29609,1.67264,-0.00000,18.35000,289.4500,2.8000
128.2608,354.0718,43.5537,113.3909,0.00118984,-0.08100833,0.01463798,0.99660522,9.29406,1.68298,-0.00000,18.35000,289.4465,2.8000
128.5108,355.2894,44.3013,113.3474,0.00119695,-0.08098747,0.01472932,0.99660556,9.29167,1.69348,-0.00000,18.35000,289.4305,2.8000
128.7608,356.5043,45.0512,113.2975,0.00120414,-0.08096374,0.01482211,0.99660610,9.28896,1.70415,0.00000,18.35000,289.4182,2.8000
129.0108,357.7169,45.8031,113.2430,0.00121141,-0.08093729,0.01491645,0.99660684,9.28593,1.71499,-0.00000,18.35000,289.4091,2.8000
129.2608,358.9275,46.5567,113.1859,0.00121875,-0.08090837,0.01501223,0.99660774,9.28262,1.72600,-0.00000,18.35000,289.4028,2.8000
129.5108,360.1375,47.3110,113.1273,0.00122588,-0.08087962,0.01510539,0.99660866,9.27932,1.73671,-0.00000,18.35000,289.4038,2.8000
129.7608,361.3471,48.0658,113.0686,0.00123281,-0.08085104,0.01519616,0.99660959,9.27605,1.74714,-0.00000,18.35000,289.4055,2.8000
130.0108,362.5563,48.8209,113.0106,0.00123956,-0.08082260,0.01528478,0.99661053,9.27279,1.75733,-0.00000,18.35000,289.4078,2.8000
130.2609,363.7655,49.5763,112.9539,0.00124613,-0.08079430,0.01537128,0.99661149,9.26955,1.76727,-0.00000,18.35000,289.4109,2.8000
130.5109,364.9777,50.3311,112.8943,0.00125226,-0.08076747,0.01545199,0.99661240,9.26648,1.77654,-0.00000,18.35000,289.4295,2.8000
130.7609,366.1910,51.0916,112.8329,0.00125795,-0.08074213,0.01552703,0.99661328,9.26358,1.78517,0.00000,18.35000,289.4481,2.8000
131.0109,367.4023,51.8699,112.7704,0.00126316,-0.08071823,0.01559607,0.99661414,9.26084,1.79310,0.00000,18.35000,289.4691,2.8000
131.2609,368.6118,52.6649,112.7076,0.00126789,-0.08069575,0.01565876,0.99661497,9.25826,1.80031,-0.00000,18.35000,289.4929,2.8000
131.5109,369.8214,53.4752,112.6462,0.00127203,-0.08067495,0.01571394,0.99661578,9.25588,1.80665,0.00000,18.35000,289.5309,2.8000
131.7609,371.0309,54.2998,112.5868,0.00127556,-0.08065572,0.01576142,0.99661658,9.25367,1.81211,0.00000,18.35000,289.5692,2.8000
132.0109,372.2402,55.1378,112.5295,0.00127849,-0.08063794,0.01580108,0.99661739,9.25164,1.81666,-0.00000,18.35000,289.6081,2.8000
132.2609,373.4494,55.9882,112.4751,0.00128081,-0.08062149,0.01583295,0.99661821,9.24975,1.82033,-0.00000,18.35000,289.6473,2.8000
132.5109,374.6610,56.8471,112.4259,0.00128274,-0.08060689,0.01585974,0.99661896,9.24807,1.82340,-0.00000,18.35000,289.6841,2.8000
132.7609,375.8748,57.7143,112.3817,0.00128429,-0.08059396,0.01588146,0.99661966,9.24659,1.82590,-0.00000,18.35000,289.7185,2.8000
133.0109,377.0904,58.5894,112.3422,0.00128545,-0.08058252,0.01589810,0.99662032,9.24528,1.82781,-0.00000,18.35000,289.7506,2.8000
133.2609,378.3078,59.4719,112.3078,0.00128625,-0.08057254,0.01590989,0.99662093,9.24413,1.82916,0.00000,18.35000,289.7812,2.8000
133.5109,379.5304,60.3574,112.2882,0.00128707,-0.08056672,0.01592128,0.99662122,9.24346,1.83047,0.00000,18.35000,289.8173,2.8000
133.7609,380.7575,61.2465,112.2826,0.00128793,-0.08056461,0.01593234,0.99662121,9.24322,1.83175,-0.00000,18.35000,289.8463,2.8000
134.0109,381.9888,62.1392,112.2896,0.00128883,-0.08056580,0.01594314,0.99662094,9.24336,1.83299,-0.00000,18.35000,289.8689,2.8000
134.2609,383.2242,63.0356,112.3085,0.00128975,-0.08056997,0.01595377,0.99662044,9.24384,1.83421,-0.00000,18.35000,289.8872,2.8000
134.5109,384.4704,63.9331,112.3392,0.00129082,-0.08057777,0.01596535,0.99661962,9.24474,1.83554,0.00000,18.35000,289.9352,2.8000
134.7609,385.7268,64.8324,112.3811,0.00129202,-0.08058886,0.01597800,0.99661852,9.24602,1.83700,0.00000,18.35000,289.9709,2.8000
135.0109,386.9922,65.7337,112.4332,0.00129336,-0.08060294,0.01599182,0.99661716,9.24764,1.83859,-0.00000,18.35000,289.9951,2.8000
135.2609,388.2663,66.6367,112.4948,0.00129486,-0.08061987,0.01600700,0.99661554,9.24959,1.84034,-0.00000,18.35000,290.0110,2.8000
135.5109,389.5498,67.5276,112.5637,0.00129678,-0.08064257,0.01602612,0.99661339,9.25220,1.84254,-0.00000,18.35000,290.0638,2.8000
135.7609,390.8419,68.4080,112.6404,0.00129914,-0.08067073,0.01604961,0.99661073,9.25544,1.84524,0.00000,18.35000,290.1058,2.8000
136.0109,392.1420,69.2792,112.7252,0.00130197,-0.08070405,0.01607787,0.99660758,9.25928,1.84850,-0.00000,18.35000,290.1375,2.8000
136.2609,393.4497,70.1420,112.8178,0.00130529,-0.08074219,0.01611130,0.99660394,9.26367,1.85235,0.00000,18.35000,290.1590,2.8000
136.5109,394.7646,70.9910,112.9088,0.00130924,-0.08078415,0.01615154,0.99659989,9.26850,1.85698,-0.00000,18.35000,290.1613,2.8000
136.7609,396.0758,71.8589,112.9999,0.00131375,-0.08082980,0.01619792,0.99659543,9.27376,1.86232,-0.00000,18.35000,290.1650,2.8000
137.0122,397.3905,72.7484,113.0937,0.00131879,-0.08087924,0.01625013,0.99659056,9.27945,1.86833,-0.00000,18.35000,290.1691,2.8000
137.2622,398.6952,73.6489,113.1904,0.00132428,-0.08093150,0.01630711,0.99658538,9.28547,1.87489,-0.00000,18.35000,290.1721,2.8000
137.5122,399.9970,74.5686,113.2828,0.00133011,-0.08098094,0.01636886,0.99658034,9.29116,1.88200,-0.00000,18.35000,290.1270,2.8000
137.7652,401.3123,75.5172,113.3727,0.00133633,-0.08102823,0.01643565,0.99657539,9.29661,1.88969,-0.00000,18.35000,290.0815,2.8000
138.0175,402.6220,76.4798,113.4599,0.00134280,-0.08107276,0.01650616,0.99657060,9.30174,1.89780,-0.00000,18.35000,290.0370,2.8000
138.2704,403.9326,77.4593,113.5458,0.00134954,-0.08111471,0.01658029,0.99656594,9.30657,1.90633,-0.00000,18.35000,289.9891,2.8000
138.5204,405.2231,78.4404,113.6254,0.00135637,-0.08115253,0.01665635,0.99656159,9.31094,1.91508,-0.00000,18.35000,289.8999,2.8000
138.7704,406.5097,79.4334,113.6970,0.00136334,-0.08118698,0.01673482,0.99655745,9.31491,1.92411,0.00000,18.35000,289.8138,2.8000
139.0204,407.7925,80.4372,113.7613,0.00137044,-0.08121831,0.01681538,0.99655354,9.31852,1.93338,-0.00000,18.35000,289.7303,2.8000
139.2747,409.0947,81.4687,113.8197,0.00137776,-0.08124712,0.01689911,0.99654976,9.32185,1.94301,0.00000,18.35000,289.6458,2.8000
139.5329,410.4122,82.5243,113.8708,0.00138520,-0.08127239,0.01698505,0.99654623,9.32477,1.95290,-0.00000,18.35000,289.5453,2.8000
139.7829,411.6817,83.5523,113.9130,0.00139241,-0.08129328,0.01706908,0.99654308,9.32719,1.96257,0.00000,18.35000,289.4512,2.8000
140.0457,413.0143,84.6409,113.9504,0.00139999,-0.08131175,0.01715796,0.99654004,9.32932,1.97279,0.00000,18.35000,289.3575,2.8000
140.2957,414.2755,85.6814,113.9784,0.00140722,-0.08132526,0.01724365,0.99653744,9.33089,1.98264,-0.00000,18.35000,289.2565,2.8000
140.5457,415.5318,86.7299,113.9926,0.00141458,-0.08133116,0.01733264,0.99653541,9.33158,1.99288,0.00000,18.35000,289.1049,2.8000
140.7957,416.7840,87.7861,113.9946,0.00142208,-0.08132990,0.01742468,0.99653390,9.33145,2.00346,-0.00000,18.35000,288.9562,2.8000
141.0457,418.0322,88.8496,113.9860,0.00142968,-0.08132188,0.01751950,0.99653288,9.33055,2.01436,-0.00000,18.35000,288.8098,2.8000
141.2957,419.2772,89.9201,113.9667,0.00143737,-0.08130730,0.01761698,0.99653234,9.32889,2.02557,-0.00000,18.35000,288.6689,2.8000
141.5457,420.5200,90.9983,113.9317,0.00144518,-0.08128587,0.01771729,0.99653230,9.32644,2.03710,-0.00000,18.35000,288.5463,2.8000
141.7957,421.7608,92.0839,113.8831,0.00145307,-0.08125807,0.01782019,0.99653272,9.32326,2.04893,-0.00000,18.35000,288.4242,2.8000
142.0464,423.0016,93.1833,113.8226,0.00146106,-0.08122424,0.01792564,0.99653357,9.31939,2.06105,-0.00000,18.35000,288.3036,2.8000
142.2964,424.2358,94.2884,113.7519,0.00146905,-0.08118563,0.01803223,0.99653478,9.31497,2.07330,-0.00000,18.35000,288.2073,2.8000
142.5464,425.4689,95.3960,113.6707,0.00147692,-0.08114569,0.01813782,0.99653611,9.31039,2.08543,0.00000,18.35000,288.2143,2.8000
142.7964,426.7029,96.5010,113.5808,0.00148471,-0.08110471,0.01824265,0.99653752,9.30570,2.09748,-0.00000,18.35000,288.2195,2.8000
143.0464,427.9402,97.5986,113.4837,0.00149244,-0.08106292,0.01834719,0.99653899,9.30091,2.10950,-0.00000,18.35000,288.2206,2.8000
143.2964,429.1805,98.6893,113.3802,0.00150015,-0.08102069,0.01845153,0.99654049,9.29607,2.12149,-0.00000,18.35000,288.2262,2.8000
143.5464,430.4238,99.7728,113.2689,0.00150776,-0.08097894,0.01855471,0.99654195,9.29129,2.13335,-0.00000,18.35000,288.2662,2.8000
143.7964,431.6694,100.8507,113.1517,0.00151531,-0.08093785,0.01865715,0.99654337,9.28658,2.14512,-0.00000,18.35000,288.3033,2.8000
144.0464,432.9170,101.9239,113.0301,0.00152283,-0.08089752,0.01875918,0.99654471,9.28196,2.15684,-0.00000,18.35000,288.3375,2.8000
144.2964,434.1672,102.9938,112.9058,0.00153034,-0.08085827,0.01886089,0.99654597,9.27747,2.16853,-0.00000,18.35000,288.3914,2.8000
144.5464,435.4236,104.0628,112.7806,0.00153781,-0.08082112,0.01896159,0.99654706,9.27321,2.18010,-0.00000,18.35000,288.5406,2.8000
144.7964,436.6854,105.1316,112.6557,0.00154524,-0.08078604,0.01906150,0.99654799,9.26920,2.19159,0.00000,18.35000,288.6829,2.8000
145.0464,437.9519,106.2008,112.5322,0.00155265,-0.08075297,0.01916083,0.99654875,9.26541,2.20300,-0.00000,18.35000,288.8185,2.8000
145.2964,439.2226,107.2713,112.4117,0.00156006,-0.08072208,0.01925964,0.99654934,9.26188,2.21436,0.00000,18.35000,288.9506,2.8000
145.5464,440.4964,108.3448,112.2974,0.00156746,-0.08069429,0.01935761,0.99654968,9.25870,2.22562,-0.00000,18.35000,289.0882,2.8000
145.7964,441.7729,109.4216,112.1899,0.00157484,-0.08066937,0.01945483,0.99654979,9.25585,2.23679,0.00000,18.35000,289.2203,2.8000
146.0464,443.0517,110.5021,112.0893,0.00158222,-0.08064709,0.01955138,0.99654969,9.25331,2.24789,-0.00000,18.35000,289.3472,2.8000
146.2964,444.3314,111.5868,111.9976,0.00158960,-0.08062788,0.01964725,0.99654935,9.25112,2.25891,-0.00000,18.35000,289.4557,2.8000
146.5465,445.6083,112.6752,111.9214,0.00159702,-0.08061448,0.01974225,0.99654854,9.24959,2.26983,0.00000,18.35000,289.5012,2.8000
146.7965,446.8824,113.7678,111.8599,0.00160448,-0.08060634,0.01983640,0.99654732,9.24867,2.28066,-0.00000,18.35000,289.5450,2.8000
147.0465,448.1537,114.8645,111.8124,0.00161197,-0.08060298,0.01992975,0.99654572,9.24831,2.29139,0.00000,18.35000,289.5872,2.8000
147.2965,449.4212,115.9658,111.7807,0.00161948,-0.08060465,0.02002223,0.99654372,9.24851,2.30203,0.00000,18.35000,289.6088,2.8000
147.5465,450.6806,117.0714,111.7755,0.00162706,-0.08061393,0.02011356,0.99654111,9.24960,2.31253,-0.00000,18.35000,289.5456,2.8000
147.7965,451.9321,118.1812,111.7946,0.00163468,-0.08062996,0.02020372,0.99653798,9.25146,2.32290,-0.00000,18.35000,289.4839,2.8000
148.0465,453.1763,119.2953,111.8363,0.00164234,-0.08065197,0.02029270,0.99653438,9.25401,2.33314,-0.00000,18.35000,289.4236,2.8000
148.2965,454.4130,120.4139,111.8970,0.00165000,-0.08067901,0.02038044,0.99653039,9.25713,2.34323,-0.00000,18.35000,289.3552,2.8000
148.5465,455.6399,121.5380,111.9681,0.00165762,-0.08070943,0.02046672,0.99652614,9.26065,2.35316,-0.00000,18.35000,289.2489,2.8000
148.7965,456.8575,122.6675,112.0489,0.00166518,-0.08074287,0.02055147,0.99652168,9.26451,2.36291,-0.00000,18.35000,289.1481,2.8000
149.0465,458.0664,123.8021,112.1389,0.00167267,-0.08077898,0.02063462,0.99651702,9.26868,2.37248,-0.00000,18.35000,289.0524,2.8000
149.2965,459.2670,124.9421,112.2376,0.00168008,-0.08081744,0.02071612,0.99651220,9.27312,2.38186,0.00000,18.35000,288.9611,2.8000
149.5465,460.4594,126.0884,112.3457,0.00168741,-0.08085795,0.02079596,0.99650724,9.27779,2.39105,0.00000,18.35000,288.8731,2.8000
149.7965,461.6440,127.2409,112.4528,0.00169465,-0.08090047,0.02087402,0.99650214,9.28269,2.40003,-0.00000,18.35000,288.7910,2.8000
150.0465,462.8211,128.3994,112.5581,0.00170178,-0.08094498,0.02095020,0.99649692,9.28783,2.40880,-0.00000,18.35000,288.7145,2.8000
150.2965,463.9911,129.5633,112.6612,0.00170879,-0.08099128,0.02102446,0.99649158,9.29317,2.41735,-0.00000,18.35000,288.6448,2.8000
150.5465,465.1552,130.7299,112.7599,0.00171570,-0.08103865,0.02109699,0.99648618,9.29863,2.42570,-0.00000,18.35000,288.5860,2.8000
150.7965,466.3138,131.8992,112.8547,0.00172250,-0.08108713,0.02116780,0.99648072,9.30422,2.43385,0.00000,18.35000,288.5307,2.8000
151.0465,467.4670,133.0712,112.9460,0.00172919,-0.08113680,0.02123694,0.99647520,9.30994,2.44181,-0.00000,18.35000,288.4786,2.8000
151.2965,468.6150,134.2457,113.0334,0.00173579,-0.08118729,0.02130455,0.99646963,9.31576,2.44960,-0.00000,18.35000,288.4256,2.8000
151.5465,469.7575,135.4233,113.1137,0.00174229,-0.08123696,0.02137122,0.99646414,9.32149,2.45727,-0.00000,18.35000,288.3597,2.8000
151.7965,470.8938,136.6052,113.1876,0.00174871,-0.08128598,0.02143688,0.99645873,9.32714,2.46484,-0.00000,18.35000,288.2990,2.8000
152.0465,472.0242,137.7912,113.2562,0.00175503,-0.08133447,0.02150146,0.99645337,9.33273,2.47227,-0.00000,18.35000,288.2429,2.8000
152.2965,473.1488,138.9810,113.3194,0.00176126,-0.08138201,0.02156507,0.99644810,9.33821,2.47960,-0.00000,18.35000,288.1888,2.8000
152.5465,474.2670,140.1760,113.3735,0.00176740,-0.08142641,0.02162833,0.99644309,9.34333,2.48688,-0.00000,18.35000,288.1296,2.8000
152.7965,475.3790,141.3758,113.4197,0.00177345,-0.08146794,0.02169109,0.99643832,9.34811,2.49411,-0.00000,18.35000,288.0766,2.8000
153.0465,476.4850,142.5803,113.4592,0.00177938,-0.08150679,0.02175326,0.99643378,9.35259,2.50126,0.00000,18.35000,288.0295,2.8000
153.2965,477.5863,143.7870,113.4922,0.00178522,-0.08154268,0.02181490,0.99642948,9.35674,2.50836,-0.00000,18.35000,287.9924,2.8000
153.5933,478.9028,145.2216,113.5208,0.00179201,-0.08157944,0.02188795,0.99642486,9.36098,2.51677,-0.00000,18.35000,287.9712,2.8000
153.8433,480.0025,146.4152,113.5366,0.00179767,-0.08160527,0.02195005,0.99642137,9.36396,2.52392,-0.00000,18.35000,287.9525,2.8000
154.0933,481.1020,147.6033,113.5455,0.00180331,-0.08162695,0.02201297,0.99641819,9.36647,2.53116,-0.00000,18.35000,287.9380,2.8000
154.3433,482.2013,148.7885,113.5473,0.00180893,-0.08164452,0.02207674,0.99641533,9.36850,2.53849,-0.00000,18.35000,287.9122,2.8000
154.5933,483.3004,149.9731,113.5412,0.00181452,-0.08165793,0.02214122,0.99641279,9.37006,2.54591,-0.00000,18.35000,287.8676,2.8000
154.8433,484.3994,151.1575,113.5281,0.00182008,-0.08166744,0.02220649,0.99641055,9.37117,2.55342,-0.00000,18.35000,287.8220,2.8000
155.0933,485.4979,152.3416,113.5088,0.00182563,-0.08167331,0.02227261,0.99640858,9.37185,2.56103,-0.00000,18.35000,287.7754,2.8000
155.3433,486.5942,153.5254,113.4827,0.00183119,-0.08167576,0.02233967,0.99640687,9.37215,2.56874,-0.00000,18.35000,287.7126,2.8000
155.5933,487.6850,154.7085,113.4485,0.00183676,-0.08167500,0.02240779,0.99640540,9.37208,2.57657,0.00000,18.35000,287.6251,2.8000
155.8433,488.7707,155.8911,113.4071,0.00184235,-0.08167127,0.02247702,0.99640413,9.37166,2.58453,-0.00000,18.35000,287.5414,2.8000
156.0933,489.8515,157.0734,113.3594,0.00184798,-0.08166477,0.02254741,0.99640306,9.37093,2.59263,-0.00000,18.35000,287.4613,2.8000
156.3433,490.9271,158.2555,113.3057,0.00185347,-0.08165516,0.02261702,0.99640226,9.36984,2.60063,-0.00000,18.35000,287.4019,2.8000
156.5933,491.9967,159.4379,113.2460,0.00185854,-0.08164168,0.02268263,0.99640187,9.36830,2.60817,-0.00000,18.35000,287.3757,2.8000
156.8434,493.0608,160.6204,113.1812,0.00186320,-0.08162452,0.02274440,0.99640186,9.36634,2.61527,-0.00000,18.35000,287.3537,2.8000
157.0934,494.1196,161.8030,113.1123,0.00186749,-0.08160382,0.02280249,0.99640222,9.36398,2.62195,-0.00000,18.35000,287.3353,2.8000
157.3434,495.1748,162.9867,113.0410,0.00187126,-0.08157971,0.02285526,0.99640297,9.36121,2.62801,-0.00000,18.35000,287.3506,2.8000
157.5934,496.2287,164.1727,112.9694,0.00187427,-0.08155224,0.02289985,0.99640419,9.35806,2.63314,-0.00000,18.35000,287.4189,2.8000
157.8434,497.2813,165.3606,112.8982,0.00187656,-0.08152142,0.02293647,0.99640587,9.35453,2.63734,-0.00000,18.35000,287.4865,2.8000
158.0934,498.3222,166.5633,112.8281,0.00187809,-0.08148717,0.02296485,0.99640801,9.35060,2.64060,0.00000,18.35000,287.5633,2.8000
158.3434,499.3513,167.7801,112.7623,0.00187902,-0.08145145,0.02298635,0.99641044,9.34649,2.64306,0.00000,18.35000,287.6611,2.8000
158.5934,500.3719,169.0055,112.7061,0.00187963,-0.08141743,0.02300354,0.99641282,9.34258,2.64503,-0.00000,18.35000,287.7844,2.8000
158.8434,501.3844,170.2390,112.6593,0.00187992,-0.08138479,0.02301632,0.99641519,9.33883,2.64649,0.00000,18.35000,287.9119,2.8000
159.0934,502.3891,171.4799,112.6214,0.00187986,-0.08135321,0.02302461,0.99641758,9.33520,2.64744,0.00000,18.35000,288.0433,2.8000
159.3434,503.3891,172.7287,112.5916,0.00187949,-0.08132283,0.02302867,0.99641996,9.33171,2.64790,-0.00000,18.35000,288.1623,2.8000
159.5934,504.3889,173.9870,112.5688,0.00187884,-0.08129410,0.02302891,0.99642230,9.32840,2.64792,-0.00000,18.35000,288.2553,2.8000
159.8434,505.3882,175.2540,112.5528,0.00187790,-0.08126679,0.02302519,0.99642462,9.32526,2.64749,-0.00000,18.35000,288.3451,2.8000
160.0934,506.3867,176.5290,112.5433,0.00187666,-0.08124070,0.02301740,0.99642693,9.32226,2.64659,-0.00000,18.35000,288.4319,2.8000
160.3434,507.3866,177.8086,112.5397,0.00187528,-0.08121686,0.02300728,0.99642911,9.31952,2.64542,-0.00000,18.35000,288.4956,2.8000
160.5934,508.3913,179.0876,112.5407,0.00187405,-0.08119720,0.02299786,0.99643093,9.31725,2.64433,-0.00000,18.35000,288.5199,2.8000
160.8434,509.4001,180.3666,112.5463,0.00187298,-0.08118155,0.02298920,0.99643241,9.31545,2.64333,-0.00000,18.35000,288.5361,2.8000
161.0934,510.4125,181.6457,112.5561,0.00187207,-0.08116974,0.02298136,0.99643355,9.31409,2.64243,-0.00000,18.35000,288.5448,2.8000
161.3434,511.4294,182.9245,112.5709,0.00187137,-0.08116203,0.02297500,0.99643433,9.31320,2.64169,-0.00000,18.35000,288.5363,2.8000
161.5934,512.4532,184.2028,112.5923,0.00187099,-0.08115894,0.02297119,0.99643467,9.31285,2.64126,-0.00000,18.35000,288.5026,2.8000
161.8434,513.4831,185.4807,112.6198,0.00187092,-0.08116026,0.02296995,0.99643459,9.31300,2.64111,-0.00000,18.35000,288.4580,2.8000
162.0934,514.5182,186.7587,112.6529,0.00187115,-0.08116579,0.02297128,0.99643411,9.31364,2.64127,-0.00000,18.35000,288.4034,2.8000
162.3434,515.5586,188.0371,112.6921,0.00187168,-0.08117524,0.02297507,0.99643325,9.31472,2.64171,-0.00000,18.35000,288.3417,2.8000
162.5934,516.6045,189.3159,112.7385,0.00187248,-0.08118823,0.02298117,0.99643205,9.31622,2.64241,0.00000,18.35000,288.2744,2.8000
162.8434,517.6553,190.5954,112.7917,0.00187354,-0.08120455,0.02298954,0.99643053,9.31810,2.64338,-0.00000,18.35000,288.1973,2.8000
163.0934,518.7104,191.8760,112.8514,0.00187486,-0.08122398,0.02300017,0.99642869,9.32033,2.64460,-0.00000,18.35000,288.1109,2.8000
163.3434,519.7694,193.1573,112.9171,0.00187643,-0.08124634,0.02301304,0.99642657,9.32291,2.64609,-0.00000,18.35000,288.0153,2.8000
163.5935,520.8320,194.4386,112.9868,0.00187825,-0.08127151,0.02302814,0.99642417,9.32581,2.64783,-0.00000,18.35000,287.9109,2.8000
163.8435,521.8976,195.7203,113.0543,0.00188031,-0.08129954,0.02304547,0.99642147,9.32903,2.64983,-0.00000,18.35000,287.7999,2.8000
164.0935,522.9660,197.0026,113.1199,0.00188263,-0.08133045,0.02306501,0.99641850,9.33259,2.65208,-0.00000,18.35000,287.6826,2.8000
164.3435,524.0381,198.2839,113.1845,0.00188522,-0.08136391,0.02308719,0.99641525,9.33645,2.65464,0.00000,18.35000,287.5754,2.8000
164.5935,525.1156,199.5613,113.2494,0.00188813,-0.08139928,0.02311270,0.99641176,9.34052,2.65758,-0.00000,18.35000,287.4884,2.8000
164.8435,526.1980,200.8351,113.3144,0.00189137,-0.08143657,0.02314165,0.99640803,9.34481,2.66092,-0.00000,18.35000,287.3929,2.8000
165.0935,527.2698,202.1198,113.3798,0.00189490,-0.08147569,0.02317359,0.99640409,9.34932,2.66460,-0.00000,18.35000,287.3033,2.8000
165.3435,528.3320,203.4156,113.4447,0.00189868,-0.08151612,0.02320826,0.99639997,9.35398,2.66860,-0.00000,18.35000,287.2146,2.8000
165.5935,529.3864,204.7233,113.5080,0.00190269,-0.08155704,0.02324550,0.99639574,9.35869,2.67289,-0.00000,18.35000,287.1223,2.8000
165.8435,530.4332,206.0415,113.5697,0.00190689,-0.08159847,0.02328490,0.99639142,9.36346,2.67743,0.00000,18.35000,287.0330,2.8000
166.0935,531.4729,207.3695,113.6300,0.00191126,-0.08164041,0.02332609,0.99638702,9.36830,2.68218,0.00000,18.35000,286.9462,2.8000
166.3435,532.5047,208.7069,113.6871,0.00191577,-0.08168164,0.02336932,0.99638261,9.37305,2.68716,0.00000,18.35000,286.8385,2.8000
166.5935,533.5272,210.0541,113.7378,0.00192045,-0.08172013,0.02341518,0.99637837,9.37749,2.69244,-0.00000,18.35000,286.6952,2.8000
166.8435,534.5413,211.4101,113.7826,0.00192524,-0.08175608,0.02346326,0.99637428,9.38163,2.69798,-0.00000,18.35000,286.5562,2.8000
167.0935,535.5478,212.7739,113.8220,0.00193014,-0.08178964,0.02351320,0.99637034,9.38550,2.70373,-0.00000,18.35000,286.4210,2.8000
167.3435,536.5462,214.1453,113.8544,0.00193511,-0.08181991,0.02356487,0.99636663,9.38899,2.70968,-0.00000,18.35000,286.2728,2.8000
167.5935,537.5355,215.5244,113.8772,0.00194011,-0.08184536,0.02361835,0.99636326,9.39193,2.71583,-0.00000,18.35000,286.1017,2.8000
167.8435,538.5167,216.9102,113.8914,0.00194512,-0.08186627,0.02367327,0.99636023,9.39435,2.72216,-0.00000,18.35000,285.9352,2.8000
168.0935,539.4898,218.3004,113.8979,0.00195013,-0.08188290,0.02372939,0.99635752,9.39628,2.72861,0.00000,18.35000,285.7736,2.8000
168.3435,540.4546,219.6938,113.8967,0.00195509,-0.08189533,0.02378604,0.99635514,9.39772,2.73513,-0.00000,18.35000,285.6345,2.8000
168.5935,541.4127,221.0917,113.8869,0.00195991,-0.08190356,0.02384227,0.99635311,9.39868,2.74160,-0.00000,18.35000,285.5277,2.8000
168.8435,542.3700,222.4888,113.8698,0.00196461,-0.08190788,0.02389815,0.99635140,9.39919,2.74803,-0.00000,18.35000,285.4181,2.8000
169.0935,543.3273,223.8844,113.8467,0.00196921,-0.08190854,0.02395376,0.99635000,9.39928,2.75442,0.00000,18.35000,285.3047,2.8000
169.3435,544.2851,225.2774,113.8159,0.00197377,-0.08190558,0.02401014,0.99634888,9.39895,2.76091,0.00000,18.35000,285.1853,2.8000
169.5935,545.2440,226.6662,113.7746,0.00197845,-0.08189890,0.02406897,0.99634800,9.39819,2.76767,0.00000,18.35000,285.0580,2.8000
169.8435,546.2034,228.0516,113.7246,0.00198325,-0.08188883,0.02413034,0.99634734,9.39705,2.77473,-0.00000,18.35000,284.9259,2.8000
170.0935,547.1620,229.4347,113.6677,0.00198819,-0.08187563,0.02419432,0.99634686,9.39555,2.78208,-0.00000,18.35000,284.7901,2.8000
170.3435,548.1201,230.8157,113.6033,0.00199328,-0.08185961,0.02426099,0.99634654,9.39372,2.78975,-0.00000,18.35000,284.6557,2.8000
170.5936,549.0799,232.1931,113.5292,0.00199854,-0.08184116,0.02433053,0.99634635,9.39161,2.79774,-0.00000,18.35000,284.5248,2.8000
170.8436,550.0408,233.5677,113.4470,0.00200399,-0.08182058,0.02440302,0.99634626,9.38926,2.80607,0.00000,18.35000,284.3882,2.8000
171.0936,551.0019,234.9400,113.3581,0.00200964,-0.08179809,0.02447848,0.99634624,9.38669,2.81475,0.00000,18.35000,284.2465,2.8000
171.3436,551.9567,236.3144,113.2634,0.00201534,-0.08177381,0.02455527,0.99634634,9.38392,2.82357,-0.00000,18.35000,284.1334,2.8000
171.5936,552.9107,237.6854,113.1633,0.00202091,-0.08174776,0.02463096,0.99634659,9.38094,2.83227,0.00000,18.35000,284.0628,2.8000
171.8436,553.8634,239.0533,113.0589,0.00202636,-0.08172011,0.02470572,0.99634700,9.37778,2.84086,-0.00000,18.35000,283.9887,2.8000
172.0936,554.8146,240.4184,112.9512,0.00203170,-0.08169097,0.02477970,0.99634754,9.37444,2.84937,0.00000,18.35000,283.9115,2.8000
172.3436,555.7666,241.7788,112.8421,0.00203688,-0.08166119,0.02485196,0.99634817,9.37103,2.85767,0.00000,18.35000,283.8606,2.8000
172.5936,556.7143,243.1376,112.7339,0.00204178,-0.08163202,0.02492064,0.99634884,9.36770,2.86556,-0.00000,18.35000,283.8626,2.8000
172.8436,557.6561,244.4929,112.6270,0.00204641,-0.08160339,0.02498600,0.99634954,9.36442,2.87307,0.00000,18.35000,283.8658,2.8000
173.0936,558.5918,245.8448,112.5216,0.00205080,-0.08157521,0.02504829,0.99635027,9.36119,2.88023,-0.00000,18.35000,283.8702,2.8000
173.3436,559.5216,247.1948,112.4213,0.00205503,-0.08154917,0.02510789,0.99635089,9.35821,2.88708,0.00000,18.35000,283.8876,2.8000
173.5936,560.4459,248.5448,112.3313,0.00205919,-0.08152805,0.02516525,0.99635117,9.35580,2.89367,-0.00000,18.35000,283.9250,2.8000
173.8436,561.3645,249.8950,112.2510,0.00206328,-0.08151146,0.02522045,0.99635112,9.35390,2.90002,-0.00000,18.35000,283.9615,2.8000
174.0936,562.2775,251.2456,112.1800,0.00206732,-0.08149907,0.02527357,0.99635078,9.35249,2.90612,-0.00000,18.35000,283.9973,2.8000
174.3436,563.1843,252.5964,112.1207,0.00207131,-0.08149094,0.02532495,0.99635013,9.35157,2.91203,0.00000,18.35000,284.0071,2.8000
174.5936,564.0841,253.9471,112.0777,0.00207533,-0.08148735,0.02537515,0.99634914,9.35117,2.91780,0.00000,18.35000,283.9742,2.8000
174.8436,564.9770,255.2977,112.0498,0.00207936,-0.08148777,0.02542420,0.99634785,9.35123,2.92344,0.00000,18.35000,283.9405,2.8000
175.0936,565.8632,256.6483,112.0361,0.00208338,-0.08149171,0.02547215,0.99634629,9.35169,2.92896,0.00000,18.35000,283.9060,2.8000
175.3436,566.7420,257.9999,112.0386,0.00208742,-0.08149904,0.02551923,0.99634448,9.35254,2.93438,-0.00000,18.35000,283.8641,2.8000
175.5936,567.6125,259.3536,112.0610,0.00209151,-0.08150977,0.02556580,0.99634240,9.35379,2.93973,-0.00000,18.35000,283.8104,2.8000
175.8436,568.4748,260.7093,112.1020,0.00209563,-0.08152328,0.02561180,0.99634010,9.35536,2.94503,-0.00000,18.35000,283.7564,2.8000
176.0936,569.3291,262.0670,112.1601,0.00209975,-0.08153904,0.02565717,0.99633764,9.35718,2.95025,-0.00000,18.35000,283.7021,2.8000
176.3436,570.1755,263.4269,112.2314,0.00210391,-0.08155814,0.02570187,0.99633491,9.35939,2.95540,-0.00000,18.35000,283.6411,2.8000
176.5936,571.0136,264.7894,112.3110,0.00210815,-0.08158287,0.02574583,0.99633174,9.36224,2.96046,-0.00000,18.35000,283.5713,2.8000
176.8436,571.8434,266.1545,112.3989,0.00211247,-0.08161287,0.02578895,0.99632816,9.36570,2.96542,0.00000,18.35000,283.5046,2.8000
177.0936,572.6650,267.5219,112.4920,0.00211684,-0.08164787,0.02583117,0.99632419,9.36974,2.97029,0.00000,18.35000,283.4414,2.8000
177.3436,573.4785,268.8915,112.5893,0.00212125,-0.08168770,0.02587229,0.99631985,9.37433,2.97503,-0.00000,18.35000,283.3805,2.8000
177.5936,574.2835,270.2634,112.6889,0.00212568,-0.08173223,0.02591203,0.99631516,9.37946,2.97961,-0.00000,18.35000,283.3221,2.8000
177.8436,575.0800,271.6375,112.7889,0.00213011,-0.08178135,0.02595033,0.99631012,9.38512,2.98403,-0.00000,18.35000,283.2691,2.8000
178.0936,575.8682,273.0137,112.8905,0.00213454,-0.08183490,0.02598713,0.99630475,9.39129,2.98827,0.00000,18.35000,283.2212,2.8000
178.3437,576.6476,274.3916,112.9935,0.00213891,-0.08189128,0.02602227,0.99629919,9.39778,2.99233,-0.00000,18.35000,283.1783,2.8000
178.5937,577.4174,275.7702,113.0964,0.00214315,-0.08194802,0.02605558,0.99629365,9.40432,2.99617,-0.00000,18.35000,283.1396,2.8000
178.8437,578.1779,277.1496,113.1991,0.00214724,-0.08200508,0.02608703,0.99628812,9.41089,2.99981,-0.00000,18.35000,283.1050,2.8000
179.0937,578.9292,278.5299,113.2987,0.00215119,-0.08206252,0.02611660,0.99628261,9.41750,3.00322,0.00000,18.35000,283.0747,2.8000
179.3437,579.6711,279.9097,113.3938,0.00215497,-0.08211914,0.02614435,0.99627721,9.42402,3.00643,-0.00000,18.35000,283.0429,2.8000
179.5937,580.4028,281.2871,113.4819,0.00215855,-0.08217295,0.02617049,0.99627208,9.43022,3.00945,0.00000,18.35000,283.0069,2.8000
179.8437,581.1246,282.6622,113.5639,0.00216194,-0.08222415,0.02619509,0.99626720,9.43611,3.01229,-0.00000,18.35000,282.9765,2.8000
180.0937,581.8368,284.0352,113.6411,0.00216514,-0.08227289,0.02621824,0.99626256,9.44172,3.01496,-0.00000,18.35000,282.9514,2.8000
180.3437,582.5397,285.4060,113.7108,0.00216816,-0.08231876,0.02624004,0.99625819,9.44700,3.01748,-0.00000,18.35000,282.9251,2.8000
180.5937,583.2335,286.7742,113.7684,0.00217099,-0.08236108,0.02626062,0.99625414,9.45188,3.01986,-0.00000,18.35000,282.8936,2.8000
180.8437,583.9188,288.1396,113.8157,0.00217363,-0.08240020,0.02628007,0.99625039,9.45638,3.02211,0.00000,18.35000,282.8671,2.8000
181.0937,584.5957,289.5025,113.8545,0.00217612,-0.08243638,0.02629850,0.99624691,9.46055,3.02424,0.00000,18.35000,282.8448,2.8000
181.3437,585.2672,290.8625,113.8812,0.00217841,-0.08246793,0.02631597,0.99624383,9.46418,3.02625,-0.00000,18.35000,282.8058,2.8000
181.5937,585.9407,292.2172,113.8892,0.00218043,-0.08249198,0.02633264,0.99624139,9.46695,3.02818,-0.00000,18.35000,282.7309,2.8000
181.8437,586.6165,293.5665,113.8819,0.00218221,-0.08250913,0.02634870,0.99623954,9.46893,3.03003,-0.00000,18.35000,282.6511,2.8000
182.0937,587.2942,294.9107,113.8624,0.00218380,-0.08251988,0.02636437,0.99623823,9.47017,3.03183,-0.00000,18.35000,282.5661,2.8000
182.3437,587.9729,296.2497,113.8312,0.00218522,-0.08252457,0.02637996,0.99623743,9.47071,3.03363,-0.00000,18.35000,282.4677,2.8000
182.5937,588.6509,297.5833,113.7866,0.00218651,-0.08252347,0.02639591,0.99623710,9.47059,3.03546,-0.00000,18.35000,282.3521,2.8000
182.8437,589.3283,298.9115,113.7311,0.00218770,-0.08251702,0.02641238,0.99623719,9.46985,3.03736,-0.00000,18.35000,282.2336,2.8000
183.0937,590.0052,300.2347,113.6669,0.00218882,-0.08250558,0.02642955,0.99623768,9.46854,3.03933,-0.00000,18.35000,282.1120,2.8000
183.3437,590.6812,301.5533,113.5961,0.00218989,-0.08249019,0.02644738,0.99623848,9.46677,3.04137,0.00000,18.35000,281.9888,2.8000
183.5937,591.3556,302.8684,113.5205,0.00219093,-0.08247239,0.02646566,0.99623947,9.46473,3.04347,0.00000,18.35000,281.8655,2.8000
183.8437,592.0284,304.1800,113.4411,0.00219195,-0.08245233,0.02648451,0.99624062,9.46243,3.04564,0.00000,18.35000,281.7394,2.8000
184.0937,592.6996,305.4883,113.3591,0.00219297,-0.08243013,0.02650404,0.99624194,9.45988,3.04788,-0.00000,18.35000,281.6101,2.8000
184.3437,593.3690,306.7944,113.2762,0.00219392,-0.08240636,0.02652321,0.99624339,9.45715,3.05008,0.00000,18.35000,281.5160,2.8000
184.5938,594.0313,308.1030,113.1943,0.00219466,-0.08238184,0.02654009,0.99624497,9.45433,3.05201,-0.00000,18.35000,281.4869,2.8000
184.8438,594.6857,309.4143,113.1139,0.00219518,-0.08235651,0.02655462,0.99624668,9.45143,3.05368,0.00000,18.35000,281.4599,2.8000
185.0938,595.3322,310.7280,113.0355,0.00219548,-0.08233032,0.02656673,0.99624852,9.44842,3.05506,-0.00000,18.35000,281.4346,2.8000
185.3438,595.9742,312.0427,112.9598,0.00219552,-0.08230389,0.02657572,0.99625046,9.44538,3.05609,-0.00000,18.35000,281.4265,2.8000
185.5938,596.6049,313.3628,112.8876,0.00219520,-0.08227824,0.02658027,0.99625246,9.44243,3.05661,-0.00000,18.35000,281.4542,2.8000
185.8438,597.2223,314.6889,112.8190,0.00219453,-0.08225320,0.02658021,0.99625453,9.43955,3.05659,0.00000,18.35000,281.4888,2.8000
186.0938,597.8270,316.0202,112.7539,0.00219347,-0.08222861,0.02657542,0.99625669,9.43672,3.05604,0.00000,18.35000,281.5296,2.8000
186.3438,598.4198,317.3538,112.6927,0.00219205,-0.08220487,0.02656595,0.99625890,9.43399,3.05494,0.00000,18.35000,281.5720,2.8000
186.5938,599.0012,318.6850,112.6361,0.00219031,-0.08218276,0.02655205,0.99626110,9.43144,3.05334,0.00000,18.35000,281.6128,2.8000
186.8438,599.5718,320.0140,112.5838,0.00218825,-0.08216207,0.02653385,0.99626330,9.42905,3.05124,-0.00000,18.35000,281.6583,2.8000
187.0938,600.1320,321.3406,112.5357,0.00218589,-0.08214262,0.02651152,0.99626550,9.42681,3.04866,0.00000,18.35000,281.7082,2.8000
187.3438,600.6841,322.6647,112.4926,0.00218327,-0.08212546,0.02648539,0.99626762,9.42483,3.04565,-0.00000,18.35000,281.7459,2.8000
187.5938,601.2318,323.9856,112.4562,0.00218050,-0.08211239,0.02645597,0.99626948,9.42332,3.04227,-0.00000,18.35000,281.7579,2.8000
187.8438,601.7751,325.3043,112.4261,0.00217756,-0.08210313,0.02642340,0.99627112,9.42225,3.03852,0.00000,18.35000,281.7668,2.8000
188.0938,602.3151,326.6231,112.4020,0.00217447,-0.08209746,0.02638774,0.99627254,9.42159,3.03442,0.00000,18.35000,281.7717,2.8000
188.3438,602.8550,327.9433,112.3847,0.00217129,-0.08209640,0.02634946,0.99627364,9.42145,3.03001,0.00000,18.35000,281.7536,2.8000
188.5938,603.4003,329.2675,112.3761,0.00216811,-0.08210173,0.02630922,0.99627427,9.42206,3.02539,-0.00000,18.35000,281.6959,2.8000
188.8438,603.9497,330.5952,112.3758,0.00216493,-0.08211315,0.02626697,0.99627445,9.42336,3.02053,-0.00000,18.35000,281.6253,2.8000
189.0938,604.5024,331.9263,112.3831,0.00216173,-0.08213037,0.02622263,0.99627421,9.42533,3.01543,-0.00000,18.35000,281.5430,2.8000
189.3438,605.0569,333.2584,112.3996,0.00215859,-0.08215268,0.02617743,0.99627357,9.42789,3.01024,-0.00000,18.35000,281.4412,2.8000
189.5938,605.6119,334.5882,112.4277,0.00215566,-0.08217912,0.02613341,0.99627255,9.43092,3.00518,-0.00000,18.35000,281.3164,2.8000
189.8438,606.1668,335.9162,112.4668,0.00215292,-0.08220930,0.02609057,0.99627119,9.43438,3.00026,0.00000,18.35000,281.1841,2.8000
190.0938,606.7210,337.2424,112.5160,0.00215036,-0.08224291,0.02604887,0.99626951,9.43823,2.99548,-0.00000,18.35000,281.0449,2.8000
190.3438,607.2766,338.5668,112.5725,0.00214806,-0.08227977,0.02600934,0.99626750,9.44246,2.99094,0.00000,18.35000,280.8979,2.8000
190.5938,607.8367,339.8896,112.6328,0.00214616,-0.08231988,0.02597363,0.99626513,9.44707,2.98684,-0.00000,18.35000,280.7404,2.8000
190.8438,608.4006,341.2110,112.6968,0.00214465,-0.08236313,0.02594166,0.99626239,9.45203,2.98317,0.00000,18.35000,280.5719,2.8000
191.0938,608.9673,342.5310,112.7647,0.00214352,-0.08240940,0.02591336,0.99625930,9.45735,2.97993,0.00000,18.35000,280.3933,2.8000
191.3438,609.5373,343.8496,112.8349,0.00214277,-0.08245829,0.02588881,0.99625589,9.46297,2.97712,0.00000,18.35000,280.2054,2.8000
191.5939,610.1115,345.1665,112.9048,0.00214240,-0.08250934,0.02586825,0.99625220,9.46883,2.97477,-0.00000,18.35000,280.0080,2.8000
191.8439,610.6753,346.4879,112.9751,0.00214239,-0.08256246,0.02585134,0.99624824,9.47494,2.97283,0.00000,18.35000,279.8139,2.8000
192.0939,611.2247,347.8149,113.0464,0.00214270,-0.08261754,0.02583773,0.99624403,9.48127,2.97128,-0.00000,18.35000,279.6266,2.8000
192.3439,611.7593,349.1470,113.1175,0.00214332,-0.08267375,0.02582753,0.99623963,9.48773,2.97012,-0.00000,18.35000,279.4272,2.8000
192.5939,612.2778,350.4837,113.1866,0.00214425,-0.08272981,0.02582113,0.99623514,9.49418,2.96940,-0.00000,18.35000,279.2041,2.8000
192.8439,612.7814,351.8242,113.2545,0.00214546,-0.08278568,0.02581817,0.99623057,9.50061,2.96907,-0.00000,18.35000,278.9895,2.8000
193.0939,613.2710,353.1679,113.3219,0.00214693,-0.08284133,0.02581833,0.99622594,9.50701,2.96911,-0.00000,18.35000,278.7823,2.8000
193.3439,613.7456,354.5138,113.3882,0.00214862,-0.08289569,0.02582158,0.99622133,9.51326,2.96949,0.00000,18.35000,278.5655,2.8000
193.5939,614.2030,355.8609,113.4515,0.00215050,-0.08294703,0.02582810,0.99621688,9.51917,2.97026,-0.00000,18.35000,278.3299,2.8000
193.8439,614.6446,357.2088,113.5128,0.00215255,-0.08299538,0.02583760,0.99621260,9.52473,2.97136,0.00000,18.35000,278.1042,2.8000
194.0939,615.0712,358.5558,113.5707,0.00215476,-0.08304082,0.02584984,0.99620849,9.52996,2.97278,-0.00000,18.35000,277.8882,2.8000
194.3439,615.4814,359.9013,113.6192,0.00215700,-0.08308272,0.02586349,0.99620464,9.53478,2.97436,-0.00000,18.35000,277.7085,2.8000
194.5939,615.8734,361.2474,113.6556,0.00215905,-0.08311999,0.02587646,0.99620119,9.53907,2.97586,-0.00000,18.35000,277.5828,2.8000
194.8439,616.2486,362.5936,113.6823,0.00216094,-0.08315294,0.02588868,0.99619812,9.54287,2.97728,-0.00000,18.35000,277.4682,2.8000
195.0939,616.6080,363.9396,113.7016,0.00216265,-0.08318181,0.02590012,0.99619541,9.54619,2.97860,-0.00000,18.35000,277.3632,2.8000
195.3439,616.9526,365.2854,113.7116,0.00216414,-0.08320643,0.02591029,0.99619309,9.54903,2.97977,0.00000,18.35000,277.2705,2.8000
195.5939,617.2830,366.6312,113.7085,0.00216535,-0.08322645,0.02591846,0.99619120,9.55133,2.98072,-0.00000,18.35000,277.1924,2.8000
195.8439,617.6005,367.9768,113.6954,0.00216627,-0.08324222,0.02592458,0.99618972,9.55315,2.98143,0.00000,18.35000,277.1221,2.8000
196.0939,617.9072,369.3211,113.6751,0.00216692,-0.08325398,0.02592865,0.99618863,9.55450,2.98190,-0.00000,18.35000,277.0570,2.8000
196.3439,618.2182,370.6591,113.6473,0.00216736,-0.08326192,0.02593143,0.99618789,9.55541,2.98222,-0.00000,18.35000,276.9727,2.8000
196.5939,618.5344,371.9918,113.6093,0.00216769,-0.08326620,0.02593399,0.99618747,9.55591,2.98252,-0.00000,18.35000,276.8615,2.8000
196.8439,618.8521,373.3206,113.5632,0.00216791,-0.08326716,0.02593639,0.99618732,9.55602,2.98279,-0.00000,18.35000,276.7424,2.8000
197.0939,619.1568,374.6509,113.5108,0.00216803,-0.08326500,0.02593844,0.99618745,9.55577,2.98303,-0.00000,18.35000,276.6293,2.8000
197.3439,619.4519,375.9826,113.4510,0.00216803,-0.08325926,0.02594020,0.99618788,9.55511,2.98323,-0.00000,18.35000,276.5398,2.8000
197.5939,619.7425,377.3154,113.3804,0.00216791,-0.08324914,0.02594192,0.99618869,9.55395,2.98342,-0.00000,18.35000,276.4834,2.8000
197.8439,620.0284,378.6490,113.3004,0.00216766,-0.08323500,0.02594348,0.99618983,9.55232,2.98360,-0.00000,18.35000,276.4253,2.8000
198.0939,620.3092,379.9832,113.2127,0.00216730,-0.08321714,0.02594476,0.99619129,9.55027,2.98374,0.00000,18.35000,276.3655,2.8000
198.3439,620.5897,381.3172,113.1170,0.00216681,-0.08319586,0.02594553,0.99619304,9.54782,2.98383,-0.00000,18.35000,276.3430,2.8000
198.5939,620.8772,382.6499,113.0120,0.00216617,-0.08317152,0.02594553,0.99619508,9.54502,2.98382,0.00000,18.35000,276.3799,2.8000
198.8439,621.1706,383.9813,112.8989,0.00216540,-0.08314445,0.02594480,0.99619736,9.54191,2.98373,-0.00000,18.35000,276.4049,2.8000
199.0939,621.4680,385.3097,112.7790,0.00216451,-0.08311496,0.02594341,0.99619986,9.53851,2.98356,-0.00000,18.35000,276.4197,2.8000
199.3439,621.7703,386.6337,112.6570,0.00216357,-0.08308541,0.02594139,0.99620238,9.53511,2.98332,-0.00000,18.35000,276.4528,2.8000
199.5940,622.0795,387.9527,112.5393,0.00216266,-0.08305945,0.02593869,0.99620462,9.53213,2.98300,0.00000,18.35000,276.5204,2.8000
199.8440,622.3943,389.2671,112.4262,0.00216180,-0.08303692,0.02593546,0.99620658,9.52953,2.98263,0.00000,18.35000,276.5742,2.8000
200.0940,622.7138,390.5772,112.3175,0.00216100,-0.08301770,0.02593188,0.99620828,9.52732,2.98221,-0.00000,18.35000,276.6157,2.8000
200.3440,623.0405,391.8848,112.2155,0.00216029,-0.08300214,0.02592830,0.99620967,9.52553,2.98180,0.00000,18.35000,276.6399,2.8000
200.5940,623.3714,393.1948,112.1242,0.00215972,-0.08299087,0.02592496,0.99621069,9.52424,2.98141,-0.00000,18.35000,276.6458,2.8000
200.8440,623.6976,394.5110,112.0431,0.00215928,-0.08298350,0.02592198,0.99621139,9.52339,2.98106,0.00000,18.35000,276.6544,2.8000
201.0940,624.0195,395.8340,111.9718,0.00215897,-0.08297964,0.02591946,0.99621177,9.52294,2.98077,-0.00000,18.35000,276.6658,2.8000
201.3440,624.3358,397.1617,111.9124,0.00215878,-0.08297926,0.02591730,0.99621186,9.52290,2.98052,0.00000,18.35000,276.6537,2.8000
201.5940,624.6445,398.4908,111.8688,0.00215870,-0.08298246,0.02591534,0.99621165,9.52326,2.98030,-0.00000,18.35000,276.6017,2.8000
201.8440,624.9462,399.8219,111.8399,0.00215874,-0.08298870,0.02591385,0.99621117,9.52398,2.98013,0.00000,18.35000,276.5543,2.8000
202.0940,625.2412,401.1560,111.8249,0.00215890,-0.08299749,0.02591305,0.99621045,9.52499,2.98004,0.00000,18.35000,276.5110,2.8000
202.3440,625.5291,402.4929,111.8245,0.00215915,-0.08301022,0.02591211,0.99620942,9.52646,2.97994,0.00000,18.35000,276.4682,2.8000
202.5940,625.8083,403.8321,111.8406,0.00215945,-0.08302945,0.02590957,0.99620788,9.52867,2.97965,0.00000,18.35000,276.4243,2.8000
202.8440,626.0795,405.1740,111.8719,0.00215978,-0.08305458,0.02590570,0.99620589,9.53156,2.97921,-0.00000,18.35000,276.3853,2.8000
203.0940,626.3433,406.5193,111.9172,0.00216016,-0.08308504,0.02590072,0.99620347,9.53506,2.97864,0.00000,18.35000,276.3508,2.8000
203.3440,626.5993,407.8687,111.9749,0.00216056,-0.08312144,0.02589404,0.99620061,9.53925,2.97789,0.00000,18.35000,276.3244,2.8000
203.5940,626.8464,409.2226,112.0439,0.00216091,-0.08316513,0.02588455,0.99619721,9.54427,2.97680,0.00000,18.35000,276.3096,2.8000
203.8440,627.0850,410.5816,112.1238,0.00216122,-0.08321558,0.02587243,0.99619331,9.55007,2.97542,-0.00000,18.35000,276.3011,2.8000
204.0940,627.3158,411.9461,112.2142,0.00216148,-0.08327231,0.02585787,0.99618895,9.55659,2.97376,0.00000,18.35000,276.2984,2.8000
204.3440,627.5384,413.3152,112.3123,0.00216171,-0.08333300,0.02584169,0.99618429,9.56357,2.97192,0.00000,18.35000,276.2927,2.8000
204.5940,627.7515,414.6875,112.4135,0.00216192,-0.08339423,0.02582507,0.99617960,9.57061,2.97002,0.00000,18.35000,276.2805,2.8000
204.8440,627.9559,416.0636,112.5185,0.00216212,-0.08345582,0.02580821,0.99617488,9.57769,2.96810,0.00000,18.35000,276.2776,2.8000
205.0940,628.1520,417.4442,112.6278,0.00216231,-0.08351758,0.02579126,0.99617014,9.58479,2.96616,-0.00000,18.35000,276.2830,2.8000
205.3440,628.3404,418.8292,112.7348,0.00216251,-0.08357905,0.02577461,0.99616542,9.59186,2.96426,-0.00000,18.35000,276.2942,2.8000
205.5940,628.5211,420.2184,112.8378,0.00216276,-0.08363952,0.02575878,0.99616075,9.59881,2.96246,0.00000,18.35000,276.3090,2.8000
205.8440,628.6946,421.6124,112.9370,0.00216306,-0.08369906,0.02574391,0.99615613,9.60565,2.96076,-0.00000,18.35000,276.3327,2.8000
206.0941,628.8612,423.0115,113.0329,0.00216342,-0.08375775,0.02573007,0.99615156,9.61240,2.95918,0.00000,18.35000,276.3648,2.8000
206.3441,629.0212,424.4156,113.1249,0.00216386,-0.08381508,0.02571760,0.99614705,9.61899,2.95776,0.00000,18.35000,276.3972,2.8000
206.5941,629.1746,425.8243,113.2118,0.00216440,-0.08387024,0.02570700,0.99614268,9.62534,2.95656,-0.00000,18.35000,276.4246,2.8000
206.8441,629.3218,427.2379,113.2940,0.00216505,-0.08392336,0.02569834,0.99613843,9.63144,2.95557,-0.00000,18.35000,276.4597,2.8000
207.0941,629.4629,428.6568,113.3719,0.00216582,-0.08397456,0.02569166,0.99613429,9.63733,2.95482,-0.00000,18.35000,276.5021,2.8000
207.3441,629.5988,430.0812,113.4433,0.00216670,-0.08402238,0.02568734,0.99613037,9.64283,2.95433,-0.00000,18.35000,276.5348,2.8000
207.5941,629.7304,431.5111,113.5047,0.00216767,-0.08406443,0.02568595,0.99612685,9.64767,2.95418,-0.00000,18.35000,276.5466,2.8000
207.8441,629.8633,432.9452,113.5569,0.00216876,-0.08410108,0.02568756,0.99612371,9.65189,2.95438,0.00000,18.35000,276.5598,2.8000
208.0941,630.0041,434.3815,113.6010,0.00216998,-0.08413269,0.02569234,0.99612092,9.65552,2.95494,-0.00000,18.35000,276.5678,2.8000
208.3441,630.1510,435.8208,113.6348,0.00217135,-0.08415858,0.02570059,0.99611852,9.65850,2.95589,0.00000,18.35000,276.5598,2.8000
208.5941,630.3018,437.2636,113.6553,0.00217286,-0.08417742,0.02571265,0.99611661,9.66067,2.95728,0.00000,18.35000,276.5298,2.8000
208.8441,630.4565,438.7104,113.6648,0.00217453,-0.08418969,0.02572860,0.99611516,9.66209,2.95912,-0.00000,18.35000,276.4987,2.8000
209.0941,630.6150,440.1613,113.6652,0.00217637,-0.08419576,0.02574850,0.99611413,9.66279,2.96141,0.00000,18.35000,276.4664,2.8000
209.3441,630.7763,441.6159,113.6568,0.00217840,-0.08419662,0.02577224,0.99611344,9.66290,2.96414,-0.00000,18.35000,276.4319,2.8000
209.5941,630.9392,443.0738,113.6385,0.00218064,-0.08419367,0.02579964,0.99611297,9.66257,2.96729,-0.00000,18.35000,276.3949,2.8000
209.8441,631.1041,444.5349,113.6125,0.00218311,-0.08418721,0.02583079,0.99611270,9.66183,2.97088,-0.00000,18.35000,276.3577,2.8000
210.0941,631.2711,445.9996,113.5809,0.00218581,-0.08417746,0.02586576,0.99611261,9.66072,2.97490,-0.00000,18.35000,276.3197,2.8000
210.3441,631.4400,447.4678,113.5434,0.00218874,-0.08416452,0.02590439,0.99611270,9.65924,2.97934,-0.00000,18.35000,276.2792,2.8000
210.5941,631.6101,448.9394,113.4980,0.00219187,-0.08414844,0.02594636,0.99611296,9.65740,2.98416,-0.00000,18.35000,276.2361,2.8000
210.8441,631.7818,450.4147,113.4468,0.00219520,-0.08412944,0.02599176,0.99611337,9.65523,2.98938,0.00000,18.35000,276.1927,2.8000
211.0941,631.9557,451.8935,113.3916,0.00219876,-0.08410770,0.02604066,0.99611392,9.65274,2.99500,-0.00000,18.35000,276.1484,2.8000
211.3442,632.1324,453.3764,113.3343,0.00220249,-0.08408420,0.02609212,0.99611455,9.65005,3.00091,-0.00000,18.35000,276.1448,2.8000
211.5942,632.3130,454.8639,113.2760,0.00220629,-0.08406044,0.02614454,0.99611517,9.64733,3.00694,-0.00000,18.35000,276.2086,2.8000
211.8442,632.4976,456.3560,113.2177,0.00221017,-0.08403644,0.02619802,0.99611578,9.64458,3.01308,-0.00000,18.35000,276.2686,2.8000
212.0942,632.6862,457.8528,113.1604,0.00221414,-0.08401219,0.02625262,0.99611638,9.64180,3.01936,-0.00000,18.35000,276.3242,2.8000
212.3442,632.8799,459.3552,113.1030,0.00221814,-0.08398805,0.02630768,0.99611696,9.63904,3.02569,-0.00000,18.35000,276.4160,2.8000
212.5942,633.0799,460.8644,113.0431,0.00222211,-0.08396468,0.02636203,0.99611748,9.63637,3.03193,0.00000,18.35000,276.5699,2.8000
212.8442,633.2735,462.3839,112.9814,0.00222602,-0.08394206,0.02641556,0.99611796,9.63378,3.03809,-0.00000,18.35000,276.7297,2.8000
213.0942,633.4554,463.9151,112.9189,0.00222986,-0.08392012,0.02646809,0.99611841,9.63127,3.04412,-0.00000,18.35000,276.9008,2.8000
213.3442,633.6269,465.4582,112.8567,0.00223362,-0.08389889,0.02651938,0.99611882,9.62884,3.05002,-0.00000,18.35000,277.0936,2.8000
213.5942,633.7897,467.0135,112.7960,0.00223726,-0.08387842,0.02656914,0.99611921,9.62650,3.05574,-0.00000,18.35000,277.3142,2.8000
213.8442,633.9445,468.5805,112.7373,0.00224078,-0.08385857,0.02661722,0.99611959,9.62422,3.06126,-0.00000,18.35000,277.5418,2.8000
214.0942,634.0922,470.1586,112.6810,0.00224415,-0.08383920,0.02666348,0.99611998,9.62201,3.06658,0.00000,18.35000,277.7756,2.8000
214.3442,634.2348,471.7477,112.6282,0.00224743,-0.08382054,0.02670835,0.99612034,9.61987,3.07174,-0.00000,18.35000,277.9898,2.8000
214.5942,634.3756,473.3477,112.5806,0.00225068,-0.08380308,0.02675257,0.99612061,9.61788,3.07682,-0.00000,18.35000,278.1658,2.8000
214.8442,634.5146,474.9583,112.5378,0.00225389,-0.08378662,0.02679603,0.99612082,9.61599,3.08181,-0.00000,18.35000,278.3423,2.8000
215.0942,634.6522,476.5790,112.4998,0.00225705,-0.08377098,0.02683859,0.99612099,9.61421,3.08671,0.00000,18.35000,278.5192,2.8000
215.3442,634.7904,478.2098,112.4701,0.00226025,-0.08375737,0.02688102,0.99612098,9.61265,3.09158,0.00000,18.35000,278.6611,2.8000
215.5942,634.9328,479.8511,112.4550,0.00226366,-0.08374776,0.02692466,0.99612060,9.61156,3.09660,0.00000,18.35000,278.7424,2.8000
215.8442,635.0788,481.5025,112.4533,0.00226726,-0.08374171,0.02696933,0.99611989,9.61087,3.10174,0.00000,18.35000,278.8174,2.8000
216.0942,635.2281,483.1637,112.4641,0.00227101,-0.08373880,0.02701488,0.99611889,9.61055,3.10698,-0.00000,18.35000,278.8865,2.8000
216.3442,635.3827,484.8364,112.4867,0.00227496,-0.08373914,0.02706178,0.99611758,9.61060,3.11237,-0.00000,18.35000,278.9498,2.8000
216.5942,635.5462,486.5231,112.5209,0.00227920,-0.08374316,0.02711081,0.99611590,9.61108,3.11801,-0.00000,18.35000,279.0049,2.8000
216.8442,635.7178,488.2234,112.5660,0.00228368,-0.08375052,0.02716165,0.99611389,9.61194,3.12386,-0.00000,18.35000,279.0493,2.8000
217.0942,635.8966,489.9366,112.6211,0.00228837,-0.08376091,0.02721402,0.99611158,9.61315,3.12989,-0.00000,18.35000,279.0840,2.8000
217.3442,636.0873,491.6598,112.6848,0.00229336,-0.08377547,0.02726857,0.99610885,9.61484,3.13617,-0.00000,18.35000,279.1015,2.8000
217.5942,636.2971,493.3886,112.7561,0.00229882,-0.08379629,0.02732661,0.99610549,9.61725,3.14285,-0.00000,18.35000,279.0932,2.8000
217.8442,636.5244,495.1232,112.8352,0.00230474,-0.08382310,0.02738806,0.99610154,9.62035,3.14993,0.00000,18.35000,279.0667,2.8000
218.0942,636.7678,496.8636,112.9225,0.00231110,-0.08385560,0.02745285,0.99609700,9.62410,3.15739,-0.00000,18.35000,279.0233,2.8000
218.3442,637.0289,498.6083,113.0143,0.00231790,-0.08389328,0.02752114,0.99609193,9.62846,3.16526,-0.00000,18.35000,278.9490,2.8000
218.5943,637.2982,500.3584,113.1051,0.00232515,-0.08393551,0.02759317,0.99608636,9.63333,3.17356,0.00000,18.35000,278.8450,2.8000
218.8443,637.5548,502.1191,113.1968,0.00233281,-0.08398209,0.02766861,0.99608033,9.63871,3.18225,-0.00000,18.35000,278.7531,2.8000
219.0943,637.8005,503.8897,113.2912,0.00234086,-0.08403277,0.02774716,0.99607385,9.64456,3.19130,0.00000,18.35000,278.6713,2.8000
219.3443,638.0349,505.6707,113.3865,0.00234919,-0.08408495,0.02782843,0.99606716,9.65059,3.20066,-0.00000,18.35000,278.5798,2.8000
219.5943,638.2569,507.4633,113.4777,0.00235765,-0.08413464,0.02791196,0.99606060,9.65633,3.21028,-0.00000,18.35000,278.4659,2.8000
219.8443,638.4682,509.2668,113.5659,0.00236622,-0.08418189,0.02799747,0.99605419,9.66179,3.22013,0.00000,18.35000,278.3613,2.8000
220.0943,638.6700,511.0804,113.6520,0.00237487,-0.08422675,0.02808474,0.99604792,9.66697,3.23019,-0.00000,18.35000,278.2644,2.8000
220.3443,638.8632,512.9028,113.7358,0.00238354,-0.08426873,0.02817306,0.99604186,9.67183,3.24036,-0.00000,18.35000,278.1653,2.8000
220.5943,639.0481,514.7320,113.8131,0.00239212,-0.08430711,0.02826139,0.99603609,9.67627,3.25053,0.00000,18.35000,278.0593,2.8000
220.8443,639.2258,516.5676,113.8827,0.00240060,-0.08434212,0.02834965,0.99603059,9.68032,3.26070,0.00000,18.35000,277.9614,2.8000
221.0943,639.3973,518.4093,113.9452,0.00240898,-0.08437401,0.02843772,0.99602536,9.68401,3.27084,-0.00000,18.35000,277.8704,2.8000
221.3443,639.5638,520.2561,114.0005,0.00241722,-0.08440251,0.02852524,0.99602042,9.68732,3.28092,-0.00000,18.35000,277.7860,2.8000
221.5943,639.7262,522.1060,114.0481,0.00242527,-0.08442707,0.02861172,0.99601584,9.69017,3.29087,0.00000,18.35000,277.7084,2.8000
221.8443,639.8851,523.9593,114.0887,0.00243312,-0.08444795,0.02869718,0.99601159,9.69259,3.30071,0.00000,18.35000,277.6360,2.8000
222.0943,640.0413,525.8158,114.1230,0.00244080,-0.08446537,0.02878164,0.99600766,9.69462,3.31043,-0.00000,18.35000,277.5679,2.8000
222.3443,640.1940,527.6758,114.1483,0.00244827,-0.08447776,0.02886538,0.99600417,9.69607,3.32007,-0.00000,18.35000,277.4597,2.8000
222.5943,640.3419,529.5395,114.1602,0.00245548,-0.08448247,0.02894880,0.99600133,9.69663,3.32967,0.00000,18.35000,277.2838,2.8000
222.8443,640.4857,531.4071,114.1601,0.00246246,-0.08447992,0.02903182,0.99599911,9.69636,3.33922,0.00000,18.35000,277.1142,2.8000
223.0943,640.6260,533.2786,114.1497,0.00246919,-0.08447052,0.02911440,0.99599748,9.69531,3.34872,-0.00000,18.35000,276.9500,2.8000
223.3443,640.7633,535.1545,114.1272,0.00247571,-0.08445433,0.02919687,0.99599643,9.69347,3.35820,0.00000,18.35000,276.7909,2.8000
223.5943,640.8977,537.0360,114.0895,0.00248207,-0.08443125,0.02927981,0.99599593,9.69084,3.36774,0.00000,18.35000,276.6366,2.8000
223.8443,641.0287,538.9231,114.0386,0.00248826,-0.08440178,0.02936308,0.99599596,9.68747,3.37731,-0.00000,18.35000,276.4874,2.8000
224.0943,641.1536,540.8164,113.9763,0.00249428,-0.08436629,0.02944649,0.99599649,9.68341,3.38690,0.00000,18.35000,276.3457,2.8000
224.3443,641.2756,542.7148,113.9035,0.00250020,-0.08432663,0.02953036,0.99599735,9.67887,3.39653,-0.00000,18.35000,276.2655,2.8000
224.5943,641.3992,544.6167,113.8205,0.00250618,-0.08428560,0.02961537,0.99599829,9.67417,3.40630,-0.00000,18.35000,276.2794,2.8000
224.8443,641.5318,546.5202,113.7292,0.00251221,-0.08424349,0.02970155,0.99599927,9.66935,3.41621,0.00000,18.35000,276.2853,2.8000
225.0943,641.6760,548.4249,113.6309,0.00251832,-0.08420059,0.02978901,0.99600027,9.66444,3.42626,-0.00000,18.35000,276.2803,2.8000
225.3443,641.8325,550.3305,113.5258,0.00252454,-0.08415745,0.02987785,0.99600124,9.65951,3.43646,-0.00000,18.35000,276.2893,2.8000
225.5944,641.9997,552.2372,113.4133,0.00253089,-0.08411482,0.02996824,0.99600211,9.65463,3.44685,-0.00000,18.35000,276.3303,2.8000
225.8444,642.1766,554.1452,113.2952,0.00253739,-0.08407290,0.03006025,0.99600286,9.64983,3.45742,0.00000,18.35000,276.3622,2.8000
226.0944,642.3623,556.0547,113.1730,0.00254406,-0.08403182,0.03015392,0.99600348,9.64513,3.46819,-0.00000,18.35000,276.3859,2.8000
226.3444,642.5563,557.9678,113.0484,0.00255098,-0.08399218,0.03025025,0.99600388,9.64060,3.47926,0.00000,18.35000,276.4416,2.8000
226.5944,642.7586,559.8879,112.9231,0.00255831,-0.08395484,0.03035074,0.99600395,9.63634,3.49081,0.00000,18.35000,276.5552,2.8000
226.8444,642.9682,561.8148,112.7984,0.00256605,-0.08391978,0.03045520,0.99600370,9.63233,3.50282,-0.00000,18.35000,276.6608,2.8000
227.0944,643.1842,563.7484,112.6754,0.00257416,-0.08388692,0.03056342,0.99600313,9.62858,3.51526,-0.00000,18.35000,276.7590,2.8000
227.3444,643.4053,565.6886,112.5561,0.00258264,-0.08385668,0.03067515,0.99600222,9.62514,3.52811,-0.00000,18.35000,276.8595,2.8000
227.5944,643.6299,567.6356,112.4431,0.00259149,-0.08382971,0.03079007,0.99600092,9.62207,3.54132,-0.00000,18.35000,276.9689,2.8000
227.8444,643.8573,569.5892,112.3369,0.00260067,-0.08380576,0.03090798,0.99599926,9.61935,3.55488,-0.00000,18.35000,277.0736,2.8000
228.0944,644.0870,571.5492,112.2378,0.00261017,-0.08378457,0.03102870,0.99599727,9.61695,3.56876,0.00000,18.35000,277.1741,2.8000
228.3444,644.3176,573.5142,112.1492,0.00261992,-0.08376729,0.03115096,0.99599488,9.61500,3.58282,0.00000,18.35000,277.2582,2.8000
228.5944,644.5474,575.4817,112.0759,0.00262983,-0.08375584,0.03127290,0.99599199,9.61372,3.59685,-0.00000,18.35000,277.3182,2.8000
228.8444,644.7760,577.4518,112.0172,0.00263987,-0.08374968,0.03139450,0.99598866,9.61304,3.61084,-0.00000,18.35000,277.3762,2.8000
229.0944,645.0034,579.4245,111.9723,0.00265003,-0.08374831,0.03151580,0.99598492,9.61292,3.62479,0.00000,18.35000,277.4323,2.8000
229.3444,645.2281,581.3984,111.9459,0.00266024,-0.08375268,0.03163536,0.99598073,9.61346,3.63855,-0.00000,18.35000,277.4667,2.8000
229.5944,645.4481,583.3709,111.9455,0.00267035,-0.08376449,0.03175094,0.99597603,9.61486,3.65185,-0.00000,18.35000,277.4670,2.8000
229.8444,645.6636,585.3421,111.9691,0.00268035,-0.08378288,0.03186275,0.99597089,9.61701,3.66472,0.00000,18.35000,277.4672,2.8000
230.0944,645.8750,587.3124,112.0149,0.00269025,-0.08380706,0.03197096,0.99596536,9.61982,3.67718,-0.00000,18.35000,277.4673,2.8000
230.3444,646.0812,589.2814,112.0777,0.00269996,-0.08383577,0.03207525,0.99595956,9.62316,3.68919,0.00000,18.35000,277.4557,2.8000
230.5944,646.2806,591.2483,112.1508,0.00270940,-0.08386758,0.03217500,0.99595364,9.62685,3.70068,-0.00000,18.35000,277.4265,2.8000
230.8444,646.4738,593.2134,112.2334,0.00271857,-0.08390211,0.03227041,0.99594762,9.63085,3.71166,-0.00000,18.35000,277.4019,2.8000
231.0944,646.6611,595.1770,112.3251,0.00272748,-0.08393901,0.03236171,0.99594153,9.63513,3.72218,-0.00000,18.35000,277.3814,2.8000
231.3444,646.8425,597.1396,112.4256,0.00273613,-0.08397796,0.03244907,0.99593538,9.63964,3.73224,-0.00000,18.35000,277.3639,2.8000
231.5944,647.0174,599.1019,112.5344,0.00274452,-0.08401869,0.03253267,0.99592919,9.64435,3.74188,-0.00000,18.35000,277.3494,2.8000
231.8444,647.1863,601.0639,112.6411,0.00275268,-0.08406117,0.03261263,0.99592297,9.64926,3.75109,0.00000,18.35000,277.3414,2.8000
232.0944,647.3493,603.0260,112.7460,0.00276060,-0.08410540,0.03268910,0.99591671,9.65438,3.75990,-0.00000,18.35000,277.3394,2.8000
232.3444,647.5078,604.9877,112.8482,0.00276831,-0.08415100,0.03276238,0.99591042,9.65965,3.76835,-0.00000,18.35000,277.3424,2.8000
232.5944,647.6640,606.9484,112.9460,0.00277582,-0.08419745,0.03283296,0.99590415,9.66501,3.77649,0.00000,18.35000,277.3480,2.8000
232.8445,647.8181,608.9082,113.0401,0.00278315,-0.08424482,0.03290095,0.99589788,9.67049,3.78432,-0.00000,18.35000,277.3559,2.8000
233.0945,647.9702,610.8674,113.1307,0.00279031,-0.08429316,0.03296647,0.99589160,9.67607,3.79188,-0.00000,18.35000,277.3658,2.8000
233.3445,648.1204,612.8259,113.2166,0.00279730,-0.08434174,0.03302975,0.99588538,9.68168,3.79918,-0.00000,18.35000,277.3655,2.8000
233.5945,648.2677,614.7840,113.2955,0.00280409,-0.08438933,0.03309107,0.99587929,9.68718,3.80625,-0.00000,18.35000,277.3488,2.8000
233.8445,648.4113,616.7417,113.3682,0.00281070,-0.08443609,0.03315052,0.99587333,9.69258,3.81310,-0.00000,18.35000,277.3373,2.8000
234.0945,648.5515,618.6993,113.4358,0.00281714,-0.08448216,0.03320819,0.99586748,9.69790,3.81975,-0.00000,18.35000,277.3304,2.8000
234.3445,648.6881,620.6567,113.4970,0.00282341,-0.08452655,0.03326441,0.99586182,9.70302,3.82624,-0.00000,18.35000,277.3164,2.8000
234.5945,648.8202,622.6142,113.5495,0.00282950,-0.08456767,0.03331972,0.99585646,9.70777,3.83262,-0.00000,18.35000,277.2895,2.8000
234.8445,648.9480,624.5718,113.5942,0.00283541,-0.08460576,0.03337417,0.99585139,9.71217,3.83889,-0.00000,18.35000,277.2695,2.8000
235.0945,649.0719,626.5295,113.6323,0.00284117,-0.08464102,0.03342782,0.99584658,9.71625,3.84508,-0.00000,18.35000,277.2561,2.8000
235.3445,649.1967,628.4859,113.6635,0.00284679,-0.08467271,0.03348136,0.99584207,9.71991,3.85125,-0.00000,18.35000,277.2468,2.8000
235.5945,649.3291,630.4389,113.6863,0.00285235,-0.08469956,0.03353591,0.99583793,9.72302,3.85754,0.00000,18.35000,277.2361,2.8000
235.8445,649.4687,632.3890,113.7017,0.00285785,-0.08472190,0.03359160,0.99583414,9.72561,3.86395,0.00000,18.35000,277.2200,2.8000
236.1032,649.6202,634.4067,113.7107,0.00286350,-0.08474064,0.03365049,0.99583054,9.72778,3.87073,-0.00000,18.35000,277.1990,2.8000
236.3532,649.7718,636.3524,113.7121,0.00286890,-0.08475445,0.03370835,0.99582739,9.72939,3.87740,-0.00000,18.35000,277.1667,2.8000
236.6032,649.9271,638.2983,113.7056,0.00287419,-0.08476400,0.03376662,0.99582459,9.73051,3.88411,-0.00000,18.35000,277.1247,2.8000
236.8532,650.0859,640.2446,113.6921,0.00287939,-0.08476960,0.03382531,0.99582211,9.73117,3.89086,-0.00000,18.35000,277.0806,2.8000
237.1032,650.2480,642.1912,113.6724,0.00288449,-0.08477150,0.03388441,0.99581992,9.73141,3.89766,-0.00000,18.35000,277.0345,2.8000
237.3532,650.4119,644.1365,113.6458,0.00288947,-0.08476992,0.03394353,0.99581803,9.73125,3.90447,-0.00000,18.35000,276.9733,2.8000
237.6032,650.5757,646.0780,113.6111,0.00289430,-0.08476506,0.03400217,0.99581643,9.73071,3.91121,0.00000,18.35000,276.8930,2.8000
237.8532,650.7394,648.0163,113.5693,0.00289900,-0.08475719,0.03406047,0.99581509,9.72983,3.91792,-0.00000,18.35000,276.8143,2.8000
238.1033,650.9032,649.9515,113.5212,0.00290359,-0.08474654,0.03411857,0.99581400,9.72862,3.92460,-0.00000,18.35000,276.7370,2.8000
238.3533,651.0665,651.8834,113.4670,0.00290795,-0.08473249,0.03417547,0.99581323,9.72702,3.93114,0.00000,18.35000,276.7141,2.8000
238.6033,651.2284,653.8119,113.4069,0.00291193,-0.08471410,0.03422973,0.99581292,9.72492,3.93738,-0.00000,18.35000,276.7681,2.8000
238.8533,651.3894,655.7370,113.3417,0.00291556,-0.08469158,0.03428152,0.99581304,9.72235,3.94333,-0.00000,18.35000,276.8233,2.8000
239.1033,651.5494,657.6592,113.2725,0.00291886,-0.08466511,0.03433102,0.99581358,9.71932,3.94902,-0.00000,18.35000,276.8796,2.8000
239.3533,651.7092,659.5802,113.2009,0.00292177,-0.08463468,0.03437764,0.99581455,9.71583,3.95437,-0.00000,18.35000,276.9978,2.8000
239.6033,651.8693,661.5024,113.1290,0.00292421,-0.08460017,0.03442047,0.99581599,9.71188,3.95929,0.00000,18.35000,277.2025,2.8000
239.8533,652.0301,663.4256,113.0575,0.00292619,-0.08456159,0.03445953,0.99581791,9.70745,3.96377,-0.00000,18.35000,277.4055,2.8000
240.1033,652.1742,665.3524,112.9870,0.00292769,-0.08451887,0.03449474,0.99582032,9.70255,3.96781,0.00000,18.35000,277.6234,2.8000
240.3533,652.3034,667.2819,112.9212,0.00292892,-0.08447437,0.03452741,0.99582296,9.69744,3.97155,-0.00000,18.35000,277.8370,2.8000
240.6033,652.4235,669.2127,112.8650,0.00293014,-0.08443139,0.03455949,0.99582548,9.69250,3.97523,-0.00000,18.35000,278.0334,2.8000
240.8533,652.5349,671.1447,112.8180,0.00293134,-0.08438957,0.03459092,0.99582794,9.68770,3.97883,-0.00000,18.35000,278.2361,2.8000
241.1033,652.6386,673.0777,112.7800,0.00293251,-0.08434857,0.03462165,0.99583034,9.68299,3.98236,-0.00000,18.35000,278.4445,2.8000
241.3533,652.7365,675.0143,112.7500,0.00293364,-0.08430859,0.03465141,0.99583268,9.67840,3.98577,0.00000,18.35000,278.6391,2.8000
241.6033,652.8309,676.9584,112.7270,0.00293469,-0.08427007,0.03467976,0.99583495,9.67398,3.98902,-0.00000,18.35000,278.8102,2.8000
241.8533,652.9222,678.9092,112.7108,0.00293564,-0.08423275,0.03470645,0.99583718,9.66969,3.99207,-0.00000,18.35000,278.9822,2.8000
242.1033,653.0106,680.8661,112.7011,0.00293646,-0.08419641,0.03473126,0.99583939,9.66552,3.99492,0.00000,18.35000,279.1550,2.8000
242.3533,653.1004,682.8275,112.6971,0.00293727,-0.08416239,0.03475490,0.99584143,9.66161,3.99763,-0.00000,18.35000,279.2781,2.8000
242.6033,653.1973,684.7921,112.6978,0.00293822,-0.08413272,0.03477850,0.99584311,9.65821,4.00033,0.00000,18.35000,279.3267,2.8000
242.8533,653.3005,686.7595,112.7030,0.00293931,-0.08410723,0.03480193,0.99584445,9.65528,4.00302,-0.00000,18.35000,279.3675,2.8000
243.1033,653.4094,688.7295,112.7125,0.00294051,-0.08408576,0.03482505,0.99584545,9.65282,4.00567,-0.00000,18.35000,279.4012,2.8000
243.3533,653.5252,690.7025,112.7271,0.00294185,-0.08406866,0.03484801,0.99584608,9.65086,4.00831,-0.00000,18.35000,279.4085,2.8000
243.6033,653.6499,692.6796,112.7482,0.00294336,-0.08405646,0.03487099,0.99584630,9.64946,4.01095,-0.00000,18.35000,279.3800,2.8000
243.8533,653.7827,694.6602,112.7755,0.00294502,-0.08404896,0.03489383,0.99584613,9.64861,4.01358,-0.00000,18.35000,279.3418,2.8000
244.1190,653.9319,696.7729,112.8103,0.00294692,-0.08404570,0.03491758,0.99584557,9.64824,4.01631,-0.00000,18.35000,279.2942,2.8000
244.3690,654.0796,698.7601,112.8498,0.00294881,-0.08404708,0.03493945,0.99584468,9.64841,4.01882,-0.00000,18.35000,279.2392,2.8000
244.6190,654.2345,700.7509,112.8964,0.00295079,-0.08405221,0.03496067,0.99584350,9.64901,4.02127,-0.00000,18.35000,279.1837,2.8000
244.8690,654.3960,702.7451,112.9499,0.00295282,-0.08406086,0.03498109,0.99584204,9.65001,4.02362,0.00000,18.35000,279.1197,2.8000
245.1190,654.5637,704.7423,113.0098,0.00295489,-0.08407279,0.03500055,0.99584035,9.65139,4.02586,-0.00000,18.35000,279.0479,2.8000
245.3690,654.7374,706.7418,113.0758,0.00295697,-0.08408783,0.03501891,0.99583843,9.65312,4.02798,0.00000,18.35000,278.9680,2.8000
245.6190,654.9172,708.7430,113.1448,0.00295906,-0.08410585,0.03503606,0.99583629,9.65520,4.02996,-0.00000,18.35000,278.8804,2.8000
245.8690,655.1026,710.7457,113.2118,0.00296114,-0.08412690,0.03505189,0.99583395,9.65763,4.03179,-0.00000,18.35000,278.7870,2.8000
246.1190,655.2932,712.7498,113.2768,0.00296322,-0.08415102,0.03506632,0.99583140,9.66041,4.03346,-0.00000,18.35000,278.6881,2.8000
246.3690,655.4914,714.7544,113.3411,0.00296535,-0.08417779,0.03508023,0.99582864,9.66350,4.03507,-0.00000,18.35000,278.5912,2.8000
246.6190,655.6998,716.7583,113.4056,0.00296759,-0.08420674,0.03509460,0.99582568,9.66683,4.03673,-0.00000,18.35000,278.4959,2.8000
246.8690,655.9159,718.7614,113.4704,0.00296994,-0.08423786,0.03510936,0.99582252,9.67042,4.03844,-0.00000,18.35000,278.3929,2.8000
247.1190,656.1203,720.7659,113.5355,0.00297239,-0.08427103,0.03512432,0.99581918,9.67424,4.04017,0.00000,18.35000,278.3012,2.8000
247.3690,656.3140,722.7728,113.5999,0.00297490,-0.08430557,0.03513943,0.99581572,9.67822,4.04192,0.00000,18.35000,278.2110,2.8000
247.6190,656.4981,724.7831,113.6627,0.00297743,-0.08434076,0.03515459,0.99581219,9.68228,4.04368,-0.00000,18.35000,278.1205,2.8000
247.8690,656.6735,726.7963,113.7240,0.00297998,-0.08437659,0.03516956,0.99580862,9.68640,4.04542,0.00000,18.35000,278.0381,2.8000
248.1190,656.8412,728.8118,113.7838,0.00298251,-0.08441303,0.03518415,0.99580501,9.69060,4.04711,-0.00000,18.35000,277.9630,2.8000
248.3690,657.0002,730.8291,113.8399,0.00298498,-0.08444849,0.03519834,0.99580150,9.69469,4.04875,-0.00000,18.35000,277.8569,2.8000
248.6190,657.1498,732.8476,113.8897,0.00298732,-0.08448129,0.03521215,0.99579822,9.69847,4.05035,-0.00000,18.35000,277.7178,2.8000
248.8690,657.2914,734.8669,113.9336,0.00298952,-0.08451156,0.03522538,0.99579518,9.70196,4.05189,0.00000,18.35000,277.5881,2.8000
249.1190,657.4261,736.8867,113.9722,0.00299158,-0.08453947,0.03523784,0.99579236,9.70517,4.05333,-0.00000,18.35000,277.4665,2.8000
249.3690,657.5534,738.9066,114.0033,0.00299342,-0.08456377,0.03524936,0.99578988,9.70797,4.05466,-0.00000,18.35000,277.3293,2.8000
249.6190,657.6728,740.9261,114.0249,0.00299500,-0.08458318,0.03525975,0.99578786,9.71021,4.05587,-0.00000,18.35000,277.1750,2.8000
249.8690,657.7857,742.9451,114.0380,0.00299630,-0.08459798,0.03526888,0.99578628,9.71192,4.05692,-0.00000,18.35000,277.0295,2.8000
250.1190,657.8934,744.9611,114.0435,0.00299734,-0.08460841,0.03527670,0.99578511,9.71312,4.05783,0.00000,18.35000,276.8917,2.8000
250.3690,657.9964,746.9739,114.0410,0.00299810,-0.08461448,0.03528315,0.99578436,9.71382,4.05857,-0.00000,18.35000,276.7877,2.8000
250.6190,658.0953,748.9852,114.0301,0.00299859,-0.08461618,0.03528816,0.99578404,9.71402,4.05915,-0.00000,18.35000,276.7185,2.8000
250.8691,658.1987,750.9938,114.0121,0.00299881,-0.08461382,0.03529173,0.99578411,9.71375,4.05956,-0.00000,18.35000,276.6455,2.8000
251.1191,658.3068,752.9998,113.9880,0.00299877,-0.08460767,0.03529386,0.99578456,9.71304,4.05980,0.00000,18.35000,276.5685,2.8000
251.3691,658.4209,755.0023,113.9558,0.00299857,-0.08459777,0.03529558,0.99578534,9.71190,4.05999,-0.00000,18.35000,276.4670,2.8000
251.6191,658.5421,757.0004,113.9132,0.00299829,-0.08458423,0.03529802,0.99578641,9.71034,4.06027,-0.00000,18.35000,276.3384,2.8000
251.8691,658.6695,758.9943,113.8620,0.00299796,-0.08456736,0.03530117,0.99578773,9.70840,4.06063,0.00000,18.35000,276.2041,2.8000
252.1191,658.8012,760.9843,113.8042,0.00299757,-0.08454744,0.03530503,0.99578928,9.70611,4.06106,-0.00000,18.35000,276.0658,2.8000
252.3691,658.9380,762.9706,113.7384,0.00299717,-0.08452482,0.03530977,0.99579104,9.70351,4.06160,-0.00000,18.35000,275.9280,2.8000
252.6191,659.0820,764.9531,113.6631,0.00299677,-0.08449988,0.03531556,0.99579295,9.70064,4.06226,0.00000,18.35000,275.7892,2.8000
252.8691,659.2325,766.9320,113.5799,0.00299638,-0.08447293,0.03532238,0.99579500,9.69754,4.06304,0.00000,18.35000,275.6444,2.8000
253.1191,659.3878,768.9073,113.4901,0.00299602,-0.08444421,0.03533017,0.99579716,9.69424,4.06392,0.00000,18.35000,275.4950,2.8000
253.3691,659.5411,770.8788,113.3944,0.00299558,-0.08441367,0.03533788,0.99579947,9.69073,4.06480,-0.00000,18.35000,275.4044,2.8000
253.6191,659.6994,772.8451,113.2935,0.00299498,-0.08438125,0.03534445,0.99580199,9.68700,4.06554,0.00000,18.35000,275.3715,2.8000
253.8691,659.8621,774.8061,113.1884,0.00299423,-0.08434711,0.03534995,0.99580469,9.68307,4.06616,-0.00000,18.35000,275.3338,2.8000
254.1191,660.0289,776.7619,113.0801,0.00299333,-0.08431139,0.03535443,0.99580756,9.67897,4.06667,-0.00000,18.35000,275.2917,2.8000
254.3691,660.2025,778.7120,112.9707,0.00299228,-0.08427509,0.03535733,0.99581053,9.67479,4.06699,-0.00000,18.35000,275.2987,2.8000
254.6191,660.3772,780.6565,112.8623,0.00299105,-0.08423919,0.03535804,0.99581355,9.67066,4.06706,-0.00000,18.35000,275.3659,2.8000
254.8691,660.5525,782.5924,112.7552,0.00298967,-0.08420363,0.03535675,0.99581660,9.66657,4.06690,0.00000,18.35000,275.4318,2.8000
255.1191,660.7280,784.5201,112.6496,0.00298815,-0.08416835,0.03535366,0.99581970,9.66250,4.06653,-0.00000,18.35000,275.4963,2.8000
255.3691,660.9033,786.4412,112.5500,0.00298660,-0.08413560,0.03534918,0.99582263,9.65873,4.06600,0.00000,18.35000,275.5717,2.8000
255.6191,661.0776,788.3573,112.4606,0.00298514,-0.08410775,0.03534367,0.99582519,9.65553,4.06536,-0.00000,18.35000,275.6591,2.8000
255.8691,661.2507,790.2685,112.3810,0.00298375,-0.08408440,0.03533715,0.99582739,9.65284,4.06460,0.00000,18.35000,275.7453,2.8000
256.1191,661.4225,792.1748,112.3105,0.00298243,-0.08406520,0.03532965,0.99582928,9.65063,4.06373,-0.00000,18.35000,275.8303,2.8000
256.3691,661.5927,794.0758,112.2525,0.00298116,-0.08405035,0.03532087,0.99583085,9.64892,4.06272,-0.00000,18.35000,275.8820,2.8000
256.6191,661.7607,795.9707,112.2107,0.00297991,-0.08404002,0.03531048,0.99583210,9.64772,4.06152,-0.00000,18.35000,275.8970,2.8000
256.8691,661.9266,797.8597,112.1839,0.00297868,-0.08403366,0.03529855,0.99583306,9.64699,4.06014,-0.00000,18.35000,275.9108,2.8000
257.1191,662.0905,799.7429,112.1712,0.00297744,-0.08403078,0.03528515,0.99583378,9.64665,4.05860,-0.00000,18.35000,275.9233,2.8000
257.3691,662.2511,801.6207,112.1754,0.00297621,-0.08403134,0.03527035,0.99583426,9.64671,4.05690,-0.00000,18.35000,275.9241,2.8000
257.6191,662.4073,803.4936,112.1994,0.00297499,-0.08403526,0.03525424,0.99583451,9.64716,4.05504,-0.00000,18.35000,275.9128,2.8000
257.8691,662.5592,805.3616,112.2418,0.00297376,-0.08404192,0.03523682,0.99583456,9.64792,4.05304,-0.00000,18.35000,275.9018,2.8000
258.1192,662.7073,807.2248,112.3012,0.00297249,-0.08405075,0.03521810,0.99583448,9.64893,4.05089,-0.00000,18.35000,275.8909,2.8000
258.3692,662.8511,809.0832,112.3730,0.00297121,-0.08406334,0.03519771,0.99583415,9.65037,4.04855,-0.00000,18.35000,275.8749,2.8000
258.6192,662.9902,810.9371,112.4531,0.00296997,-0.08408158,0.03517529,0.99583340,9.65246,4.04597,0.00000,18.35000,275.8555,2.8000
258.8692,663.1247,812.7865,112.5413,0.00296874,-0.08410509,0.03515087,0.99583228,9.65516,4.04317,-0.00000,18.35000,275.8398,2.8000
259.1192,663.2549,814.6312,112.6346,0.00296752,-0.08413361,0.03512447,0.99583081,9.65843,4.04014,-0.00000,18.35000,275.8283,2.8000
259.3692,663.3807,816.4712,112.7317,0.00296629,-0.08416696,0.03509595,0.99582900,9.66226,4.03687,-0.00000,18.35000,275.8216,2.8000
259.6192,663.5019,818.3062,112.8310,0.00296504,-0.08420499,0.03506516,0.99582687,9.66662,4.03334,-0.00000,18.35000,275.8208,2.8000
259.8692,663.6185,820.1364,112.9307,0.00296375,-0.08424758,0.03503214,0.99582444,9.67151,4.02956,-0.00000,18.35000,275.8258,2.8000
260.1192,663.7306,821.9615,113.0321,0.00296243,-0.08429456,0.03499694,0.99582170,9.67691,4.02552,-0.00000,18.35000,275.8364,2.8000
260.3692,663.8382,823.7809,113.1346,0.00296102,-0.08434389,0.03495970,0.99581884,9.68257,4.02125,-0.00000,18.35000,275.8524,2.8000
260.6192,663.9408,825.5935,113.2372,0.00295944,-0.08439343,0.03492051,0.99581602,9.68826,4.01676,0.00000,18.35000,275.8730,2.8000
260.8692,664.0388,827.3995,113.3392,0.00295771,-0.08444316,0.03487944,0.99581325,9.69397,4.01205,-0.00000,18.35000,275.8979,2.8000
261.1192,664.1324,829.1990,113.4381,0.00295583,-0.08449314,0.03483651,0.99581052,9.69970,4.00713,-0.00000,18.35000,275.9274,2.8000
261.3692,664.2218,830.9904,113.5320,0.00295375,-0.08454179,0.03479190,0.99580796,9.70529,4.00201,-0.00000,18.35000,275.9525,2.8000
261.6192,664.3072,832.7717,113.6190,0.00295144,-0.08458746,0.03474586,0.99580569,9.71053,3.99673,-0.00000,18.35000,275.9724,2.8000
261.8692,664.3890,834.5435,113.7001,0.00294892,-0.08463036,0.03469854,0.99580370,9.71545,3.99130,-0.00000,18.35000,275.9968,2.8000
262.1192,664.4672,836.3059,113.7764,0.00294621,-0.08467064,0.03465007,0.99580198,9.72006,3.98574,-0.00000,18.35000,276.0254,2.8000
262.3692,664.5422,838.0589,113.8444,0.00294329,-0.08470775,0.03460053,0.99580055,9.72432,3.98005,-0.00000,18.35000,276.0502,2.8000
262.6192,664.6144,839.8021,113.9003,0.00294016,-0.08474117,0.03455001,0.99579947,9.72815,3.97425,-0.00000,18.35000,276.0704,2.8000
262.8692,664.6841,841.5359,113.9462,0.00293683,-0.08477125,0.03449865,0.99579870,9.73159,3.96835,-0.00000,18.35000,276.0943,2.8000
263.1192,664.7517,843.2604,113.9838,0.00293333,-0.08479828,0.03444655,0.99579821,9.73468,3.96236,-0.00000,18.35000,276.1214,2.8000
263.3692,664.8206,844.9768,114.0079,0.00292957,-0.08481996,0.03439360,0.99579821,9.73716,3.95627,-0.00000,18.35000,276.1259,2.8000
263.6192,664.8979,846.6860,114.0138,0.00292546,-0.08483397,0.03433965,0.99579889,9.73875,3.95007,-0.00000,18.35000,276.0994,2.8000
263.8692,664.9835,848.3879,114.0046,0.00292102,-0.08484092,0.03428475,0.99580020,9.73954,3.94375,-0.00000,18.35000,276.0667,2.8000
264.1192,665.0772,850.0825,113.9835,0.00291627,-0.08484131,0.03422897,0.99580210,9.73956,3.93734,-0.00000,18.35000,276.0273,2.8000
264.3692,665.1779,851.7691,113.9503,0.00291124,-0.08483548,0.03417239,0.99580456,9.73887,3.93082,0.00000,18.35000,275.9699,2.8000
264.6192,665.2845,853.4468,113.9040,0.00290595,-0.08482378,0.03411509,0.99580753,9.73751,3.92423,-0.00000,18.35000,275.8951,2.8000
264.8692,665.3969,855.1158,113.8470,0.00290043,-0.08480663,0.03405720,0.99581099,9.73551,3.91756,-0.00000,18.35000,275.8158,2.8000
265.1192,665.5151,856.7761,113.7815,0.00289468,-0.08478441,0.03399880,0.99581490,9.73294,3.91083,-0.00000,18.35000,275.7319,2.8000
265.3692,665.6385,858.4283,113.7096,0.00288875,-0.08475840,0.03393969,0.99581914,9.72992,3.90402,-0.00000,18.35000,275.6487,2.8000
265.6198,665.7662,860.0764,113.6329,0.00288265,-0.08472987,0.03387952,0.99582364,9.72662,3.89709,-0.00000,18.35000,275.5674,2.8000
265.8698,665.8978,861.7130,113.5526,0.00287641,-0.08469908,0.03381862,0.99582835,9.72306,3.89007,-0.00000,18.35000,275.4821,2.8000
266.1198,666.0335,863.3418,113.4699,0.00287003,-0.08466612,0.03375691,0.99583326,9.71924,3.88296,-0.00000,18.35000,275.3929,2.8000
266.3698,666.1723,864.9643,113.3865,0.00286348,-0.08463165,0.03369383,0.99583835,9.71526,3.87569,-0.00000,18.35000,275.3607,2.8000
266.6198,666.3071,866.5820,113.3042,0.00285673,-0.08459626,0.03362865,0.99584358,9.71116,3.86817,-0.00000,18.35000,275.3968,2.8000
266.8698,666.4376,868.1947,113.2234,0.00284977,-0.08455990,0.03356132,0.99584895,9.70696,3.86041,-0.00000,18.35000,275.4359,2.8000
267.1198,666.5642,869.8023,113.1446,0.00284259,-0.08452251,0.03349179,0.99585449,9.70263,3.85240,-0.00000,18.35000,275.4778,2.8000
267.3698,666.6910,871.4049,113.0687,0.00283518,-0.08448489,0.03341946,0.99586013,9.69828,3.84407,0.00000,18.35000,275.5499,2.8000
267.6198,666.8079,873.0038,112.9963,0.00282749,-0.08444781,0.03334364,0.99586584,9.69399,3.83533,0.00000,18.35000,275.6649,2.8000
267.8698,666.9144,874.5984,112.9274,0.00281951,-0.08441110,0.03326425,0.99587163,9.68974,3.82618,-0.00000,18.35000,275.7887,2.8000
268.1198,667.0114,876.1886,112.8621,0.00281124,-0.08437458,0.03318123,0.99587752,9.68551,3.81662,0.00000,18.35000,275.9203,2.8000
268.3698,667.1011,877.7711,112.8007,0.00280269,-0.08433884,0.03309457,0.99588345,9.68137,3.80663,0.00000,18.35000,276.0526,2.8000
268.6198,667.1856,879.3428,112.7439,0.00279390,-0.08430449,0.03300437,0.99588938,9.67739,3.79624,-0.00000,18.35000,276.1834,2.8000
268.8698,667.2652,880.9038,112.6914,0.00278487,-0.08427135,0.03291081,0.99589531,9.67354,3.78547,-0.00000,18.35000,276.3179,2.8000
269.1198,667.3404,882.4544,112.6431,0.00277561,-0.08423926,0.03281405,0.99590124,9.66982,3.77432,-0.00000,18.35000,276.4556,2.8000
269.3698,667.4141,883.9953,112.6000,0.00276616,-0.08420961,0.03271406,0.99590706,9.66637,3.76281,0.00000,18.35000,276.5753,2.8000
269.6198,667.4891,885.5273,112.5636,0.00275657,-0.08418390,0.03261079,0.99591265,9.66338,3.75092,-0.00000,18.35000,276.6718,2.8000
269.8698,667.5652,887.0516,112.5335,0.00274684,-0.08416188,0.03250430,0.99591802,9.66082,3.73866,-0.00000,18.35000,276.7645,2.8000
270.1199,667.6424,888.5703,112.5092,0.00273694,-0.08414330,0.03239458,0.99592319,9.65864,3.72603,-0.00000,18.35000,276.8535,2.8000
270.3699,667.7240,890.0866,112.4921,0.00272694,-0.08412957,0.03228162,0.99592805,9.65703,3.71303,-0.00000,18.35000,276.9116,2.8000
270.6199,667.8132,891.6040,112.4837,0.00271687,-0.08412216,0.03216533,0.99593246,9.65614,3.69964,-0.00000,18.35000,276.9328,2.8000
270.8699,667.9092,893.1217,112.4835,0.00270669,-0.08412076,0.03204548,0.99593647,9.65594,3.68585,-0.00000,18.35000,276.9431,2.8000
271.1199,668.0111,894.6391,112.4909,0.00269638,-0.08412506,0.03192187,0.99594011,9.65640,3.67163,-0.00000,18.35000,276.9434,2.8000
271.3699,668.1188,896.1528,112.5079,0.00268601,-0.08413431,0.03179576,0.99594339,9.65742,3.65712,-0.00000,18.35000,276.9081,2.8000
271.6199,668.2322,897.6599,112.5365,0.00267568,-0.08414770,0.03166855,0.99594634,9.65892,3.64249,-0.00000,18.35000,276.8367,2.8000
271.8699,668.3507,899.1603,112.5759,0.00266537,-0.08416486,0.03154019,0.99594899,9.66086,3.62773,-0.00000,18.35000,276.7582,2.8000
272.1199,668.4738,900.6540,112.6254,0.00265507,-0.08418544,0.03141063,0.99595137,9.66319,3.61283,-0.00000,18.35000,276.6734,2.8000
272.3699,668.6040,902.1418,112.6816,0.00264486,-0.08420939,0.03128100,0.99595345,9.66590,3.59792,-0.00000,18.35000,276.5684,2.8000
272.6199,668.7435,903.6248,112.7415,0.00263484,-0.08423675,0.03115250,0.99595519,9.66901,3.58314,0.00000,18.35000,276.4398,2.8000
272.8699,668.8916,905.1026,112.8052,0.00262501,-0.08426739,0.03102495,0.99595661,9.67250,3.56848,-0.00000,18.35000,276.3014,2.8000
273.1199,669.0476,906.5751,112.8728,0.00261533,-0.08430117,0.03089819,0.99595772,9.67635,3.55390,0.00000,18.35000,276.1540,2.8000
273.3699,669.2120,908.0422,112.9422,0.00260580,-0.08433765,0.03077232,0.99595855,9.68050,3.53943,0.00000,18.35000,275.9959,2.8000
273.6199,669.3857,909.5041,113.0115,0.00259641,-0.08437643,0.03064745,0.99595914,9.68493,3.52508,-0.00000,18.35000,275.8266,2.8000
273.8750,669.5542,910.9919,113.0825,0.00258696,-0.08441820,0.03052073,0.99595952,9.68970,3.51051,-0.00000,18.35000,275.6628,2.8000
274.1250,669.7084,912.4429,113.1533,0.00257780,-0.08446127,0.03039724,0.99595967,9.69462,3.49631,-0.00000,18.35000,275.5094,2.8000
274.3750,669.8516,913.8878,113.2235,0.00256873,-0.08450533,0.03027448,0.99595969,9.69965,3.48220,-0.00000,18.35000,275.3368,2.8000
274.6251,669.9833,915.3257,113.2917,0.00255972,-0.08454932,0.03015258,0.99595968,9.70467,3.46819,-0.00000,18.35000,275.1450,2.8000
274.8751,670.1047,916.7562,113.3588,0.00255076,-0.08459321,0.03003137,0.99595964,9.70969,3.45426,0.00000,18.35000,274.9639,2.8000
275.1251,670.2170,918.1791,113.4257,0.00254182,-0.08463694,0.02991069,0.99595958,9.71468,3.44038,-0.00000,18.35000,274.7923,2.8000
275.3751,670.3190,919.5928,113.4909,0.00253287,-0.08467907,0.02979059,0.99595962,9.71950,3.42658,-0.00000,18.35000,274.6049,2.8000
275.6251,670.4096,920.9959,113.5533,0.00252388,-0.08471823,0.02967110,0.99595988,9.72397,3.41284,-0.00000,18.35000,274.4038,2.8000
275.8751,670.4904,922.3885,113.6137,0.00251483,-0.08475443,0.02955214,0.99596036,9.72810,3.39916,-0.00000,18.35000,274.2142,2.8000
276.1251,670.5626,923.7689,113.6701,0.00250574,-0.08478775,0.02943370,0.99596105,9.73190,3.38555,-0.00000,18.35000,274.0353,2.8000
276.3751,670.6244,925.1367,113.7164,0.00249648,-0.08481722,0.02931483,0.99596207,9.73525,3.37188,0.00000,18.35000,273.9139,2.8000
276.6251,670.6742,926.4931,113.7508,0.00248697,-0.08484197,0.02919465,0.99596352,9.73807,3.35806,-0.00000,18.35000,273.8500,2.8000
276.8751,670.7133,927.8381,113.7758,0.00247722,-0.08486229,0.02907324,0.99596536,9.74037,3.34409,0.00000,18.35000,273.7973,2.8000
277.1251,670.7429,929.1716,113.7937,0.00246723,-0.08487841,0.02895066,0.99596758,9.74219,3.33000,-0.00000,18.35000,273.7542,2.8000
277.3751,670.7637,930.4942,113.8012,0.00245699,-0.08489003,0.02882654,0.99597022,9.74349,3.31572,-0.00000,18.35000,273.7295,2.8000
277.6251,670.7763,931.8064,113.7960,0.00244643,-0.08489691,0.02870049,0.99597330,9.74425,3.30122,0.00000,18.35000,273.7230,2.8000
277.8751,670.7820,933.1080,113.7812,0.00243559,-0.08489939,0.02857254,0.99597679,9.74450,3.28650,-0.00000,18.35000,273.7248,2.8000
278.1251,670.7852,934.3991,113.7595,0.00242447,-0.08489772,0.02844275,0.99598068,9.74427,3.27156,-0.00000,18.35000,273.7299,2.8000
278.3751,670.7999,935.6803,113.7297,0.00241313,-0.08489210,0.02831166,0.99598492,9.74358,3.25648,-0.00000,18.35000,273.7058,2.8000
278.6251,670.8261,936.9523,113.6899,0.00240161,-0.08488277,0.02817980,0.99598948,9.74247,3.24130,-0.00000,18.35000,273.6524,2.8000
278.8751,670.8579,938.2154,113.6421,0.00238993,-0.08487005,0.02804706,0.99599434,9.74097,3.22603,0.00000,18.35000,273.5936,2.8000
279.1251,670.8822,939.4696,113.5884,0.00237808,-0.08485415,0.02791335,0.99599948,9.73911,3.21064,0.00000,18.35000,273.5422,2.8000
279.3751,670.9030,940.7162,113.5265,0.00236609,-0.08483438,0.02777925,0.99600494,9.73680,3.19521,0.00000,18.35000,273.5175,2.8000
279.6251,670.9244,941.9563,113.4539,0.00235399,-0.08481020,0.02764529,0.99601076,9.73398,3.17979,-0.00000,18.35000,273.5161,2.8000
279.8751,670.9463,943.1896,113.3722,0.00234179,-0.08478196,0.02751129,0.99601690,9.73069,3.16436,-0.00000,18.35000,273.5145,2.8000
280.1251,670.9685,944.4157,113.2829,0.00232947,-0.08474995,0.02737708,0.99602335,9.72697,3.14891,-0.00000,18.35000,273.5126,2.8000
280.3751,670.9971,945.6357,113.1852,0.00231708,-0.08471449,0.02724301,0.99603007,9.72286,3.13348,0.00000,18.35000,273.5609,2.8000
280.6251,671.0379,946.8507,113.0784,0.00230465,-0.08467593,0.02710942,0.99603702,9.71839,3.11810,0.00000,18.35000,273.6541,2.8000
280.8751,671.0897,948.0603,112.9637,0.00229218,-0.08463461,0.02697611,0.99604418,9.71360,3.10275,0.00000,18.35000,273.7364,2.8000
281.1251,671.1516,949.2619,112.8423,0.00227967,-0.08459083,0.02684298,0.99605153,9.70852,3.08743,0.00000,18.35000,273.8089,2.8000
281.3751,671.2253,950.4546,112.7200,0.00226721,-0.08454769,0.02671012,0.99605879,9.70353,3.07213,-0.00000,18.35000,273.9091,2.8000
281.6251,671.3123,951.6388,112.6022,0.00225489,-0.08450811,0.02657758,0.99606572,9.69894,3.05687,0.00000,18.35000,274.0341,2.8000
281.8751,671.4113,952.8142,112.4889,0.00224269,-0.08447194,0.02644530,0.99607234,9.69474,3.04164,-0.00000,18.35000,274.1453,2.8000
282.1251,671.5214,953.9807,112.3800,0.00223061,-0.08443903,0.02631319,0.99607866,9.69092,3.02644,-0.00000,18.35000,274.2436,2.8000
282.3752,671.6450,955.1403,112.2786,0.00221861,-0.08440997,0.02618085,0.99608463,9.68755,3.01120,-0.00000,18.35000,274.3171,2.8000
282.6252,671.7743,956.2951,112.1878,0.00220668,-0.08438521,0.02604779,0.99609025,9.68466,2.99589,0.00000,18.35000,274.3732,2.8000
282.8752,671.9020,957.4447,112.1073,0.00219477,-0.08436434,0.02591377,0.99609554,9.68223,2.98047,-0.00000,18.35000,274.4280,2.8000
283.1252,672.0281,958.5888,112.0364,0.00218286,-0.08434702,0.02577857,0.99610054,9.68020,2.96491,-0.00000,18.35000,274.4819,2.8000
283.3752,672.1515,959.7232,111.9783,0.00217087,-0.08433330,0.02564130,0.99610527,9.67859,2.94911,-0.00000,18.35000,274.5043,2.8000
283.6252,672.2716,960.8443,111.9358,0.00215874,-0.08432318,0.02550119,0.99610975,9.67739,2.93299,0.00000,18.35000,274.4958,2.8000
283.8752,672.3884,961.9523,111.9079,0.00214646,-0.08431612,0.02535835,0.99611402,9.67654,2.91656,0.00000,18.35000,274.4872,2.8000
284.1252,672.5022,963.0472,111.8938,0.00213402,-0.08431167,0.02521285,0.99611812,9.67599,2.89982,-0.00000,18.35000,274.4784,2.8000
284.3752,672.6117,964.1280,111.8948,0.00212135,-0.08431178,0.02506325,0.99612191,9.67597,2.88261,0.00000,18.35000,274.4776,2.8000
284.6252,672.7162,965.1934,111.9121,0.00210839,-0.08431837,0.02490820,0.99612527,9.67669,2.86477,0.00000,18.35000,274.4854,2.8000
284.8752,672.8157,966.2436,111.9445,0.00209512,-0.08433083,0.02474791,0.99612824,9.67808,2.84634,-0.00000,18.35000,274.4942,2.8000
285.1252,672.9106,967.2789,111.9907,0.00208156,-0.08434863,0.02458257,0.99613085,9.68009,2.82732,-0.00000,18.35000,274.5039,2.8000
285.3752,673.0000,968.2993,112.0492,0.00206764,-0.08437273,0.02441130,0.99613305,9.68282,2.80763,0.00000,18.35000,274.5288,2.8000
285.6252,673.0827,969.3047,112.1188,0.00205332,-0.08440406,0.02423328,0.99613477,9.68639,2.78715,-0.00000,18.35000,274.5703,2.8000
285.8752,673.1590,970.2952,112.1993,0.00203860,-0.08444212,0.02404873,0.99613605,9.69072,2.76593,0.00000,18.35000,274.6152,2.8000
286.1252,673.2293,971.2712,112.2903,0.00202348,-0.08448643,0.02385786,0.99613691,9.69577,2.74399,-0.00000,18.35000,274.6631,2.8000
286.3752,673.2931,972.2309,112.3880,0.00200798,-0.08453408,0.02366169,0.99613758,9.70121,2.72143,0.00000,18.35000,274.6958,2.8000
286.6252,673.3498,973.1729,112.4890,0.00199210,-0.08458235,0.02346130,0.99613826,9.70672,2.69839,-0.00000,18.35000,274.7155,2.8000
286.8752,673.3999,974.0976,112.5937,0.00197589,-0.08463107,0.02325694,0.99613894,9.71227,2.67489,-0.00000,18.35000,274.7415,2.8000
287.1252,673.4437,975.0055,112.7028,0.00195934,-0.08468005,0.02304885,0.99613965,9.71786,2.65097,-0.00000,18.35000,274.7732,2.8000
287.3752,673.4814,975.8965,112.8086,0.00194250,-0.08472874,0.02283757,0.99614041,9.72341,2.62667,-0.00000,18.35000,274.8047,2.8000
287.6252,673.5133,976.7703,112.9103,0.00192538,-0.08477660,0.02262361,0.99614125,9.72887,2.60207,-0.00000,18.35000,274.8359,2.8000
287.8752,673.5393,977.6273,113.0084,0.00190802,-0.08482371,0.02240718,0.99614217,9.73424,2.57718,-0.00000,18.35000,274.8737,2.8000
288.1252,673.5598,978.4678,113.1033,0.00189043,-0.08487014,0.02218847,0.99614314,9.73954,2.55203,-0.00000,18.35000,274.9179,2.8000
288.3752,673.5749,979.2915,113.1939,0.00187263,-0.08491524,0.02196790,0.99614422,9.74468,2.52667,-0.00000,18.35000,274.9555,2.8000
288.6252,673.5848,980.0981,113.2796,0.00185464,-0.08495839,0.02174589,0.99614545,9.74959,2.50114,0.00000,18.35000,274.9863,2.8000
288.8752,673.5896,980.8878,113.3605,0.00183649,-0.08499973,0.02152260,0.99614680,9.75430,2.47546,0.00000,18.35000,275.0230,2.8000
289.1252,673.5893,981.6610,113.4373,0.00181819,-0.08503938,0.02129818,0.99614828,9.75881,2.44965,0.00000,18.35000,275.0653,2.8000
289.3752,673.5847,982.4179,113.5067,0.00179973,-0.08507538,0.02107304,0.99615002,9.76291,2.42376,-0.00000,18.35000,275.0878,2.8000
289.6252,673.5766,983.1588,113.5663,0.00178111,-0.08510589,0.02084759,0.99615219,9.76637,2.39784,0.00000,18.35000,275.0904,2.8000
289.8752,673.5723,983.8839,113.6169,0.00176235,-0.08513130,0.02062194,0.99615475,9.76925,2.37188,-0.00000,18.35000,275.0912,2.8000
290.1253,673.5768,984.5932,113.6594,0.00174347,-0.08515195,0.02039618,0.99615767,9.77158,2.34592,-0.00000,18.35000,275.0848,2.8000
290.3753,673.5878,985.2867,113.6909,0.00172448,-0.08516684,0.02017052,0.99616102,9.77325,2.31996,-0.00000,18.35000,275.0557,2.8000
290.6253,673.6035,985.9644,113.7093,0.00170537,-0.08517502,0.01994512,0.99616490,9.77414,2.29403,-0.00000,18.35000,275.0059,2.8000
290.8753,673.6237,986.6265,113.7170,0.00168615,-0.08517693,0.01972007,0.99616925,9.77432,2.26815,-0.00000,18.35000,274.9536,2.8000
291.1253,673.6482,987.2728,113.7159,0.00166686,-0.08517296,0.01949545,0.99617404,9.77382,2.24231,-0.00000,18.35000,274.8986,2.8000
291.3753,673.6759,987.9028,113.7057,0.00164750,-0.08516430,0.01927106,0.99617918,9.77278,2.21649,-0.00000,18.35000,274.8417,2.8000
291.6253,673.7060,988.5155,113.6858,0.00162808,-0.08515214,0.01904674,0.99618456,9.77134,2.19069,0.00000,18.35000,274.7833,2.8000
291.8753,673.7389,989.1112,113.6585,0.00160862,-0.08513676,0.01882260,0.99619017,9.76953,2.16490,-0.00000,18.35000,274.7231,2.8000
292.1253,673.7746,989.6901,113.6259,0.00158914,-0.08511840,0.01859877,0.99619597,9.76737,2.13915,-0.00000,18.35000,274.6604,2.8000
292.3753,673.8125,990.2520,113.5868,0.00156962,-0.08509710,0.01837502,0.99620198,9.76488,2.11341,0.00000,18.35000,274.5961,2.8000
292.6253,673.8522,990.7965,113.5402,0.00155005,-0.08507293,0.01815118,0.99620818,9.76206,2.08766,-0.00000,18.35000,274.5306,2.8000
292.8753,673.8942,991.3240,113.4880,0.00153045,-0.08504613,0.01792736,0.99621455,9.75894,2.06191,-0.00000,18.35000,274.4634,2.8000
293.1253,673.9387,991.8347,113.4320,0.00151082,-0.08501686,0.01770367,0.99622108,9.75553,2.03617,-0.00000,18.35000,274.3938,2.8000
293.3753,673.9864,992.3292,113.3741,0.00149115,-0.08498634,0.01747955,0.99622767,9.75198,2.01039,-0.00000,18.35000,274.3857,2.8000
293.6253,674.0381,992.8081,113.3154,0.00147140,-0.08495576,0.01725443,0.99623423,9.74843,1.98449,0.00000,18.35000,274.4379,2.8000
293.8753,674.0936,993.2716,113.2568,0.00145159,-0.08492513,0.01702837,0.99624076,9.74487,1.95848,-0.00000,18.35000,274.4852,2.8000
294.1253,674.1531,993.7197,113.1993,0.00143172,-0.08489442,0.01680141,0.99624726,9.74130,1.93237,0.00000,18.35000,274.5274,2.8000
294.3753,674.2172,994.1538,113.1412,0.00141177,-0.08486412,0.01657329,0.99625369,9.73777,1.90612,-0.00000,18.35000,274.6237,2.8000
294.6253,674.2868,994.5751,113.0807,0.00139172,-0.08483472,0.01634370,0.99626001,9.73435,1.87971,-0.00000,18.35000,274.7731,2.8000
294.8753,674.3463,994.9835,113.0186,0.00137157,-0.08480620,0.01611260,0.99626623,9.73104,1.85313,0.00000,18.35000,274.9315,2.8000
295.1253,674.3925,995.3788,112.9557,0.00135132,-0.08477848,0.01587997,0.99627236,9.72781,1.82636,-0.00000,18.35000,275.1018,2.8000
295.3753,674.4268,995.7617,112.8933,0.00133096,-0.08475159,0.01564584,0.99627838,9.72468,1.79943,0.00000,18.35000,275.2984,2.8000
295.6253,674.4506,996.1329,112.8325,0.00131051,-0.08472555,0.01541025,0.99628429,9.72165,1.77233,-0.00000,18.35000,275.5196,2.8000
295.8753,674.4648,996.4921,112.7738,0.00128995,-0.08470021,0.01517313,0.99629011,9.71870,1.74505,0.00000,18.35000,275.7487,2.8000
296.1253,674.4701,996.8389,112.7174,0.00126928,-0.08467542,0.01493440,0.99629585,9.71582,1.71759,-0.00000,18.35000,275.9847,2.8000
296.3753,674.4693,997.1741,112.6650,0.00124851,-0.08465156,0.01469427,0.99630148,9.71304,1.68997,-0.00000,18.35000,276.1896,2.8000
296.6253,674.4647,997.4982,112.6177,0.00122767,-0.08462899,0.01445289,0.99630695,9.71041,1.66220,0.00000,18.35000,276.3611,2.8000
296.8753,674.4567,997.8109,112.5753,0.00120674,-0.08460752,0.01421015,0.99631229,9.70790,1.63428,-0.00000,18.35000,276.5341,2.8000
297.1253,674.4455,998.1117,112.5375,0.00118570,-0.08458696,0.01396596,0.99631752,9.70550,1.60619,-0.00000,18.35000,276.7082,2.8000
297.3753,674.4339,998.4016,112.5094,0.00116463,-0.08456900,0.01372067,0.99632247,9.70341,1.57798,0.00000,18.35000,276.8300,2.8000
297.6253,674.4244,998.6815,112.4957,0.00114355,-0.08455518,0.01347462,0.99632703,9.70178,1.54968,-0.00000,18.35000,276.8967,2.8000
297.8754,674.4165,998.9509,112.4954,0.00112245,-0.08454504,0.01322762,0.99633122,9.70058,1.52127,-0.00000,18.35000,276.9582,2.8000
298.1254,674.4101,999.2094,112.5074,0.00110130,-0.08453816,0.01297952,0.99633509,9.69976,1.49273,-0.00000,18.35000,277.0149,2.8000
298.3754,674.4074,999.4599,112.5312,0.00108016,-0.08453483,0.01273090,0.99633861,9.69935,1.46413,0.00000,18.35000,277.0607,2.8000
298.6254,674.4103,999.7049,112.5666,0.00105906,-0.08453536,0.01248222,0.99634173,9.69938,1.43553,-0.00000,18.35000,277.0935,2.8000
298.8754,674.4183,999.9438,112.6127,0.00103797,-0.08453937,0.01223312,0.99634450,9.69981,1.40688,0.00000,18.35000,277.1182,2.8000
299.1254,674.4308,1000.1758,112.6688,0.00101686,-0.08454656,0.01198327,0.99634695,9.70060,1.37815,-0.00000,18.35000,277.1353,2.8000
299.3754,674.4547,1000.3987,112.7333,0.00099579,-0.08455858,0.01173329,0.99634893,9.70196,1.34940,-0.00000,18.35000,277.1263,2.8000
299.6270,674.4966,1000.6120,112.8057,0.00097469,-0.08457720,0.01148222,0.99635029,9.70407,1.32053,-0.00000,18.35000,277.0860,2.8000
299.8770,674.5544,1000.8124,112.8857,0.00095382,-0.08460198,0.01123309,0.99635105,9.70689,1.29188,-0.00000,18.35000,277.0285,2.8000
